[marking 0x36ce11086571 <JSFunction isPosixPathSeparator (sfi = 0x6cdfbd92d91)> for optimization to MAGLEV, ConcurrencyMode::kConcurrent, reason: hot and stable]
[compiling method 0x36ce11086571 <JSFunction isPosixPathSeparator (sfi = 0x6cdfbd92d91)> (target MAGLEV), mode: ConcurrencyMode::kConcurrent]
[completed compiling 0x36ce11086571 <JSFunction isPosixPathSeparator (sfi = 0x6cdfbd92d91)> (target MAGLEV) - took 0.002, 0.627, 0.003 ms]
[marking 0x36ce11086699 <JSFunction normalizeString (sfi = 0x6cdfbd92fd1)> for optimization to MAGLEV, ConcurrencyMode::kConcurrent, reason: hot and stable]
[57757:0xd52a000]       91 ms: Scavenge 5.6 (6.2) -> 5.0 (7.2) MB, pooled: 0 MB, 0.93 / 0.00 ms  (average mu = 1.000, current mu = 1.000) allocation failure; 
[marking 0x29cc44044561 <JSFunction requireBuiltin (sfi = 0x3eb518e0bf51)> for optimization to MAGLEV, ConcurrencyMode::kConcurrent, reason: hot and stable]
[compiling method 0x29cc44044561 <JSFunction requireBuiltin (sfi = 0x3eb518e0bf51)> (target MAGLEV), mode: ConcurrencyMode::kConcurrent]
[compiling method 0x36ce11086699 <JSFunction normalizeString (sfi = 0x6cdfbd92fd1)> (target MAGLEV), mode: ConcurrencyMode::kConcurrent]
[completed compiling 0x29cc44044561 <JSFunction requireBuiltin (sfi = 0x3eb518e0bf51)> (target MAGLEV) - took 0.001, 0.596, 0.017 ms]
[completed compiling 0x36ce11086699 <JSFunction normalizeString (sfi = 0x6cdfbd92fd1)> (target MAGLEV) - took 0.000, 3.529, 0.003 ms]
[marking 0x0fd464634cd9 <JSFunction (sfi = 0x1325f3f0f09)> for optimization to MAGLEV, ConcurrencyMode::kConcurrent, reason: hot and stable]
[compiling method 0x0fd464634f91 <JSFunction (sfi = 0x1325f3f0f09)> (target MAGLEV), mode: ConcurrencyMode::kConcurrent]
[completed compiling 0x0fd464634f91 <JSFunction (sfi = 0x1325f3f0f09)> (target MAGLEV) - took 0.001, 0.236, 0.001 ms]
[57757:0xd52a000]      128 ms: Scavenge 6.0 (8.5) -> 5.6 (10.7) MB, pooled: 0 MB, 3.41 / 0.00 ms  (average mu = 1.000, current mu = 1.000) allocation failure; 
[marking 0x06b026ced1e1 <JSFunction patternFor (sfi = 0x355de8aac079)> for optimization to MAGLEV, ConcurrencyMode::kConcurrent, reason: hot and stable]
[compiling method 0x06b026ced1e1 <JSFunction patternFor (sfi = 0x355de8aac079)> (target MAGLEV), mode: ConcurrencyMode::kConcurrent]
[completed compiling 0x06b026ced1e1 <JSFunction patternFor (sfi = 0x355de8aac079)> (target MAGLEV) - took 0.000, 0.358, 0.002 ms]
[marking 0x06b026ce3289 <JSFunction nameFilter (sfi = 0x355de8aabfe9)> for optimization to MAGLEV, ConcurrencyMode::kConcurrent, reason: hot and stable]
[compiling method 0x06b026ce3289 <JSFunction nameFilter (sfi = 0x355de8aabfe9)> (target MAGLEV), mode: ConcurrencyMode::kConcurrent]
[marking 0x1faa22a87089 <JSFunction (sfi = 0x355de8ab3ae1)> for optimization to MAGLEV, ConcurrencyMode::kConcurrent, reason: hot and stable]
[compiling method 0x1faa22a87089 <JSFunction (sfi = 0x355de8ab3ae1)> (target MAGLEV), mode: ConcurrencyMode::kConcurrent]
[marking 0x1752e52093e9 <JSFunction label (sfi = 0x29cc44068949)> for optimization to MAGLEV, ConcurrencyMode::kConcurrent, reason: hot and stable]
[compiling method 0x1752e52093e9 <JSFunction label (sfi = 0x29cc44068949)> (target MAGLEV), mode: ConcurrencyMode::kConcurrent]
[completed compiling 0x06b026ce3289 <JSFunction nameFilter (sfi = 0x355de8aabfe9)> (target MAGLEV) - took 0.001, 2.797, 0.032 ms]
[completed compiling 0x1faa22a87089 <JSFunction (sfi = 0x355de8ab3ae1)> (target MAGLEV) - took 0.000, 0.445, 0.010 ms]
[completed compiling 0x1752e52093e9 <JSFunction label (sfi = 0x29cc44068949)> (target MAGLEV) - took 0.000, 0.124, 0.002 ms]
[bailout (kind: deopt-eager, reason: Insufficient type feedback for compare operation): begin. deoptimizing 0x06b026ce3289 <JSFunction nameFilter (sfi = 0x355de8aabfe9)>, 0x0400e3eb73a1 <Code MAGLEV>, opt id 5, bytecode offset 71, deopt exit 16, FP to SP delta 88, caller SP 0x7fffb599a4c0, pc 0x7f6bac01d85c]
CORPORA_CACHE_VERIFIED {"sources": [{"id": "male", "url": "https://www2.census.gov/topics/genealogy/1990surnames/dist.male.first", "bytes": 42665, "sha256": "0a5078ef6effe3b483d15b0f7f95047662126c9bfb624ecd5e5b978fc0f2470b"}, {"id": "female", "url": "https://www2.census.gov/topics/genealogy/1990surnames/dist.female.first", "bytes": 149625, "sha256": "bd2f310fc4e5d5e5ea122c9d4342c9821145823118eb20db1647f305ec77b358"}, {"id": "last", "url": "https://www2.census.gov/topics/genealogy/1990surnames/dist.all.last", "bytes": 3107965, "sha256": "b0e2b3743ccbad641ca48b344c24cdebcd1d9a1f76dc6dbf05986f2919f0b4e1"}, {"id": "words", "url": "https://raw.githubusercontent.com/first20hours/google-10000-english/master/google-10000-english.txt", "bytes": 75888, "sha256": "9c965d384526facc59260e94f8ccff1582633fa385004abe1455ed457062acbc"}, {"id": "places", "url": "https://download.geonames.org/export/dump/cities15000.zip", "bytes": 3360467, "sha256": "865724f89e3274c5172df2f6068596dfb25bb604737ac2711b5ca6d31aebbf32"}], "outputs": [{"file": "names.json", "count": 20000, "bytes": 1178061, "sha256": "98ea30b5406ed5abdf5587dc3d4117ad0c4f60208657eb3317fe0b6007eeedab"}, {"file": "words.json", "count": 10000, "bytes": 534784, "sha256": "458a956fc9c3c415eb44b23394d88ddf18e26fb9fd3ca116e26f6c7dae6449a3"}, {"file": "places.json", "count": 2000, "bytes": 187002, "sha256": "3e865402f14e284327d6c69b807008faef092dfcb7841322d40eaf0da9324cac"}], "selection": "5000 unique 1990 given names by max sex-specific frequency; append highest-ranked distinct surnames to 20000; all 10000 English entries unfiltered; 2000 unique GeoNames city names by descending population. No moderation-based exclusions."}

[57757:0xd52a000]      582 ms: Scavenge 9.3 (12.4) -> 8.2 (12.9) MB, pooled: 0 MB, 17.68 / 0.12 ms  (average mu = 1.000, current mu = 1.000) allocation failure; 
[57757:0xd52a000]      634 ms: Scavenge 10.6 (13.9) -> 10.6 (18.6) MB, pooled: 0 MB, 7.30 / 0.00 ms  (average mu = 1.000, current mu = 1.000) allocation failure; 
{"name":"public-corpus-acquisition","cases":1,"passed":1,"seed":null,"command":"node tests/run.mjs"}
[marking 0x0862ee2e4d49 <JSFunction wrappedFn (sfi = 0x3eb518e10539)> for optimization to MAGLEV, ConcurrencyMode::kConcurrent, reason: hot and stable]
[compiling method 0x0862ee2e5941 <JSFunction wrappedFn (sfi = 0x3eb518e10539)> (target MAGLEV), mode: ConcurrencyMode::kConcurrent]
[completed compiling 0x0862ee2e5941 <JSFunction wrappedFn (sfi = 0x3eb518e10539)> (target MAGLEV) - took 0.001, 0.328, 0.003 ms]
{"name":"delivery-file-size-and-checksums","cases":2,"passed":1,"seed":1,"command":"node tests/run.mjs","files":68,"checked":45,"failures":["Manifest must include every delivery source/document file in canonical order."],"rootManifestPresent":true,"maxFileBytes":687375}
{"name":"immutable-return-values","cases":3,"passed":3,"seed":1,"command":"node tests/run.mjs"}
{"name":"policy-copy-consistency-and-no-duplicate-terms","cases":3,"passed":3,"seed":1,"command":"node tests/run.mjs"}
{"name":"strict-TypeScript","cases":1,"passed":1,"seed":1,"command":"tsc -p tsconfig.json --noEmit","output":""}
[marking 0x1f95a84f5969 <JSFunction (sfi = 0x15ca0219e21)> for optimization to MAGLEV, ConcurrencyMode::kConcurrent, reason: hot and stable]
[compiling method 0x1f95a84f5969 <JSFunction (sfi = 0x15ca0219e21)> (target MAGLEV), mode: ConcurrencyMode::kConcurrent]
[completed compiling 0x1f95a84f5969 <JSFunction (sfi = 0x15ca0219e21)> (target MAGLEV) - took 0.000, 0.307, 0.008 ms]
[marking 0x313a8d993281 <JSFunction pick (sfi = 0x29cc44068799)> for optimization to MAGLEV, ConcurrencyMode::kConcurrent, reason: hot and stable]
[compiling method 0x313a8d993281 <JSFunction pick (sfi = 0x29cc44068799)> (target MAGLEV), mode: ConcurrencyMode::kConcurrent]
[completed compiling 0x313a8d993281 <JSFunction pick (sfi = 0x29cc44068799)> (target MAGLEV) - took 0.000, 0.413, 0.014 ms]
[marking 0x2232ee28a2b9 <JSFunction makeObfuscations (sfi = 0x29cc440687e1)> for optimization to MAGLEV, ConcurrencyMode::kConcurrent, reason: hot and stable]
[compiling method 0x2232ee28a2b9 <JSFunction makeObfuscations (sfi = 0x29cc440687e1)> (target MAGLEV) OSR, mode: ConcurrencyMode::kConcurrent]
[marking 0x1f95a84f5969 <JSFunction (sfi = 0x15ca0219e21)> for optimization to TURBOFAN_JS, ConcurrencyMode::kConcurrent, reason: hot and stable]
[compiling method 0x1f95a84f5969 <JSFunction (sfi = 0x15ca0219e21)> (target TURBOFAN_JS), mode: ConcurrencyMode::kConcurrent]
[completed compiling 0x2232ee28a2b9 <JSFunction makeObfuscations (sfi = 0x29cc440687e1)> (target MAGLEV) OSR - took 0.001, 3.942, 0.036 ms]
[compiling method 0x2232ee28a2b9 <JSFunction makeObfuscations (sfi = 0x29cc440687e1)> (target TURBOFAN_JS) OSR, mode: ConcurrencyMode::kConcurrent]
[57757:0xd52a000]     2316 ms: Scavenge 14.0 (19.1) -> 11.7 (20.0) MB, pooled: 0 MB, 10.54 / 0.06 ms  (average mu = 1.000, current mu = 1.000) allocation failure; 
[completed compiling 0x1f0290c40039 <JSFunction (sfi = 0x15ca0219e21)> (target TURBOFAN_JS) - took 0.018, 24.301, 0.032 ms]
[completed optimizing 0x1f0290c40039 <JSFunction (sfi = 0x15ca0219e21)> (target TURBOFAN_JS)]
[57757:0xd52a000]     2343 ms: Scavenge 15.0 (20.0) -> 11.9 (21.0) MB, pooled: 0 MB, 12.21 / 0.00 ms  (average mu = 1.000, current mu = 1.000) allocation failure; 
[57757:0xd52a000]     2358 ms: Scavenge 15.6 (21.0) -> 12.1 (21.0) MB, pooled: 0 MB, 1.49 / 0.00 ms  (average mu = 1.000, current mu = 1.000) allocation failure; 
[bailout (kind: deopt-eager, reason: Insufficient type feedback for compare operation): begin. deoptimizing 0x2232ee28a2b9 <JSFunction makeObfuscations (sfi = 0x29cc440687e1)>, 0x0400e3ebc8e1 <Code MAGLEV>, opt id 12, bytecode offset 774, deopt exit 56, FP to SP delta 296, caller SP 0x7fffb599a748, pc 0x7f6bac028326]
[compiling method 0x27de3c78bbe1 <JSFunction (sfi = 0x15ca0219e21)> (target TURBOFAN_JS), mode: ConcurrencyMode::kConcurrent]
[bailout (kind: deopt-eager, reason: wrong call target): begin. deoptimizing 0x313a8d993281 <JSFunction pick (sfi = 0x29cc44068799)>, 0x0400e3eba499 <Code MAGLEV>, opt id 10, bytecode offset 9, deopt exit 0, FP to SP delta 24, caller SP 0x7fffb599a600, pc 0x7f6bac0258f1]
[bailout (kind: deopt-eager, reason: wrong call target): begin. deoptimizing 0x2232ee28a2b9 <JSFunction makeObfuscations (sfi = 0x29cc440687e1)>, 0x0400e3ebc8e1 <Code MAGLEV>, opt id 12, bytecode offset 27, deopt exit 7, FP to SP delta 296, caller SP 0x7fffb599a748, pc 0x7f6bac028262]
[marking 0x313a8d993281 <JSFunction pick (sfi = 0x29cc44068799)> for optimization to MAGLEV, ConcurrencyMode::kConcurrent, reason: hot and stable]
[compiling method 0x313a8d993281 <JSFunction pick (sfi = 0x29cc44068799)> (target MAGLEV), mode: ConcurrencyMode::kConcurrent]
[completed compiling 0x27de3c78bbe1 <JSFunction (sfi = 0x15ca0219e21)> (target TURBOFAN_JS) - took 0.009, 1.176, 0.026 ms]
[completed optimizing 0x27de3c78bbe1 <JSFunction (sfi = 0x15ca0219e21)> (target TURBOFAN_JS)]
[completed compiling 0x313a8d993281 <JSFunction pick (sfi = 0x29cc44068799)> (target MAGLEV) - took 0.001, 0.323, 0.006 ms]
[completed compiling 0x2232ee28a2b9 <JSFunction makeObfuscations (sfi = 0x29cc440687e1)> (target TURBOFAN_JS) OSR - took 0.013, 64.303, 0.069 ms]
[completed optimizing 0x2232ee28a2b9 <JSFunction makeObfuscations (sfi = 0x29cc440687e1)> (target TURBOFAN_JS) OSR]
[bailout (kind: deopt-eager, reason: wrong call target): begin. deoptimizing 0x2232ee28a2b9 <JSFunction makeObfuscations (sfi = 0x29cc440687e1)>, 0x0400e3ebf3c9 <Code TURBOFAN_JS>, opt id 13, bytecode offset 27, deopt exit 40, FP to SP delta 456, caller SP 0x7fffb599a748, pc 0x7f6bac060483]
[marking 0x2232ee28a2b9 <JSFunction makeObfuscations (sfi = 0x29cc440687e1)> for optimization to MAGLEV, ConcurrencyMode::kConcurrent, reason: hot and stable]
[compiling method 0x2232ee28a2b9 <JSFunction makeObfuscations (sfi = 0x29cc440687e1)> (target MAGLEV) OSR, mode: ConcurrencyMode::kConcurrent]
[57757:0xd52a000]     2370 ms: Scavenge 16.0 (21.2) -> 12.5 (21.2) MB, pooled: 0 MB, 0.72 / 0.00 ms  (average mu = 1.000, current mu = 1.000) allocation failure; 
[completed compiling 0x2232ee28a2b9 <JSFunction makeObfuscations (sfi = 0x29cc440687e1)> (target MAGLEV) OSR - took 0.000, 5.819, 0.037 ms]
[compiling method 0x2232ee28a2b9 <JSFunction makeObfuscations (sfi = 0x29cc440687e1)> (target TURBOFAN_JS) OSR, mode: ConcurrencyMode::kConcurrent]
[57757:0xd52a000]     2385 ms: Scavenge 16.2 (21.2) -> 12.8 (29.4) MB, pooled: 0 MB, 3.78 / 0.00 ms  (average mu = 1.000, current mu = 1.000) allocation failure; 
[bailout (kind: deopt-eager, reason: Insufficient type feedback for object literal): begin. deoptimizing 0x2232ee28a2b9 <JSFunction makeObfuscations (sfi = 0x29cc440687e1)>, 0x2e738c5f5191 <Code MAGLEV>, opt id 16, bytecode offset 796, deopt exit 57, FP to SP delta 296, caller SP 0x7fffb599a748, pc 0x7f6bac063268]
[completed compiling 0x2232ee28a2b9 <JSFunction makeObfuscations (sfi = 0x29cc440687e1)> (target TURBOFAN_JS) OSR - took 0.006, 34.239, 0.097 ms]
[completed optimizing 0x2232ee28a2b9 <JSFunction makeObfuscations (sfi = 0x29cc440687e1)> (target TURBOFAN_JS) OSR]
{"name":"generator-byte-identical-replay-and-coverage","cases":2,"passed":2,"seed":1,"command":"node tests/run.mjs"}
[marking 0x00a629016909 <JSFunction (sfi = 0x29cc44068e59)> for optimization to MAGLEV, ConcurrencyMode::kConcurrent, reason: hot and stable]
[compiling method 0x00a629016909 <JSFunction (sfi = 0x29cc44068e59)> (target MAGLEV), mode: ConcurrencyMode::kConcurrent]
[completed compiling 0x00a629016909 <JSFunction (sfi = 0x29cc44068e59)> (target MAGLEV) - took 0.000, 0.127, 0.005 ms]
[57757:0xd52a000]     2440 ms: Scavenge 23.2 (32.1) -> 14.4 (29.8) MB, pooled: 0 MB, 1.67 / 0.00 ms  (average mu = 1.000, current mu = 1.000) allocation failure; 
{"name":"handwritten-format-and-Scunthorpe","cases":459,"passed":459,"seed":1,"command":"node tests/run.mjs","errors":[]}
[marking 0x313a8d9930b9 <JSFunction knownPlain (sfi = 0x1325f3eb6f9)> for optimization to MAGLEV, ConcurrencyMode::kConcurrent, reason: hot and stable]
[compiling method 0x313a8d9930b9 <JSFunction knownPlain (sfi = 0x1325f3eb6f9)> (target MAGLEV), mode: ConcurrencyMode::kConcurrent]
[marking 0x01325f3efe41 <JSFunction nameFilter (sfi = 0x1325f3eb669)> for optimization to MAGLEV, ConcurrencyMode::kConcurrent, reason: hot and stable]
[compiling method 0x01325f3efe41 <JSFunction nameFilter (sfi = 0x1325f3eb669)> (target MAGLEV), mode: ConcurrencyMode::kConcurrent]
[marking 0x2232ee28b291 <JSFunction lower (sfi = 0x1325f3eb819)> for optimization to MAGLEV, ConcurrencyMode::kConcurrent, reason: hot and stable]
[compiling method 0x2232ee28b291 <JSFunction lower (sfi = 0x1325f3eb819)> (target MAGLEV), mode: ConcurrencyMode::kConcurrent]
[completed compiling 0x01325f3efe41 <JSFunction nameFilter (sfi = 0x1325f3eb669)> (target MAGLEV) - took 0.000, 0.870, 0.020 ms]
[completed compiling 0x2232ee28b291 <JSFunction lower (sfi = 0x1325f3eb819)> (target MAGLEV) - took 0.000, 0.051, 0.001 ms]
[completed compiling 0x313a8d9930b9 <JSFunction knownPlain (sfi = 0x1325f3eb6f9)> (target MAGLEV) - took 0.000, 1.319, 0.010 ms]
[marking 0x313a8d9930f9 <JSFunction hasContent (sfi = 0x1325f3eb741)> for optimization to MAGLEV, ConcurrencyMode::kConcurrent, reason: hot and stable]
[compiling method 0x313a8d9930f9 <JSFunction hasContent (sfi = 0x1325f3eb741)> (target MAGLEV), mode: ConcurrencyMode::kConcurrent]
[marking 0x2232ee28a279 <JSFunction evalCases (sfi = 0x29cc44068829)> for optimization to MAGLEV, ConcurrencyMode::kConcurrent, reason: hot and stable]
[compiling method 0x2232ee28a279 <JSFunction evalCases (sfi = 0x29cc44068829)> (target MAGLEV) OSR, mode: ConcurrencyMode::kConcurrent]
[completed compiling 0x2232ee28a279 <JSFunction evalCases (sfi = 0x29cc44068829)> (target MAGLEV) OSR - took 0.000, 0.699, 0.054 ms]
[completed compiling 0x313a8d9930f9 <JSFunction hasContent (sfi = 0x1325f3eb741)> (target MAGLEV) - took 0.000, 1.138, 0.013 ms]
[compiling method 0x2232ee28a279 <JSFunction evalCases (sfi = 0x29cc44068829)> (target TURBOFAN_JS) OSR, mode: ConcurrencyMode::kConcurrent]
[bailout (kind: deopt-eager, reason: Insufficient type feedback for object literal): begin. deoptimizing 0x2232ee28a279 <JSFunction evalCases (sfi = 0x29cc44068829)>, 0x38fd11ac47e1 <Code MAGLEV>, opt id 22, bytecode offset 364, deopt exit 17, FP to SP delta 224, caller SP 0x7fffb599a748, pc 0x7f6bac02cf06]
{"name":"exhaustive-declared-single-glyph-substitution","cases":1371,"passed":1371,"seed":1,"command":"node tests/run.mjs","errors":[]}
[compiling method 0x2232ee28a279 <JSFunction evalCases (sfi = 0x29cc44068829)> (target MAGLEV), mode: ConcurrencyMode::kConcurrent]
[completed compiling 0x2232ee28a279 <JSFunction evalCases (sfi = 0x29cc44068829)> (target MAGLEV) - took 0.000, 0.621, 0.025 ms]
[bailout (kind: deopt-eager, reason: Insufficient type feedback for object literal): begin. deoptimizing 0x2232ee28a279 <JSFunction evalCases (sfi = 0x29cc44068829)>, 0x38fd11ac47e1 <Code MAGLEV>, opt id 22, bytecode offset 364, deopt exit 17, FP to SP delta 224, caller SP 0x7fffb599a748, pc 0x7f6bac02cf06]
[completed compiling 0x2232ee28a279 <JSFunction evalCases (sfi = 0x29cc44068829)> (target TURBOFAN_JS) OSR - took 0.007, 6.783, 0.108 ms]
[completed optimizing 0x2232ee28a279 <JSFunction evalCases (sfi = 0x29cc44068829)> (target TURBOFAN_JS) OSR]
{"name":"precompiled-Unicode-policy-context-differential","cases":1296,"passed":1296,"seed":1,"command":"node tests/run.mjs","errors":[]}
[bailout (kind: deopt-eager, reason: wrong map): begin. deoptimizing 0x2232ee28a279 <JSFunction evalCases (sfi = 0x29cc44068829)>, 0x38fd11ac74a9 <Code MAGLEV>, opt id 25, bytecode offset 5, deopt exit 0, FP to SP delta 72, caller SP 0x7fffb599a748, pc 0x7f6bac0351da]
[bailout (kind: deopt-eager, reason: wrong map): begin. deoptimizing 0x2232ee28a279 <JSFunction evalCases (sfi = 0x29cc44068829)>, 0x2e738c5fab29 <Code TURBOFAN_JS>, opt id 24, bytecode offset 36, deopt exit 17, FP to SP delta 264, caller SP 0x7fffb599a748, pc 0x7f6bac06bdc2]
[marking 0x2232ee28b2c9 <JSFunction normalize (sfi = 0x1325f3eb861)> for optimization to MAGLEV, ConcurrencyMode::kConcurrent, reason: hot and stable]
[compiling method 0x2232ee28b2c9 <JSFunction normalize (sfi = 0x1325f3eb861)> (target MAGLEV), mode: ConcurrencyMode::kConcurrent]
[completed compiling 0x2232ee28b2c9 <JSFunction normalize (sfi = 0x1325f3eb861)> (target MAGLEV) - took 0.000, 0.095, 0.006 ms]
[marking 0x2232ee28a279 <JSFunction evalCases (sfi = 0x29cc44068829)> for optimization to MAGLEV, ConcurrencyMode::kConcurrent, reason: hot and stable]
[marking 0x2232ee28b301 <JSFunction clean (sfi = 0x1325f3eb8a9)> for optimization to MAGLEV, ConcurrencyMode::kConcurrent, reason: hot and stable]
[compiling method 0x2232ee28b301 <JSFunction clean (sfi = 0x1325f3eb8a9)> (target MAGLEV), mode: ConcurrencyMode::kConcurrent]
[completed compiling 0x2232ee28b301 <JSFunction clean (sfi = 0x1325f3eb8a9)> (target MAGLEV) - took 0.000, 0.155, 0.004 ms]
[compiling method 0x2232ee28a279 <JSFunction evalCases (sfi = 0x29cc44068829)> (target MAGLEV) OSR, mode: ConcurrencyMode::kConcurrent]
[marking 0x313a8d9930b9 <JSFunction knownPlain (sfi = 0x1325f3eb6f9)> for optimization to TURBOFAN_JS, ConcurrencyMode::kConcurrent, reason: hot and stable]
[compiling method 0x313a8d9930b9 <JSFunction knownPlain (sfi = 0x1325f3eb6f9)> (target TURBOFAN_JS), mode: ConcurrencyMode::kConcurrent]
[completed compiling 0x2232ee28a279 <JSFunction evalCases (sfi = 0x29cc44068829)> (target MAGLEV) OSR - took 0.001, 0.985, 0.325 ms]
[compiling method 0x2232ee28a279 <JSFunction evalCases (sfi = 0x29cc44068829)> (target TURBOFAN_JS) OSR, mode: ConcurrencyMode::kConcurrent]
[marking 0x01325f3efe41 <JSFunction nameFilter (sfi = 0x1325f3eb669)> for optimization to TURBOFAN_JS, ConcurrencyMode::kConcurrent, reason: hot and stable]
[compiling method 0x01325f3efe41 <JSFunction nameFilter (sfi = 0x1325f3eb669)> (target TURBOFAN_JS), mode: ConcurrencyMode::kConcurrent]
[completed compiling 0x2232ee28a279 <JSFunction evalCases (sfi = 0x29cc44068829)> (target TURBOFAN_JS) OSR - took 0.007, 5.786, 0.045 ms]
[completed optimizing 0x2232ee28a279 <JSFunction evalCases (sfi = 0x29cc44068829)> (target TURBOFAN_JS) OSR]
[bailout (kind: deopt-eager, reason: prepare for on stack replacement (OSR)): begin. deoptimizing 0x2232ee28a279 <JSFunction evalCases (sfi = 0x29cc44068829)>, 0x38fd11ac8571 <Code MAGLEV>, opt id 29, bytecode offset 296, deopt exit 24, FP to SP delta 224, caller SP 0x7fffb599a748, pc 0x7f6bac036208]
[completed compiling 0x313a8d9930b9 <JSFunction knownPlain (sfi = 0x1325f3eb6f9)> (target TURBOFAN_JS) - took 0.006, 15.293, 0.086 ms]
[completed optimizing 0x313a8d9930b9 <JSFunction knownPlain (sfi = 0x1325f3eb6f9)> (target TURBOFAN_JS)]
[57757:0xd52a000]     2490 ms: Scavenge 23.5 (32.4) -> 13.4 (30.3) MB, pooled: 0 MB, 1.20 / 0.00 ms  (average mu = 1.000, current mu = 1.000) allocation failure; 
[completed compiling 0x01325f3efe41 <JSFunction nameFilter (sfi = 0x1325f3eb669)> (target TURBOFAN_JS) - took 0.006, 26.709, 0.071 ms]
[completed optimizing 0x01325f3efe41 <JSFunction nameFilter (sfi = 0x1325f3eb669)> (target TURBOFAN_JS)]
{"name":"generated-obfuscations","cases":5000,"passed":5000,"seed":1,"command":"node tests/run.mjs","misses":0,"errors":[],"coverage":{"anal":88,"anus":88,"arsehole":72,"bastard":80,"bitch":88,"blowjob":80,"boner":88,"boob":88,"boobs":88,"bukkake":80,"chink":88,"clit":88,"cock":88,"coon":87,"cunt":87,"cum":86,"cumshot":79,"dick":87,"dildo":87,"douche":85,"dyke":87,"fag":87,"faggot":83,"fuck":87,"gook":87,"handjob":83,"hentai":82,"jizz":85,"kike":87,"nigga":87,"nigger":84,"orgasm":86,"paedophile":49,"pedophile":51,"penis":87,"porn":87,"pussy":86,"rape":87,"retard":86,"rimjob":84,"semen":87,"sex":84,"shemale":80,"slut":87,"spic":87,"spunk":87,"testicle":67,"tits":87,"titties":77,"titty":87,"tranny":83,"twat":87,"vagina":86,"wank":87,"wetback":79,"whore":87,"asshole":80,"bollocks":71,"fellatio":70,"masturbate":39,"ejaculation":23,"motherfucker":18,"masturbation":16},"attempts":5496}
[marking 0x13b337d6b149 <JSFunction (sfi = 0x29cc44068ea1)> for optimization to MAGLEV, ConcurrencyMode::kConcurrent, reason: hot and stable]
[compiling method 0x13b337d6b149 <JSFunction (sfi = 0x29cc44068ea1)> (target MAGLEV), mode: ConcurrencyMode::kConcurrent]
[completed compiling 0x13b337d6b149 <JSFunction (sfi = 0x29cc44068ea1)> (target MAGLEV) - took 0.000, 0.118, 0.007 ms]
[bailout (kind: deopt-eager, reason: wrong map): begin. deoptimizing 0x13b337d6b149 <JSFunction (sfi = 0x29cc44068ea1)>, 0x38fd11ac87a9 <Code MAGLEV>, opt id 32, bytecode offset 0, deopt exit 0, FP to SP delta 24, caller SP 0x7fffb599a680, pc 0x7f6bac06cbcf]
[marking 0x13b337d6b149 <JSFunction (sfi = 0x29cc44068ea1)> for optimization to MAGLEV, ConcurrencyMode::kConcurrent, reason: hot and stable]
[compiling method 0x13b337d6b149 <JSFunction (sfi = 0x29cc44068ea1)> (target MAGLEV), mode: ConcurrencyMode::kConcurrent]
[completed compiling 0x13b337d6b149 <JSFunction (sfi = 0x29cc44068ea1)> (target MAGLEV) - took 0.001, 0.118, 0.010 ms]
{"name":"names-count-and-uniqueness","cases":2,"passed":2,"seed":1,"command":"node tests/run.mjs","rows":20000,"unique":20000}
[marking 0x1ce808e54cb9 <JSFunction (sfi = 0x29cc44068ee9)> for optimization to MAGLEV, ConcurrencyMode::kConcurrent, reason: hot and stable]
[compiling method 0x1ce808e54cb9 <JSFunction (sfi = 0x29cc44068ee9)> (target MAGLEV), mode: ConcurrencyMode::kConcurrent]
[completed compiling 0x1ce808e54cb9 <JSFunction (sfi = 0x29cc44068ee9)> (target MAGLEV) - took 0.000, 0.161, 0.005 ms]
[marking 0x1ce808e5ce69 <JSFunction (sfi = 0x29cc44068ee9)> for optimization to TURBOFAN_JS, ConcurrencyMode::kConcurrent, reason: hot and stable]
[compiling method 0x1ce808e5ce69 <JSFunction (sfi = 0x29cc44068ee9)> (target TURBOFAN_JS), mode: ConcurrencyMode::kConcurrent]
[bailout (kind: deopt-eager, reason: Insufficient type feedback for generic named access): begin. deoptimizing 0x25fd4dc0ef31 <JSFunction (sfi = 0x29cc44068ee9)>, 0x38fd11ac8dd1 <Code MAGLEV>, opt id 34, bytecode offset 0, deopt exit 6, FP to SP delta 64, caller SP 0x7fffb599a6b0, pc 0x7f6bac06cfcc]
[marking dependent code 0x38fd11ac89e1 <Code MAGLEV> (0x29cc44068ea1 <SharedFunctionInfo>) (opt id 33) for deoptimization, reason: dependent prototype chain changed]
[marking 0x25fd4dc0fbf1 <JSFunction (sfi = 0x29cc44068ee9)> for optimization to MAGLEV, ConcurrencyMode::kConcurrent, reason: hot and stable]
[compiling method 0x25fd4dc0fbf1 <JSFunction (sfi = 0x29cc44068ee9)> (target MAGLEV), mode: ConcurrencyMode::kConcurrent]
[completed compiling 0x25fd4dc0fbf1 <JSFunction (sfi = 0x29cc44068ee9)> (target MAGLEV) - took 0.000, 0.156, 0.005 ms]
[completed compiling 0x1ce808e5ce69 <JSFunction (sfi = 0x29cc44068ee9)> (target TURBOFAN_JS) - took 0.006, 0.729, 0.017 ms]
[completed optimizing 0x1ce808e5ce69 <JSFunction (sfi = 0x29cc44068ee9)> (target TURBOFAN_JS)]
[bailout (kind: deopt-eager, reason: Insufficient type feedback for generic named access): begin. deoptimizing 0x27de3c786331 <JSFunction (sfi = 0x29cc44068ee9)>, 0x2e738c5fe171 <Code TURBOFAN_JS>, opt id 35, bytecode offset 32, deopt exit 9, FP to SP delta 64, caller SP 0x7fffb599a6b0, pc 0x7f6bac037cab]
[marking 0x27de3c786e01 <JSFunction (sfi = 0x29cc44068ee9)> for optimization to MAGLEV, ConcurrencyMode::kConcurrent, reason: hot and stable]
[compiling method 0x27de3c786e01 <JSFunction (sfi = 0x29cc44068ee9)> (target MAGLEV), mode: ConcurrencyMode::kConcurrent]
[completed compiling 0x27de3c786e01 <JSFunction (sfi = 0x29cc44068ee9)> (target MAGLEV) - took 0.000, 0.158, 0.036 ms]
[marking 0x27de3c78eb59 <JSFunction (sfi = 0x29cc44068ee9)> for optimization to TURBOFAN_JS, ConcurrencyMode::kConcurrent, reason: hot and stable]
[compiling method 0x27de3c78eb59 <JSFunction (sfi = 0x29cc44068ee9)> (target TURBOFAN_JS), mode: ConcurrencyMode::kConcurrent]
[completed compiling 0x27de3c78eb59 <JSFunction (sfi = 0x29cc44068ee9)> (target TURBOFAN_JS) - took 0.005, 1.076, 0.028 ms]
[completed optimizing 0x27de3c78eb59 <JSFunction (sfi = 0x29cc44068ee9)> (target TURBOFAN_JS)]
[bailout (kind: deopt-eager, reason: wrong map): begin. deoptimizing 0x30067e1fe099 <JSFunction (sfi = 0x29cc44068ee9)>, 0x2e738c5fe661 <Code TURBOFAN_JS>, opt id 38, bytecode offset 0, deopt exit 6, FP to SP delta 64, caller SP 0x7fffb599a6b0, pc 0x7f6bac038088]
[marking 0x30067e1fea11 <JSFunction (sfi = 0x29cc44068ee9)> for optimization to MAGLEV, ConcurrencyMode::kConcurrent, reason: hot and stable]
[compiling method 0x30067e1fea11 <JSFunction (sfi = 0x29cc44068ee9)> (target MAGLEV), mode: ConcurrencyMode::kConcurrent]
[completed compiling 0x30067e1fea11 <JSFunction (sfi = 0x29cc44068ee9)> (target MAGLEV) - took 0.000, 0.135, 0.013 ms]
[marking 0x310b88f457b9 <JSFunction (sfi = 0x29cc44068ee9)> for optimization to TURBOFAN_JS, ConcurrencyMode::kConcurrent, reason: hot and stable]
[compiling method 0x310b88f457b9 <JSFunction (sfi = 0x29cc44068ee9)> (target TURBOFAN_JS), mode: ConcurrencyMode::kConcurrent]
[completed compiling 0x310b88f457b9 <JSFunction (sfi = 0x29cc44068ee9)> (target TURBOFAN_JS) - took 0.006, 1.278, 0.022 ms]
[completed optimizing 0x310b88f457b9 <JSFunction (sfi = 0x29cc44068ee9)> (target TURBOFAN_JS)]
[marking 0x2232ee2bf851 <JSFunction label (sfi = 0x29cc44068949)> for optimization to TURBOFAN_JS, ConcurrencyMode::kConcurrent, reason: hot and stable]
[compiling method 0x2232ee2bf851 <JSFunction label (sfi = 0x29cc44068949)> (target TURBOFAN_JS), mode: ConcurrencyMode::kConcurrent]
[completed compiling 0x2232ee2bf851 <JSFunction label (sfi = 0x29cc44068949)> (target TURBOFAN_JS) - took 0.006, 0.613, 0.018 ms]
[completed optimizing 0x2232ee2bf851 <JSFunction label (sfi = 0x29cc44068949)> (target TURBOFAN_JS)]
{"name":"names-reviewed-corpus-policy","cases":20000,"passed":20000,"seed":1,"command":"node tests/run.mjs","accepted":19989,"rejected":11,"reviewed":11,"unexpected":0,"stale":0,"zeroRejections":false}
{"name":"names-reviewed-baseline-no-stale-entries","cases":1,"passed":1,"seed":1,"command":"node tests/run.mjs"}
CORPUS_REJECTIONS names [{"name":"lana","source":"female","sourceRank":470,"sourceFrequency":0.029,"reason":"blocked","review":"Full-word reversal of anal. Allowing the same case-insensitive string would admit a supported blocked-term reversal."},{"name":"dick","source":"male","sourceRank":721,"sourceFrequency":0.009,"reason":"blocked","review":"The Census name is identical to a blocked sexual term. Intent cannot be recovered from these characters."},{"name":"bonner","source":"last","sourceRank":855,"reason":"blocked","review":"Full-word repeated-letter spelling of boner (extra n). Allowing it conflicts with the declared repetition rule."},{"name":"coon","source":"last","sourceRank":1779,"reason":"blocked","review":"The Census surname is identical to a blocked racial slur. The filter has no name-intent context."},{"name":"dykes","source":"last","sourceRank":2116,"reason":"blocked","review":"The Census surname also spells a plural of the blocked slur dyke; kept under the explicit plural policy."},{"name":"coons","source":"last","sourceRank":4271,"reason":"blocked","review":"The Census surname also spells a plural of the blocked slur coon; kept under the explicit plural policy."},{"name":"stitt","source":"last","sourceRank":4377,"reason":"blocked","review":"The whole reversed string is ttits: a repeated-letter obfuscation of tits."},{"name":"raper","source":"last","sourceRank":5858,"reason":"blocked","review":"The Census surname overlaps an agent-noun form of rape; kept under the explicit sexual-violence policy."},{"name":"dicks","source":"last","sourceRank":6404,"reason":"blocked","review":"The Census surname also spells a plural of the blocked sexual term dick; kept under the explicit plural policy."},{"name":"dyke","source":"last","sourceRank":6707,"reason":"blocked","review":"The Census surname is identical to a blocked slur. Non-abusive meanings do not change its characters."},{"name":"boner","source":"last","sourceRank":10257,"reason":"blocked","review":"The Census surname is identical to a blocked sexual term."}]
[marking 0x3826545ffe81 <JSFunction (sfi = 0x29cc44068ea1)> for optimization to MAGLEV, ConcurrencyMode::kConcurrent, reason: hot and stable]
[compiling method 0x3826545ffe81 <JSFunction (sfi = 0x29cc44068ea1)> (target MAGLEV), mode: ConcurrencyMode::kConcurrent]
[completed compiling 0x3826545ffe81 <JSFunction (sfi = 0x29cc44068ea1)> (target MAGLEV) - took 0.001, 0.128, 0.008 ms]
{"name":"words-count-and-uniqueness","cases":2,"passed":2,"seed":1,"command":"node tests/run.mjs","rows":10000,"unique":10000}
[bailout (kind: deopt-eager, reason: wrong map): begin. deoptimizing 0x0f116917b0f9 <JSFunction (sfi = 0x29cc44068ee9)>, 0x2e738c5feb51 <Code TURBOFAN_JS>, opt id 40, bytecode offset 0, deopt exit 6, FP to SP delta 64, caller SP 0x7fffb599a6b0, pc 0x7f6bac0384ae]
[marking 0x0f116917ba81 <JSFunction (sfi = 0x29cc44068ee9)> for optimization to MAGLEV, ConcurrencyMode::kConcurrent, reason: hot and stable]
[compiling method 0x0f116917ba81 <JSFunction (sfi = 0x29cc44068ee9)> (target MAGLEV), mode: ConcurrencyMode::kConcurrent]
[completed compiling 0x0f116917ba81 <JSFunction (sfi = 0x29cc44068ee9)> (target MAGLEV) - took 0.000, 0.190, 0.008 ms]
[marking 0x33f0a70fc541 <JSFunction (sfi = 0x29cc44068ee9)> for optimization to TURBOFAN_JS, ConcurrencyMode::kConcurrent, reason: hot and stable]
[compiling method 0x33f0a70fc541 <JSFunction (sfi = 0x29cc44068ee9)> (target TURBOFAN_JS), mode: ConcurrencyMode::kConcurrent]
[marking dependent code 0x38fd11acaa79 <Code MAGLEV> (0x29cc44068ee9 <SharedFunctionInfo>) (opt id 43) for deoptimization, reason: dependent prototype chain changed]
[marking dependent code 0x38fd11aca5d9 <Code MAGLEV> (0x29cc44068ea1 <SharedFunctionInfo>) (opt id 42) for deoptimization, reason: dependent prototype chain changed]
[57757:0xd52a000]     2577 ms: Scavenge 23.3 (32.3) -> 14.6 (30.5) MB, pooled: 0 MB, 5.05 / 0.00 ms  (average mu = 1.000, current mu = 1.000) allocation failure; 
[completed compiling 0x1010c5e401f9 <JSFunction (sfi = 0x29cc44068ee9)> (target TURBOFAN_JS) - took 0.004, 6.202, 0.025 ms]
[completed optimizing 0x1010c5e401f9 <JSFunction (sfi = 0x29cc44068ee9)> (target TURBOFAN_JS)]
[marking 0x17e7b177add9 <JSFunction (sfi = 0x1ebf75137121)> for optimization to MAGLEV, ConcurrencyMode::kConcurrent, reason: hot and stable]
[compiling method 0x17e7b177add9 <JSFunction (sfi = 0x1ebf75137121)> (target MAGLEV), mode: ConcurrencyMode::kConcurrent]
{"name":"words-reviewed-corpus-policy","cases":10000,"passed":10000,"seed":1,"command":"node tests/run.mjs","accepted":9951,"rejected":49,"reviewed":49,"unexpected":0,"stale":0,"zeroRejections":false}
{"name":"words-reviewed-baseline-no-stale-entries","cases":1,"passed":1,"seed":1,"command":"node tests/run.mjs"}
[completed compiling 0x17e7b177add9 <JSFunction (sfi = 0x1ebf75137121)> (target MAGLEV) - took 0.000, 0.185, 0.040 ms]
CORPUS_REJECTIONS words [{"name":"sex","source":"words","sourceRank":182,"reason":"blocked","review":"Sexual/profanity token or inflected adult-content form; deliberate lexical-policy rejection."},{"name":"porn","source":"words","sourceRank":659,"reason":"blocked","review":"Sexual/profanity token or inflected adult-content form; deliberate lexical-policy rejection."},{"name":"anal","source":"words","sourceRank":1366,"reason":"blocked","review":"Sexual/profanity token or inflected adult-content form; deliberate lexical-policy rejection."},{"name":"pussy","source":"words","sourceRank":1381,"reason":"blocked","review":"Sexual/profanity token or inflected adult-content form; deliberate lexical-policy rejection."},{"name":"sexy","source":"words","sourceRank":1447,"reason":"blocked","review":"Sexual/profanity token or inflected adult-content form; deliberate lexical-policy rejection."},{"name":"rape","source":"words","sourceRank":1605,"reason":"blocked","review":"Sexual/profanity token or inflected adult-content form; deliberate lexical-policy rejection."},{"name":"fucking","source":"words","sourceRank":1718,"reason":"blocked","review":"Sexual/profanity token or inflected adult-content form; deliberate lexical-policy rejection."},{"name":"cum","source":"words","sourceRank":1945,"reason":"blocked","review":"Sexual/profanity token or inflected adult-content form; deliberate lexical-policy rejection."},{"name":"fuck","source":"words","sourceRank":2066,"reason":"blocked","review":"Sexual/profanity token or inflected adult-content form; deliberate lexical-policy rejection."},{"name":"cock","source":"words","sourceRank":2152,"reason":"blocked","review":"Sexual/profanity token or inflected adult-content form; deliberate lexical-policy rejection."},{"name":"porno","source":"words","sourceRank":2184,"reason":"blocked","review":"Sexual/profanity token or inflected adult-content form; deliberate lexical-policy rejection."},{"name":"tits","source":"words","sourceRank":2214,"reason":"blocked","review":"Sexual/profanity token or inflected adult-content form; deliberate lexical-policy rejection."},{"name":"hentai","source":"words","sourceRank":2359,"reason":"blocked","review":"Sexual/profanity token or inflected adult-content form; deliberate lexical-policy rejection."},{"name":"sexual","source":"words","sourceRank":2387,"reason":"blocked","review":"Sexual/profanity token or inflected adult-content form; deliberate lexical-policy rejection."},{"name":"shemale","source":"words","sourceRank":2648,"reason":"blocked","review":"Sexual/profanity token or inflected adult-content form; deliberate lexical-policy rejection."},{"name":"sexo","source":"words","sourceRank":2996,"reason":"blocked","review":"Sexual/profanity token or inflected adult-content form; deliberate lexical-policy rejection."},{"name":"dick","source":"words","sourceRank":3045,"reason":"blocked","review":"Sexual/profanity token or inflected adult-content form; deliberate lexical-policy rejection."},{"name":"blowjob","source":"words","sourceRank":3379,"reason":"blocked","review":"Sexual/profanity token or inflected adult-content form; deliberate lexical-policy rejection."},{"name":"boobs","source":"words","sourceRank":3506,"reason":"blocked","review":"Sexual/profanity token or inflected adult-content form; deliberate lexical-policy rejection."},{"name":"dildo","source":"words","sourceRank":3585,"reason":"blocked","review":"Sexual/profanity token or inflected adult-content form; deliberate lexical-policy rejection."},{"name":"sexcam","source":"words","sourceRank":3822,"reason":"blocked","review":"Sexual/profanity token or inflected adult-content form; deliberate lexical-policy rejection."},{"name":"penis","source":"words","sourceRank":3899,"reason":"blocked","review":"Sexual/profanity token or inflected adult-content form; deliberate lexical-policy rejection."},{"name":"blowjobs","source":"words","sourceRank":3959,"reason":"blocked","review":"Sexual/profanity token or inflected adult-content form; deliberate lexical-policy rejection."},{"name":"telecommunications","source":"words","sourceRank":4138,"reason":"length","review":"18 code points exceed 16; format rejection, not a lexical false positive."},{"name":"cumshot","source":"words","sourceRank":4231,"reason":"blocked","review":"Sexual/profanity token or inflected adult-content form; deliberate lexical-policy rejection."},{"name":"cocks","source":"words","sourceRank":4550,"reason":"blocked","review":"Sexual/profanity token or inflected adult-content form; deliberate lexical-policy rejection."},{"name":"tranny","source":"words","sourceRank":4903,"reason":"blocked","review":"Sexual/profanity token or inflected adult-content form; deliberate lexical-policy rejection."},{"name":"cumshots","source":"words","sourceRank":4934,"reason":"blocked","review":"Sexual/profanity token or inflected adult-content form; deliberate lexical-policy rejection."},{"name":"bukkake","source":"words","sourceRank":4941,"reason":"blocked","review":"Sexual/profanity token or inflected adult-content form; deliberate lexical-policy rejection."},{"name":"fucked","source":"words","sourceRank":5645,"reason":"blocked","review":"Sexual/profanity token or inflected adult-content form; deliberate lexical-policy rejection."},{"name":"dildos","source":"words","sourceRank":5913,"reason":"blocked","review":"Sexual/profanity token or inflected adult-content form; deliberate lexical-policy rejection."},{"name":"boob","source":"words","sourceRank":6376,"reason":"blocked","review":"Sexual/profanity token or inflected adult-content form; deliberate lexical-policy rejection."},{"name":"slut","source":"words","sourceRank":6438,"reason":"blocked","review":"Sexual/profanity token or inflected adult-content form; deliberate lexical-policy rejection."},{"name":"ejaculation","source":"words","sourceRank":6439,"reason":"blocked","review":"Sexual/profanity token or inflected adult-content form; deliberate lexical-policy rejection."},{"name":"dicks","source":"words","sourceRank":6537,"reason":"blocked","review":"Sexual/profanity token or inflected adult-content form; deliberate lexical-policy rejection."},{"name":"sluts","source":"words","sourceRank":7030,"reason":"blocked","review":"Sexual/profanity token or inflected adult-content form; deliberate lexical-policy rejection."},{"name":"bitch","source":"words","sourceRank":7110,"reason":"blocked","review":"Sexual/profanity token or inflected adult-content form; deliberate lexical-policy rejection."},{"name":"handjob","source":"words","sourceRank":7149,"reason":"blocked","review":"Sexual/profanity token or inflected adult-content form; deliberate lexical-policy rejection."},{"name":"livesex","source":"words","sourceRank":7307,"reason":"blocked","review":"Sexual/profanity token or inflected adult-content form; deliberate lexical-policy rejection."},{"name":"worldsex","source":"words","sourceRank":7333,"reason":"blocked","review":"Sexual/profanity token or inflected adult-content form; deliberate lexical-policy rejection."},{"name":"shemales","source":"words","sourceRank":8129,"reason":"blocked","review":"Sexual/profanity token or inflected adult-content form; deliberate lexical-policy rejection."},{"name":"handjobs","source":"words","sourceRank":8782,"reason":"blocked","review":"Sexual/profanity token or inflected adult-content form; deliberate lexical-policy rejection."},{"name":"vagina","source":"words","sourceRank":9083,"reason":"blocked","review":"Sexual/profanity token or inflected adult-content form; deliberate lexical-policy rejection."},{"name":"sexuality","source":"words","sourceRank":9164,"reason":"blocked","review":"Sexual/profanity token or inflected adult-content form; deliberate lexical-policy rejection."},{"name":"cunt","source":"words","sourceRank":9201,"reason":"blocked","review":"Sexual/profanity token or inflected adult-content form; deliberate lexical-policy rejection."},{"name":"masturbation","source":"words","sourceRank":9485,"reason":"blocked","review":"Sexual/profanity token or inflected adult-content form; deliberate lexical-policy rejection."},{"name":"orgasm","source":"words","sourceRank":9506,"reason":"blocked","review":"Sexual/profanity token or inflected adult-content form; deliberate lexical-policy rejection."},{"name":"sexually","source":"words","sourceRank":9675,"reason":"blocked","review":"Sexual/profanity token or inflected adult-content form; deliberate lexical-policy rejection."},{"name":"whore","source":"words","sourceRank":9802,"reason":"blocked","review":"Sexual/profanity token or inflected adult-content form; deliberate lexical-policy rejection."}]
{"name":"places-count-and-uniqueness","cases":2,"passed":2,"seed":1,"command":"node tests/run.mjs","rows":2000,"unique":2000}
[bailout (kind: deopt-eager, reason: wrong map): begin. deoptimizing 0x029d26de85a1 <JSFunction (sfi = 0x29cc44068ee9)>, 0x2e738c5ffb19 <Code TURBOFAN_JS>, opt id 44, bytecode offset 0, deopt exit 6, FP to SP delta 64, caller SP 0x7fffb599a6b0, pc 0x7f6bac038a86]
[marking 0x029d26de90b9 <JSFunction (sfi = 0x29cc44068ee9)> for optimization to MAGLEV, ConcurrencyMode::kConcurrent, reason: hot and stable]
[compiling method 0x029d26de90b9 <JSFunction (sfi = 0x29cc44068ee9)> (target MAGLEV), mode: ConcurrencyMode::kConcurrent]
[completed compiling 0x029d26de90b9 <JSFunction (sfi = 0x29cc44068ee9)> (target MAGLEV) - took 0.000, 0.151, 0.009 ms]
[marking 0x029d26df2921 <JSFunction (sfi = 0x29cc44068ee9)> for optimization to TURBOFAN_JS, ConcurrencyMode::kConcurrent, reason: hot and stable]
[compiling method 0x029d26df2921 <JSFunction (sfi = 0x29cc44068ee9)> (target TURBOFAN_JS), mode: ConcurrencyMode::kConcurrent]
[marking dependent code 0x38fd11acb2a9 <Code MAGLEV> (0x29cc44068ee9 <SharedFunctionInfo>) (opt id 46) for deoptimization, reason: dependent prototype chain changed]
[completed compiling 0x029d26df2921 <JSFunction (sfi = 0x29cc44068ee9)> (target TURBOFAN_JS) - took 0.005, 1.086, 0.024 ms]
[completed optimizing 0x029d26df2921 <JSFunction (sfi = 0x29cc44068ee9)> (target TURBOFAN_JS)]
[bailout (kind: deopt-eager, reason: wrong map): begin. deoptimizing 0x3587870db239 <JSFunction (sfi = 0x1ebf75137121)>, 0x38fd11acae09 <Code MAGLEV>, opt id 45, bytecode offset 0, deopt exit 0, FP to SP delta 32, caller SP 0x7fffb599a550, pc 0x7f6bac0701e9]
[marking 0x3587870dc409 <JSFunction (sfi = 0x1ebf75137121)> for optimization to MAGLEV, ConcurrencyMode::kConcurrent, reason: hot and stable]
[compiling method 0x3587870dc409 <JSFunction (sfi = 0x1ebf75137121)> (target MAGLEV), mode: ConcurrencyMode::kConcurrent]
{"name":"places-reviewed-corpus-policy","cases":2000,"passed":2000,"seed":1,"command":"node tests/run.mjs","accepted":1943,"rejected":57,"reviewed":57,"unexpected":0,"stale":0,"zeroRejections":false}
{"name":"places-reviewed-baseline-no-stale-entries","cases":1,"passed":1,"seed":1,"command":"node tests/run.mjs"}
CORPUS_REJECTIONS places [{"name":"Al Mawşil al Jadīdah","population":2065597,"geonameid":99071,"country":"IQ","source":"places","reason":"length","review":"20 code points exceed 16; format rejection, not a lexical false positive."},{"name":"Santa Cruz de la Sierra","population":1831434,"geonameid":3904906,"country":"BO","source":"places","reason":"length","review":"23 code points exceed 16; format rejection, not a lexical false positive."},{"name":"Ecatepec de Morelos","population":1645352,"geonameid":3529612,"country":"MX","source":"places","reason":"length","review":"19 code points exceed 16; format rejection, not a lexical false positive."},{"name":"Santiago de Querétaro","population":1594212,"geonameid":3991164,"country":"MX","source":"places","reason":"length","review":"21 code points exceed 16; format rejection, not a lexical false positive."},{"name":"León de los Aldama","population":1579803,"geonameid":3998655,"country":"MX","source":"places","reason":"length","review":"18 code points exceed 16; format rejection, not a lexical false positive."},{"name":"Shubrā al Khaymah","population":1240289,"geonameid":349076,"country":"EG","source":"places","reason":"length","review":"17 code points exceed 16; format rejection, not a lexical false positive."},{"name":"Santiago de los Caballeros","population":1200000,"geonameid":3492914,"country":"DO","source":"places","reason":"length","review":"26 code points exceed 16; format rejection, not a lexical false positive."},{"name":"Gustavo Adolfo Madero","population":1185772,"geonameid":3514674,"country":"MX","source":"places","reason":"length","review":"21 code points exceed 16; format rejection, not a lexical false positive."},{"name":"Ciudad Nezahualcoyotl","population":1077208,"geonameid":3530589,"country":"MX","source":"places","reason":"length","review":"21 code points exceed 16; format rejection, not a lexical false positive."},{"name":"São Bernardo do Campo","population":840499,"geonameid":3449344,"country":"BR","source":"places","reason":"length","review":"21 code points exceed 16; format rejection, not a lexical false positive."},{"name":"Naucalpan de Juárez","population":834434,"geonameid":3522790,"country":"MX","source":"places","reason":"length","review":"19 code points exceed 16; format rejection, not a lexical false positive."},{"name":"Kampung Baru Subang","population":833571,"geonameid":1771023,"country":"MY","source":"places","reason":"length","review":"19 code points exceed 16; format rejection, not a lexical false positive."},{"name":"Thiruvananthapuram","population":788271,"geonameid":1254163,"country":"IN","source":"places","reason":"length","review":"18 code points exceed 16; format rejection, not a lexical false positive."},{"name":"São José dos Campos","population":727078,"geonameid":3448636,"country":"BR","source":"places","reason":"length","review":"19 code points exceed 16; format rejection, not a lexical false positive."},{"name":"Santo Domingo Oeste","population":701269,"geonameid":7874116,"country":"DO","source":"places","reason":"length","review":"19 code points exceed 16; format rejection, not a lexical false positive."},{"name":"Santo Domingo Este","population":700000,"geonameid":8601412,"country":"DO","source":"places","reason":"length","review":"18 code points exceed 16; format rejection, not a lexical false positive."},{"name":"Acapulco de Juárez","population":658609,"geonameid":3533462,"country":"MX","source":"places","reason":"length","review":"18 code points exceed 16; format rejection, not a lexical false positive."},{"name":"Frankfurt am Main","population":650000,"geonameid":2925533,"country":"DE","source":"places","reason":"length","review":"17 code points exceed 16; format rejection, not a lexical false positive."},{"name":"Jaboatão dos Guararapes","population":644037,"geonameid":6317344,"country":"BR","source":"places","reason":"length","review":"23 code points exceed 16; format rejection, not a lexical false positive."},{"name":"New South Memphis","population":641608,"geonameid":4645421,"country":"US","source":"places","reason":"length","review":"17 code points exceed 16; format rejection, not a lexical false positive."},{"name":"Bukit Rahman Putra","population":607000,"geonameid":13118225,"country":"MY","source":"places","reason":"length","review":"18 code points exceed 16; format rejection, not a lexical false positive."},{"name":"Al Maḩallah al Kubrá","population":592573,"geonameid":360829,"country":"EG","source":"places","reason":"length","review":"20 code points exceed 16; format rejection, not a lexical false positive."},{"name":"Cuautitlán Izcalli","population":555163,"geonameid":3515807,"country":"MX","source":"places","reason":"length","review":"18 code points exceed 16; format rejection, not a lexical false positive."},{"name":"San Miguel de Tucumán","population":548866,"geonameid":3836873,"country":"AR","source":"places","reason":"length","review":"21 code points exceed 16; format rejection, not a lexical false positive."},{"name":"Mirpur Model Thana","population":546503,"geonameid":11395976,"country":"BD","source":"places","reason":"length","review":"18 code points exceed 16; format rejection, not a lexical false positive."},{"name":"Selayang Baru Utara","population":542409,"geonameid":7795834,"country":"MY","source":"places","reason":"length","review":"19 code points exceed 16; format rejection, not a lexical false positive."},{"name":"Aparecida de Goiânia","population":527796,"geonameid":6316406,"country":"BR","source":"places","reason":"length","review":"20 code points exceed 16; format rejection, not a lexical false positive."},{"name":"Victoria de Durango","population":518709,"geonameid":4011743,"country":"MX","source":"places","reason":"length","review":"19 code points exceed 16; format rejection, not a lexical false positive."},{"name":"Heroica Matamoros","population":510739,"geonameid":3523466,"country":"MX","source":"places","reason":"length","review":"17 code points exceed 16; format rejection, not a lexical false positive."},{"name":"Mianzhu, Deyang, Sichuan","population":510000,"geonameid":12492662,"country":"CN","source":"places","reason":"length","review":"24 code points exceed 16; format rejection, not a lexical false positive."},{"name":"Naberezhnyye Chelny","population":509870,"geonameid":523750,"country":"RU","source":"places","reason":"length","review":"19 code points exceed 16; format rejection, not a lexical false positive."},{"name":"Kampung Larkin Lama","population":500000,"geonameid":1732724,"country":"MY","source":"places","reason":"length","review":"19 code points exceed 16; format rejection, not a lexical false positive."},{"name":"Ciudad López Mateos","population":489160,"geonameid":3532624,"country":"MX","source":"places","reason":"length","review":"19 code points exceed 16; format rejection, not a lexical false positive."},{"name":"Campos dos Goytacazes","population":483540,"geonameid":3467693,"country":"BR","source":"places","reason":"length","review":"21 code points exceed 16; format rejection, not a lexical false positive."},{"name":"São José do Rio Preto","population":480393,"geonameid":3448639,"country":"BR","source":"places","reason":"length","review":"21 code points exceed 16; format rejection, not a lexical false positive."},{"name":"São João de Meriti","population":466536,"geonameid":3448877,"country":"BR","source":"places","reason":"length","review":"18 code points exceed 16; format rejection, not a lexical false positive."},{"name":"Santo Domingo de los Colorados","population":458580,"geonameid":3651297,"country":"EC","source":"places","reason":"length","review":"30 code points exceed 16; format rejection, not a lexical false positive."},{"name":"Ciudad General Escobedo","population":454967,"geonameid":4005867,"country":"MX","source":"places","reason":"length","review":"23 code points exceed 16; format rejection, not a lexical false positive."},{"name":"Venustiano Carranza","population":430978,"geonameid":3827407,"country":"MX","source":"places","reason":"length","review":"19 code points exceed 16; format rejection, not a lexical false positive."},{"name":"Xalapa de Enríquez","population":424755,"geonameid":3526617,"country":"MX","source":"places","reason":"length","review":"18 code points exceed 16; format rejection, not a lexical false positive."},{"name":"Kampung Kangkar Teberau","population":412373,"geonameid":1762110,"country":"MY","source":"places","reason":"length","review":"23 code points exceed 16; format rejection, not a lexical false positive."},{"name":"San Nicolás de los Garza","population":412199,"geonameid":3985241,"country":"MX","source":"places","reason":"length","review":"24 code points exceed 16; format rejection, not a lexical false positive."},{"name":"Vitória da Conquista","population":396613,"geonameid":3444914,"country":"BR","source":"places","reason":"length","review":"20 code points exceed 16; format rejection, not a lexical false positive."},{"name":"Las Palmas de Gran Canaria","population":383516,"geonameid":2515270,"country":"ES","source":"places","reason":"length","review":"26 code points exceed 16; format rejection, not a lexical false positive."},{"name":"Rajamahendravaram","population":376333,"geonameid":1258932,"country":"IN","source":"places","reason":"length","review":"17 code points exceed 16; format rejection, not a lexical false positive."},{"name":"6th of October City","population":368650,"geonameid":353219,"country":"EG","source":"places","reason":"length","review":"19 code points exceed 16; format rejection, not a lexical false positive."},{"name":"San Jose del Monte","population":357828,"geonameid":1689395,"country":"PH","source":"places","reason":"length","review":"18 code points exceed 16; format rejection, not a lexical false positive."},{"name":"São José dos Pinhais","population":349880,"geonameid":3448632,"country":"BR","source":"places","reason":"length","review":"20 code points exceed 16; format rejection, not a lexical false positive."},{"name":"Ribeirão das Neves","population":346971,"geonameid":3451353,"country":"BR","source":"places","reason":"length","review":"18 code points exceed 16; format rejection, not a lexical false positive."},{"name":"Ḩadā’iq al Qubbah","population":339612,"geonameid":356436,"country":"EG","source":"places","reason":"length","review":"17 code points exceed 16; format rejection, not a lexical false positive."},{"name":"Soledad de Graciano Sánchez","population":332072,"geonameid":3982912,"country":"MX","source":"places","reason":"length","review":"27 code points exceed 16; format rejection, not a lexical false positive."},{"name":"Lexington-Fayette","population":314488,"geonameid":4297999,"country":"US","source":"places","reason":"length","review":"17 code points exceed 16; format rejection, not a lexical false positive."},{"name":"Kingston upon Hull","population":314018,"geonameid":2645425,"country":"GB","source":"places","reason":"length","review":"18 code points exceed 16; format rejection, not a lexical false positive."},{"name":"Al Qāhirah al Jadīdah","population":313139,"geonameid":8134081,"country":"EG","source":"places","reason":"length","review":"21 code points exceed 16; format rejection, not a lexical false positive."},{"name":"Ciudad Benito Juárez","population":308285,"geonameid":4003757,"country":"MX","source":"places","reason":"length","review":"20 code points exceed 16; format rejection, not a lexical false positive."},{"name":"Juazeiro do Norte","population":305531,"geonameid":3397147,"country":"BR","source":"places","reason":"length","review":"17 code points exceed 16; format rejection, not a lexical false positive."},{"name":"Newcastle upon Tyne","population":300125,"geonameid":2641673,"country":"GB","source":"places","reason":"length","review":"19 code points exceed 16; format rejection, not a lexical false positive."}]
[completed compiling 0x3587870dc409 <JSFunction (sfi = 0x1ebf75137121)> (target MAGLEV) - took 0.000, 0.274, 0.013 ms]
[bailout (kind: deopt-eager, reason: wrong map): begin. deoptimizing 0x2232ee2bf851 <JSFunction label (sfi = 0x29cc44068949)>, 0x2e738c5fed91 <Code TURBOFAN_JS>, opt id 41, bytecode offset 0, deopt exit 1, FP to SP delta 32, caller SP 0x7fffb599a598, pc 0x7f6bac03869d]
[marking 0x313a8d9931b9 <JSFunction bad (sfi = 0x1325f3ed319)> for optimization to MAGLEV, ConcurrencyMode::kConcurrent, reason: hot and stable]
[compiling method 0x313a8d9931b9 <JSFunction bad (sfi = 0x1325f3ed319)> (target MAGLEV), mode: ConcurrencyMode::kConcurrent]
[completed compiling 0x313a8d9931b9 <JSFunction bad (sfi = 0x1325f3ed319)> (target MAGLEV) - took 0.001, 0.656, 0.009 ms]
[marking 0x01325f3f0039 <JSFunction reference (sfi = 0x1325f3ed2d1)> for optimization to MAGLEV, ConcurrencyMode::kConcurrent, reason: hot and stable]
[compiling method 0x01325f3f0039 <JSFunction reference (sfi = 0x1325f3ed2d1)> (target MAGLEV), mode: ConcurrencyMode::kConcurrent]
[57757:0xd52a000]     2638 ms: Scavenge 22.1 (31.2) -> 15.7 (32.2) MB, pooled: 0 MB, 9.50 / 0.00 ms  (average mu = 1.000, current mu = 1.000) allocation failure; 
[marking 0x313a8d9931b9 <JSFunction bad (sfi = 0x1325f3ed319)> for optimization to TURBOFAN_JS, ConcurrencyMode::kConcurrent, reason: hot and stable]
[compiling method 0x313a8d9931b9 <JSFunction bad (sfi = 0x1325f3ed319)> (target TURBOFAN_JS), mode: ConcurrencyMode::kConcurrent]
[marking 0x1f0290c40169 <JSFunction (sfi = 0x1ebf75139189)> for optimization to MAGLEV, ConcurrencyMode::kConcurrent, reason: hot and stable]
[compiling method 0x1f0290c40169 <JSFunction (sfi = 0x1ebf75139189)> (target MAGLEV), mode: ConcurrencyMode::kConcurrent]
[bailout (kind: deopt-eager, reason: Insufficient type feedback for generic named access): begin. deoptimizing 0x313a8d9931b9 <JSFunction bad (sfi = 0x1325f3ed319)>, 0x3ef9d45813b9 <Code MAGLEV>, opt id 49, bytecode offset 195, deopt exit 12, FP to SP delta 120, caller SP 0x7fffb599a3a8, pc 0x7f6bac074c87]
[completed compiling 0x01325f3f0039 <JSFunction reference (sfi = 0x1325f3ed2d1)> (target MAGLEV) - took 0.001, 16.828, 0.051 ms]
[marking 0x313a8d9931b9 <JSFunction bad (sfi = 0x1325f3ed319)> for optimization to MAGLEV, ConcurrencyMode::kConcurrent, reason: hot and stable]
[compiling method 0x313a8d9931b9 <JSFunction bad (sfi = 0x1325f3ed319)> (target MAGLEV) OSR, mode: ConcurrencyMode::kConcurrent]
[compiling method 0x313a8d9931b9 <JSFunction bad (sfi = 0x1325f3ed319)> (target MAGLEV), mode: ConcurrencyMode::kConcurrent]
[completed compiling 0x313a8d9931b9 <JSFunction bad (sfi = 0x1325f3ed319)> (target MAGLEV) OSR - took 0.000, 1.297, 0.011 ms]
[completed compiling 0x313a8d9931b9 <JSFunction bad (sfi = 0x1325f3ed319)> (target MAGLEV) - took 0.000, 0.798, 0.010 ms]
[completed compiling 0x1f0290c40169 <JSFunction (sfi = 0x1ebf75139189)> (target MAGLEV) - took 0.001, 3.013, 0.010 ms]
[completed compiling 0x313a8d9931b9 <JSFunction bad (sfi = 0x1325f3ed319)> (target TURBOFAN_JS) - took 0.007, 10.729, 0.029 ms]
[completed optimizing 0x313a8d9931b9 <JSFunction bad (sfi = 0x1325f3ed319)> (target TURBOFAN_JS)]
[57757:0xd52a000]     2652 ms: Scavenge 23.1 (32.2) -> 15.8 (32.9) MB, pooled: 0 MB, 1.07 / 0.00 ms  (average mu = 1.000, current mu = 1.000) allocation failure; 
[bailout (kind: deopt-eager, reason: Insufficient type feedback for generic named access): begin. deoptimizing 0x313a8d9931b9 <JSFunction bad (sfi = 0x1325f3ed319)>, 0x38fd11ad0e89 <Code TURBOFAN_JS>, opt id 50, bytecode offset 195, deopt exit 2, FP to SP delta 88, caller SP 0x7fffb599a4d0, pc 0x7f6bac07b6f2]
[bailout (kind: deopt-eager, reason: Insufficient type feedback for object literal): begin. deoptimizing 0x01325f3f0039 <JSFunction reference (sfi = 0x1325f3ed2d1)>, 0x38fd11acfd19 <Code MAGLEV>, opt id 51, bytecode offset 1449, deopt exit 68, FP to SP delta 176, caller SP 0x7fffb599a5a0, pc 0x7f6bac07a3b0]
[marking 0x313a8d9931b9 <JSFunction bad (sfi = 0x1325f3ed319)> for optimization to MAGLEV, ConcurrencyMode::kConcurrent, reason: hot and stable]
[compiling method 0x313a8d9931b9 <JSFunction bad (sfi = 0x1325f3ed319)> (target MAGLEV) OSR, mode: ConcurrencyMode::kConcurrent]
[compiling method 0x313a8d9931b9 <JSFunction bad (sfi = 0x1325f3ed319)> (target MAGLEV), mode: ConcurrencyMode::kConcurrent]
[completed compiling 0x313a8d9931b9 <JSFunction bad (sfi = 0x1325f3ed319)> (target MAGLEV) OSR - took 0.001, 1.128, 0.012 ms]
[marking 0x01325f3f0039 <JSFunction reference (sfi = 0x1325f3ed2d1)> for optimization to MAGLEV, ConcurrencyMode::kConcurrent, reason: hot and stable]
[compiling method 0x01325f3f0039 <JSFunction reference (sfi = 0x1325f3ed2d1)> (target MAGLEV), mode: ConcurrencyMode::kConcurrent]
[57757:0xd52a000]     2669 ms: Scavenge 23.7 (32.9) -> 15.8 (32.9) MB, pooled: 0 MB, 0.41 / 0.00 ms  (average mu = 1.000, current mu = 1.000) allocation failure; 
[completed compiling 0x01325f3f0039 <JSFunction reference (sfi = 0x1325f3ed2d1)> (target MAGLEV) - took 0.000, 4.119, 0.019 ms]
[completed compiling 0x313a8d9931b9 <JSFunction bad (sfi = 0x1325f3ed319)> (target MAGLEV) - took 0.000, 9.157, 0.019 ms]
[57757:0xd52a000]     2678 ms: Scavenge 23.8 (32.9) -> 15.8 (32.9) MB, pooled: 0 MB, 0.37 / 0.00 ms  (average mu = 1.000, current mu = 1.000) allocation failure; 
[marking 0x313a8d9931b9 <JSFunction bad (sfi = 0x1325f3ed319)> for optimization to TURBOFAN_JS, ConcurrencyMode::kConcurrent, reason: hot and stable]
[compiling method 0x313a8d9931b9 <JSFunction bad (sfi = 0x1325f3ed319)> (target TURBOFAN_JS), mode: ConcurrencyMode::kConcurrent]
[completed compiling 0x313a8d9931b9 <JSFunction bad (sfi = 0x1325f3ed319)> (target TURBOFAN_JS) - took 0.005, 6.490, 4.558 ms]
[completed optimizing 0x313a8d9931b9 <JSFunction bad (sfi = 0x1325f3ed319)> (target TURBOFAN_JS)]
[57757:0xd52a000]     2696 ms: Scavenge 23.8 (32.9) -> 15.9 (32.9) MB, pooled: 0 MB, 0.78 / 0.00 ms  (average mu = 1.000, current mu = 1.000) allocation failure; 
[marking 0x01325f3f0039 <JSFunction reference (sfi = 0x1325f3ed2d1)> for optimization to TURBOFAN_JS, ConcurrencyMode::kConcurrent, reason: hot and stable]
[compiling method 0x01325f3f0039 <JSFunction reference (sfi = 0x1325f3ed2d1)> (target TURBOFAN_JS), mode: ConcurrencyMode::kConcurrent]
[57757:0xd52a000]     2707 ms: Scavenge 23.8 (32.9) -> 15.9 (32.9) MB, pooled: 0 MB, 1.05 / 0.00 ms  (average mu = 1.000, current mu = 1.000) allocation failure; 
[57757:0xd52a000]     2719 ms: Scavenge 23.9 (32.9) -> 15.9 (32.9) MB, pooled: 0 MB, 0.27 / 0.00 ms  (average mu = 1.000, current mu = 1.000) allocation failure; 
[57757:0xd52a000]     2734 ms: Scavenge 23.9 (32.9) -> 16.0 (32.9) MB, pooled: 0 MB, 2.48 / 0.00 ms  (average mu = 1.000, current mu = 1.000) allocation failure; 
[57757:0xd52a000]     2746 ms: Scavenge 23.9 (32.9) -> 16.0 (32.9) MB, pooled: 0 MB, 0.30 / 0.00 ms  (average mu = 1.000, current mu = 1.000) allocation failure; 
[marking 0x15f6f56b0659 <JSFunction (sfi = 0x1ebf75139189)> for optimization to TURBOFAN_JS, ConcurrencyMode::kConcurrent, reason: hot and stable]
[compiling method 0x15f6f56b0659 <JSFunction (sfi = 0x1ebf75139189)> (target TURBOFAN_JS), mode: ConcurrencyMode::kConcurrent]
[57757:0xd52a000]     2758 ms: Scavenge 24.0 (32.9) -> 16.0 (32.9) MB, pooled: 0 MB, 1.64 / 0.00 ms  (average mu = 1.000, current mu = 1.000) allocation failure; 
[completed compiling 0x15f6f56b0659 <JSFunction (sfi = 0x1ebf75139189)> (target TURBOFAN_JS) - took 0.008, 8.122, 0.050 ms]
[completed optimizing 0x15f6f56b0659 <JSFunction (sfi = 0x1ebf75139189)> (target TURBOFAN_JS)]
[57757:0xd52a000]     2773 ms: Scavenge 24.0 (32.9) -> 16.1 (32.9) MB, pooled: 0 MB, 0.28 / 0.00 ms  (average mu = 1.000, current mu = 1.000) allocation failure; 
[completed compiling 0x01325f3f0039 <JSFunction reference (sfi = 0x1325f3ed2d1)> (target TURBOFAN_JS) - took 0.006, 84.352, 0.092 ms]
[completed optimizing 0x01325f3f0039 <JSFunction reference (sfi = 0x1325f3ed2d1)> (target TURBOFAN_JS)]
[57757:0xd52a000]     2788 ms: Scavenge 24.1 (32.9) -> 16.1 (32.9) MB, pooled: 0 MB, 0.29 / 0.00 ms  (average mu = 1.000, current mu = 1.000) allocation failure; 
[57757:0xd52a000]     2800 ms: Scavenge 24.1 (32.9) -> 16.2 (32.9) MB, pooled: 0 MB, 0.50 / 0.00 ms  (average mu = 1.000, current mu = 1.000) allocation failure; 
[57757:0xd52a000]     2811 ms: Scavenge 24.1 (32.9) -> 16.2 (32.9) MB, pooled: 0 MB, 0.29 / 0.00 ms  (average mu = 1.000, current mu = 1.000) allocation failure; 
[57757:0xd52a000]     2823 ms: Scavenge 24.2 (32.9) -> 16.2 (32.9) MB, pooled: 0 MB, 0.37 / 0.00 ms  (average mu = 1.000, current mu = 1.000) allocation failure; 
[marking 0x385445d82129 <JSFunction nameFilter (sfi = 0x355de8aabfe9)> for optimization to MAGLEV, ConcurrencyMode::kConcurrent, reason: hot and stable]
[compiling method 0x385445d82129 <JSFunction nameFilter (sfi = 0x355de8aabfe9)> (target MAGLEV), mode: ConcurrencyMode::kConcurrent]
[marking 0x2232ee2bf851 <JSFunction label (sfi = 0x29cc44068949)> for optimization to MAGLEV, ConcurrencyMode::kConcurrent, reason: hot and stable]
[compiling method 0x2232ee2bf851 <JSFunction label (sfi = 0x29cc44068949)> (target MAGLEV), mode: ConcurrencyMode::kConcurrent]
[completed compiling 0x2232ee2bf851 <JSFunction label (sfi = 0x29cc44068949)> (target MAGLEV) - took 0.000, 0.231, 0.007 ms]
[completed compiling 0x385445d82129 <JSFunction nameFilter (sfi = 0x355de8aabfe9)> (target MAGLEV) - took 0.001, 1.265, 0.017 ms]
[bailout (kind: deopt-eager, reason: Insufficient type feedback for call): begin. deoptimizing 0x385445d82129 <JSFunction nameFilter (sfi = 0x355de8aabfe9)>, 0x3ef9d4583711 <Code MAGLEV>, opt id 62, bytecode offset 403, deopt exit 21, FP to SP delta 88, caller SP 0x7fffb599a748, pc 0x7f6bac090286]
[57757:0xd52a000]     2839 ms: Scavenge 26.2 (35.1) -> 16.9 (33.7) MB, pooled: 0 MB, 0.60 / 0.00 ms  (average mu = 1.000, current mu = 1.000) allocation failure; 
[marking 0x385445d82129 <JSFunction nameFilter (sfi = 0x355de8aabfe9)> for optimization to MAGLEV, ConcurrencyMode::kConcurrent, reason: hot and stable]
[compiling method 0x385445d82129 <JSFunction nameFilter (sfi = 0x355de8aabfe9)> (target MAGLEV), mode: ConcurrencyMode::kConcurrent]
[completed compiling 0x385445d82129 <JSFunction nameFilter (sfi = 0x355de8aabfe9)> (target MAGLEV) - took 0.000, 1.133, 0.031 ms]
[marking 0x01325f3efe81 <JSFunction isAllowedName (sfi = 0x1325f3eb6b1)> for optimization to MAGLEV, ConcurrencyMode::kConcurrent, reason: hot and stable]
[compiling method 0x01325f3efe81 <JSFunction isAllowedName (sfi = 0x1325f3eb6b1)> (target MAGLEV), mode: ConcurrencyMode::kConcurrent]
[completed compiling 0x01325f3efe81 <JSFunction isAllowedName (sfi = 0x1325f3eb6b1)> (target MAGLEV) - took 0.000, 0.117, 0.005 ms]
[57757:0xd52a000]     2844 ms: Scavenge 24.8 (33.7) -> 16.9 (33.7) MB, pooled: 0 MB, 0.33 / 0.00 ms  (average mu = 1.000, current mu = 1.000) allocation failure; 
[57757:0xd52a000]     2851 ms: Scavenge 24.8 (33.7) -> 16.8 (33.7) MB, pooled: 0 MB, 0.24 / 0.00 ms  (average mu = 1.000, current mu = 1.000) allocation failure; 
[57757:0xd52a000]     2856 ms: Scavenge 24.8 (33.7) -> 16.8 (33.7) MB, pooled: 0 MB, 0.11 / 0.00 ms  (average mu = 1.000, current mu = 1.000) allocation failure; 
[57757:0xd52a000]     2863 ms: Scavenge 24.8 (33.7) -> 16.8 (33.7) MB, pooled: 0 MB, 0.12 / 0.00 ms  (average mu = 1.000, current mu = 1.000) allocation failure; 
[57757:0xd52a000]     2870 ms: Scavenge 24.8 (33.7) -> 16.8 (33.7) MB, pooled: 0 MB, 0.15 / 0.00 ms  (average mu = 1.000, current mu = 1.000) allocation failure; 
[57757:0xd52a000]     2884 ms: Scavenge 24.8 (33.7) -> 16.8 (33.7) MB, pooled: 0 MB, 0.14 / 0.00 ms  (average mu = 1.000, current mu = 1.000) allocation failure; 
[57757:0xd52a000]     2915 ms: Scavenge 24.8 (33.7) -> 16.8 (33.7) MB, pooled: 0 MB, 2.96 / 0.00 ms  (average mu = 1.000, current mu = 1.000) allocation failure; 
[57757:0xd52a000]     2943 ms: Scavenge 24.8 (33.7) -> 16.8 (33.7) MB, pooled: 0 MB, 0.15 / 0.00 ms  (average mu = 1.000, current mu = 1.000) allocation failure; 
[marking 0x2232ee2bf851 <JSFunction label (sfi = 0x29cc44068949)> for optimization to TURBOFAN_JS, ConcurrencyMode::kConcurrent, reason: hot and stable]
[compiling method 0x2232ee2bf851 <JSFunction label (sfi = 0x29cc44068949)> (target TURBOFAN_JS), mode: ConcurrencyMode::kConcurrent]
[completed compiling 0x2232ee2bf851 <JSFunction label (sfi = 0x29cc44068949)> (target TURBOFAN_JS) - took 0.020, 1.208, 0.067 ms]
[completed optimizing 0x2232ee2bf851 <JSFunction label (sfi = 0x29cc44068949)> (target TURBOFAN_JS)]
[57757:0xd52a000]     2954 ms: Scavenge 24.8 (33.7) -> 16.8 (33.7) MB, pooled: 0 MB, 0.17 / 0.00 ms  (average mu = 1.000, current mu = 1.000) allocation failure; 
[57757:0xd52a000]     2969 ms: Scavenge 24.8 (33.7) -> 16.8 (33.7) MB, pooled: 0 MB, 0.20 / 0.00 ms  (average mu = 1.000, current mu = 1.000) allocation failure; 
[57757:0xd52a000]     2982 ms: Scavenge 24.8 (33.7) -> 16.8 (33.7) MB, pooled: 0 MB, 0.14 / 0.00 ms  (average mu = 1.000, current mu = 1.000) allocation failure; 
[marking 0x385445d82129 <JSFunction nameFilter (sfi = 0x355de8aabfe9)> for optimization to TURBOFAN_JS, ConcurrencyMode::kConcurrent, reason: hot and stable]
[compiling method 0x385445d82129 <JSFunction nameFilter (sfi = 0x355de8aabfe9)> (target TURBOFAN_JS), mode: ConcurrencyMode::kConcurrent]
[completed compiling 0x385445d82129 <JSFunction nameFilter (sfi = 0x355de8aabfe9)> (target TURBOFAN_JS) - took 0.009, 11.189, 0.077 ms]
[completed optimizing 0x385445d82129 <JSFunction nameFilter (sfi = 0x355de8aabfe9)> (target TURBOFAN_JS)]
[57757:0xd52a000]     2996 ms: Scavenge 24.8 (33.7) -> 16.9 (33.7) MB, pooled: 0 MB, 0.16 / 0.00 ms  (average mu = 1.000, current mu = 1.000) allocation failure; 
[57757:0xd52a000]     3009 ms: Scavenge 24.8 (33.7) -> 16.9 (33.7) MB, pooled: 0 MB, 0.19 / 0.00 ms  (average mu = 1.000, current mu = 1.000) allocation failure; 
[57757:0xd52a000]     3019 ms: Scavenge 24.9 (33.7) -> 16.9 (33.7) MB, pooled: 0 MB, 1.46 / 0.00 ms  (average mu = 1.000, current mu = 1.000) allocation failure; 
[57757:0xd52a000]     3029 ms: Scavenge 24.9 (33.7) -> 16.9 (33.7) MB, pooled: 0 MB, 0.12 / 0.00 ms  (average mu = 1.000, current mu = 1.000) allocation failure; 
[57757:0xd52a000]     3041 ms: Scavenge 24.9 (33.7) -> 16.9 (33.7) MB, pooled: 0 MB, 0.12 / 0.00 ms  (average mu = 1.000, current mu = 1.000) allocation failure; 
[57757:0xd52a000]     3050 ms: Scavenge 24.9 (33.7) -> 16.9 (33.7) MB, pooled: 0 MB, 0.18 / 0.00 ms  (average mu = 1.000, current mu = 1.000) allocation failure; 
[57757:0xd52a000]     3061 ms: Scavenge 24.9 (33.7) -> 16.9 (33.7) MB, pooled: 0 MB, 0.19 / 0.00 ms  (average mu = 1.000, current mu = 1.000) allocation failure; 
[57757:0xd52a000]     3071 ms: Scavenge 24.9 (33.7) -> 16.9 (33.7) MB, pooled: 0 MB, 0.15 / 0.00 ms  (average mu = 1.000, current mu = 1.000) allocation failure; 
[marking 0x2232ee28b291 <JSFunction lower (sfi = 0x1325f3eb819)> for optimization to TURBOFAN_JS, ConcurrencyMode::kConcurrent, reason: hot and stable]
[compiling method 0x2232ee28b291 <JSFunction lower (sfi = 0x1325f3eb819)> (target TURBOFAN_JS), mode: ConcurrencyMode::kConcurrent]
[completed compiling 0x2232ee28b291 <JSFunction lower (sfi = 0x1325f3eb819)> (target TURBOFAN_JS) - took 0.009, 0.734, 0.028 ms]
[completed optimizing 0x2232ee28b291 <JSFunction lower (sfi = 0x1325f3eb819)> (target TURBOFAN_JS)]
[57757:0xd52a000]     3082 ms: Scavenge 24.9 (33.7) -> 16.9 (33.7) MB, pooled: 0 MB, 0.19 / 0.00 ms  (average mu = 1.000, current mu = 1.000) allocation failure; 
[57757:0xd52a000]     3095 ms: Scavenge 24.9 (33.7) -> 16.9 (33.7) MB, pooled: 0 MB, 0.12 / 0.00 ms  (average mu = 1.000, current mu = 1.000) allocation failure; 
[57757:0xd52a000]     3109 ms: Scavenge 24.9 (33.7) -> 16.9 (33.7) MB, pooled: 0 MB, 0.11 / 0.00 ms  (average mu = 1.000, current mu = 1.000) allocation failure; 
[57757:0xd52a000]     3119 ms: Scavenge 24.9 (33.7) -> 16.9 (33.7) MB, pooled: 0 MB, 0.12 / 0.00 ms  (average mu = 1.000, current mu = 1.000) allocation failure; 
[57757:0xd52a000]     3132 ms: Scavenge 24.9 (33.7) -> 16.9 (33.7) MB, pooled: 0 MB, 0.11 / 0.00 ms  (average mu = 1.000, current mu = 1.000) allocation failure; 
[bailout (kind: deopt-eager, reason: out of bounds): begin. deoptimizing 0x385445d82129 <JSFunction nameFilter (sfi = 0x355de8aabfe9)>, 0x38fd11adc3d9 <Code TURBOFAN_JS>, opt id 66, bytecode offset 120, deopt exit 36, FP to SP delta 80, caller SP 0x7fffb599a748, pc 0x7f6bac093385]
[57757:0xd52a000]     3148 ms: Scavenge 24.9 (33.7) -> 16.9 (33.7) MB, pooled: 0 MB, 0.32 / 0.00 ms  (average mu = 1.000, current mu = 1.000) allocation failure; 
[marking 0x385445d82129 <JSFunction nameFilter (sfi = 0x355de8aabfe9)> for optimization to MAGLEV, ConcurrencyMode::kConcurrent, reason: hot and stable]
[compiling method 0x385445d82129 <JSFunction nameFilter (sfi = 0x355de8aabfe9)> (target MAGLEV), mode: ConcurrencyMode::kConcurrent]
[completed compiling 0x385445d82129 <JSFunction nameFilter (sfi = 0x355de8aabfe9)> (target MAGLEV) - took 0.001, 0.724, 0.026 ms]
[57757:0xd52a000]     3164 ms: Scavenge 24.9 (33.7) -> 16.9 (33.7) MB, pooled: 0 MB, 0.17 / 0.00 ms  (average mu = 1.000, current mu = 1.000) allocation failure; 
[57757:0xd52a000]     3194 ms: Scavenge 24.9 (33.7) -> 16.9 (33.7) MB, pooled: 0 MB, 0.17 / 0.00 ms  (average mu = 1.000, current mu = 1.000) allocation failure; 
[57757:0xd52a000]     3220 ms: Scavenge 24.9 (33.7) -> 16.9 (33.7) MB, pooled: 0 MB, 0.13 / 0.00 ms  (average mu = 1.000, current mu = 1.000) allocation failure; 
[57757:0xd52a000]     3234 ms: Scavenge 24.9 (33.7) -> 16.9 (33.7) MB, pooled: 0 MB, 0.12 / 0.00 ms  (average mu = 1.000, current mu = 1.000) allocation failure; 
[57757:0xd52a000]     3250 ms: Scavenge 24.9 (33.7) -> 16.9 (33.7) MB, pooled: 0 MB, 0.12 / 0.00 ms  (average mu = 1.000, current mu = 1.000) allocation failure; 
[57757:0xd52a000]     3263 ms: Scavenge 24.9 (33.7) -> 16.9 (33.7) MB, pooled: 0 MB, 0.17 / 0.00 ms  (average mu = 1.000, current mu = 1.000) allocation failure; 
[57757:0xd52a000]     3283 ms: Scavenge 24.9 (33.7) -> 16.9 (33.7) MB, pooled: 0 MB, 0.12 / 0.00 ms  (average mu = 1.000, current mu = 1.000) allocation failure; 
[57757:0xd52a000]     3301 ms: Scavenge 24.9 (33.7) -> 16.9 (33.7) MB, pooled: 0 MB, 0.12 / 0.00 ms  (average mu = 1.000, current mu = 1.000) allocation failure; 
[57757:0xd52a000]     3323 ms: Scavenge 24.9 (33.7) -> 16.9 (33.7) MB, pooled: 0 MB, 0.22 / 0.00 ms  (average mu = 1.000, current mu = 1.000) allocation failure; 
[57757:0xd52a000]     3345 ms: Scavenge 24.9 (33.7) -> 16.9 (33.7) MB, pooled: 0 MB, 0.41 / 0.00 ms  (average mu = 1.000, current mu = 1.000) allocation failure; 
[57757:0xd52a000]     3363 ms: Scavenge 24.9 (33.7) -> 16.9 (33.7) MB, pooled: 0 MB, 0.12 / 0.00 ms  (average mu = 1.000, current mu = 1.000) allocation failure; 
[marking 0x2232ee28b301 <JSFunction clean (sfi = 0x1325f3eb8a9)> for optimization to TURBOFAN_JS, ConcurrencyMode::kConcurrent, reason: hot and stable]
[compiling method 0x2232ee28b301 <JSFunction clean (sfi = 0x1325f3eb8a9)> (target TURBOFAN_JS), mode: ConcurrencyMode::kConcurrent]
[completed compiling 0x2232ee28b301 <JSFunction clean (sfi = 0x1325f3eb8a9)> (target TURBOFAN_JS) - took 0.010, 1.726, 0.040 ms]
[completed optimizing 0x2232ee28b301 <JSFunction clean (sfi = 0x1325f3eb8a9)> (target TURBOFAN_JS)]
[57757:0xd52a000]     3386 ms: Scavenge 24.9 (33.7) -> 16.9 (33.7) MB, pooled: 0 MB, 0.12 / 0.00 ms  (average mu = 1.000, current mu = 1.000) allocation failure; 
[marking 0x01325f3efe81 <JSFunction isAllowedName (sfi = 0x1325f3eb6b1)> for optimization to TURBOFAN_JS, ConcurrencyMode::kConcurrent, reason: hot and stable]
[compiling method 0x01325f3efe81 <JSFunction isAllowedName (sfi = 0x1325f3eb6b1)> (target TURBOFAN_JS), mode: ConcurrencyMode::kConcurrent]
[completed compiling 0x01325f3efe81 <JSFunction isAllowedName (sfi = 0x1325f3eb6b1)> (target TURBOFAN_JS) - took 0.009, 0.772, 0.048 ms]
[completed optimizing 0x01325f3efe81 <JSFunction isAllowedName (sfi = 0x1325f3eb6b1)> (target TURBOFAN_JS)]
[marking 0x2232ee28b2c9 <JSFunction normalize (sfi = 0x1325f3eb861)> for optimization to TURBOFAN_JS, ConcurrencyMode::kConcurrent, reason: hot and stable]
[compiling method 0x2232ee28b2c9 <JSFunction normalize (sfi = 0x1325f3eb861)> (target TURBOFAN_JS), mode: ConcurrencyMode::kConcurrent]
[completed compiling 0x2232ee28b2c9 <JSFunction normalize (sfi = 0x1325f3eb861)> (target TURBOFAN_JS) - took 0.009, 0.572, 0.833 ms]
[completed optimizing 0x2232ee28b2c9 <JSFunction normalize (sfi = 0x1325f3eb861)> (target TURBOFAN_JS)]
[marking 0x385445d82129 <JSFunction nameFilter (sfi = 0x355de8aabfe9)> for optimization to TURBOFAN_JS, ConcurrencyMode::kConcurrent, reason: hot and stable]
[compiling method 0x385445d82129 <JSFunction nameFilter (sfi = 0x355de8aabfe9)> (target TURBOFAN_JS), mode: ConcurrencyMode::kConcurrent]
[57757:0xd52a000]     3407 ms: Scavenge 24.9 (33.7) -> 16.9 (33.7) MB, pooled: 0 MB, 2.21 / 0.00 ms  (average mu = 1.000, current mu = 1.000) allocation failure; 
[completed compiling 0x385445d82129 <JSFunction nameFilter (sfi = 0x355de8aabfe9)> (target TURBOFAN_JS) - took 0.007, 18.617, 0.153 ms]
[completed optimizing 0x385445d82129 <JSFunction nameFilter (sfi = 0x355de8aabfe9)> (target TURBOFAN_JS)]
[57757:0xd52a000]     3429 ms: Scavenge 24.9 (33.7) -> 16.9 (33.7) MB, pooled: 0 MB, 0.18 / 0.00 ms  (average mu = 1.000, current mu = 1.000) allocation failure; 
[marking 0x01325f3ef5e9 <JSFunction (sfi = 0x29cc44067da1)> for optimization to MAGLEV, ConcurrencyMode::kConcurrent, reason: hot and stable]
[57757:0xd52a000]     3444 ms: Scavenge 24.9 (33.7) -> 16.9 (33.7) MB, pooled: 0 MB, 0.13 / 0.00 ms  (average mu = 1.000, current mu = 1.000) allocation failure; 
[57757:0xd52a000]     3456 ms: Scavenge 24.9 (33.7) -> 16.9 (33.7) MB, pooled: 0 MB, 0.11 / 0.00 ms  (average mu = 1.000, current mu = 1.000) allocation failure; 
[57757:0xd52a000]     3468 ms: Scavenge 24.9 (33.7) -> 16.9 (33.7) MB, pooled: 0 MB, 0.12 / 0.00 ms  (average mu = 1.000, current mu = 1.000) allocation failure; 
[57757:0xd52a000]     3486 ms: Scavenge 24.9 (33.7) -> 16.9 (33.7) MB, pooled: 0 MB, 0.13 / 0.00 ms  (average mu = 1.000, current mu = 1.000) allocation failure; 
[57757:0xd52a000]     3506 ms: Scavenge 24.9 (33.7) -> 16.9 (33.7) MB, pooled: 0 MB, 0.22 / 0.00 ms  (average mu = 1.000, current mu = 1.000) allocation failure; 
[57757:0xd52a000]     3516 ms: Scavenge 24.9 (33.7) -> 16.9 (33.7) MB, pooled: 0 MB, 0.12 / 0.00 ms  (average mu = 1.000, current mu = 1.000) allocation failure; 
[57757:0xd52a000]     3532 ms: Scavenge 24.9 (33.7) -> 16.9 (33.7) MB, pooled: 0 MB, 0.12 / 0.00 ms  (average mu = 1.000, current mu = 1.000) allocation failure; 
[57757:0xd52a000]     3551 ms: Scavenge 24.9 (33.7) -> 16.9 (33.7) MB, pooled: 0 MB, 0.12 / 0.00 ms  (average mu = 1.000, current mu = 1.000) allocation failure; 
[57757:0xd52a000]     3563 ms: Scavenge 24.9 (33.7) -> 16.9 (33.7) MB, pooled: 0 MB, 0.24 / 0.00 ms  (average mu = 1.000, current mu = 1.000) allocation failure; 
[57757:0xd52a000]     3578 ms: Scavenge 24.9 (33.7) -> 16.9 (33.7) MB, pooled: 0 MB, 0.12 / 0.00 ms  (average mu = 1.000, current mu = 1.000) allocation failure; 
[57757:0xd52a000]     3593 ms: Scavenge 24.9 (33.7) -> 16.9 (33.7) MB, pooled: 0 MB, 0.24 / 0.00 ms  (average mu = 1.000, current mu = 1.000) allocation failure; 
[57757:0xd52a000]     3606 ms: Scavenge 24.9 (33.7) -> 16.9 (33.7) MB, pooled: 0 MB, 0.38 / 0.00 ms  (average mu = 1.000, current mu = 1.000) allocation failure; 
[57757:0xd52a000]     3618 ms: Scavenge 24.9 (33.7) -> 16.9 (33.7) MB, pooled: 0 MB, 0.11 / 0.00 ms  (average mu = 1.000, current mu = 1.000) allocation failure; 
[57757:0xd52a000]     3627 ms: Scavenge 24.9 (33.7) -> 16.9 (33.7) MB, pooled: 0 MB, 0.14 / 0.00 ms  (average mu = 1.000, current mu = 1.000) allocation failure; 
[57757:0xd52a000]     3640 ms: Scavenge 24.9 (33.7) -> 16.9 (33.7) MB, pooled: 0 MB, 0.12 / 0.00 ms  (average mu = 1.000, current mu = 1.000) allocation failure; 
[57757:0xd52a000]     3651 ms: Scavenge 24.9 (33.7) -> 16.9 (33.7) MB, pooled: 0 MB, 0.11 / 0.00 ms  (average mu = 1.000, current mu = 1.000) allocation failure; 
[57757:0xd52a000]     3662 ms: Scavenge 24.9 (33.7) -> 16.9 (33.7) MB, pooled: 0 MB, 0.12 / 0.00 ms  (average mu = 1.000, current mu = 1.000) allocation failure; 
[57757:0xd52a000]     3685 ms: Scavenge 24.9 (33.7) -> 16.9 (33.7) MB, pooled: 0 MB, 1.68 / 0.00 ms  (average mu = 1.000, current mu = 1.000) allocation failure; 
[compiling method 0x01325f3ef5e9 <JSFunction (sfi = 0x29cc44067da1)> (target MAGLEV) OSR, mode: ConcurrencyMode::kConcurrent]
[completed compiling 0x01325f3ef5e9 <JSFunction (sfi = 0x29cc44067da1)> (target MAGLEV) OSR - took 0.001, 1.615, 0.038 ms]
[57757:0xd52a000]     3707 ms: Scavenge 24.9 (33.7) -> 16.9 (33.7) MB, pooled: 0 MB, 0.15 / 0.00 ms  (average mu = 1.000, current mu = 1.000) allocation failure; 
[57757:0xd52a000]     3722 ms: Scavenge 24.9 (33.7) -> 16.9 (33.7) MB, pooled: 0 MB, 0.17 / 0.00 ms  (average mu = 1.000, current mu = 1.000) allocation failure; 
[57757:0xd52a000]     3738 ms: Scavenge 24.9 (33.7) -> 16.9 (33.7) MB, pooled: 0 MB, 2.20 / 0.00 ms  (average mu = 1.000, current mu = 1.000) allocation failure; 
[57757:0xd52a000]     3746 ms: Scavenge 24.9 (33.7) -> 16.9 (33.7) MB, pooled: 0 MB, 0.11 / 0.00 ms  (average mu = 1.000, current mu = 1.000) allocation failure; 
[57757:0xd52a000]     3762 ms: Scavenge 24.9 (33.7) -> 16.9 (33.7) MB, pooled: 0 MB, 0.12 / 0.00 ms  (average mu = 1.000, current mu = 1.000) allocation failure; 
[57757:0xd52a000]     3776 ms: Scavenge 24.9 (33.7) -> 16.9 (33.7) MB, pooled: 0 MB, 0.12 / 0.00 ms  (average mu = 1.000, current mu = 1.000) allocation failure; 
[57757:0xd52a000]     3796 ms: Scavenge 24.9 (33.7) -> 16.9 (33.7) MB, pooled: 0 MB, 0.19 / 0.00 ms  (average mu = 1.000, current mu = 1.000) allocation failure; 
[57757:0xd52a000]     3811 ms: Scavenge 24.9 (33.7) -> 16.9 (33.7) MB, pooled: 0 MB, 0.11 / 0.00 ms  (average mu = 1.000, current mu = 1.000) allocation failure; 
[57757:0xd52a000]     3826 ms: Scavenge 24.9 (33.7) -> 16.9 (33.7) MB, pooled: 0 MB, 0.11 / 0.00 ms  (average mu = 1.000, current mu = 1.000) allocation failure; 
[57757:0xd52a000]     3841 ms: Scavenge 24.9 (33.7) -> 16.9 (33.7) MB, pooled: 0 MB, 0.11 / 0.00 ms  (average mu = 1.000, current mu = 1.000) allocation failure; 
[57757:0xd52a000]     3851 ms: Scavenge 24.9 (33.7) -> 16.9 (33.7) MB, pooled: 0 MB, 0.11 / 0.00 ms  (average mu = 1.000, current mu = 1.000) allocation failure; 
[57757:0xd52a000]     3875 ms: Scavenge 24.9 (33.7) -> 16.9 (33.7) MB, pooled: 0 MB, 0.12 / 0.00 ms  (average mu = 1.000, current mu = 1.000) allocation failure; 
[57757:0xd52a000]     3888 ms: Scavenge 24.9 (33.7) -> 16.9 (33.7) MB, pooled: 0 MB, 0.12 / 0.00 ms  (average mu = 1.000, current mu = 1.000) allocation failure; 
[57757:0xd52a000]     3899 ms: Scavenge 24.9 (33.7) -> 16.9 (33.7) MB, pooled: 0 MB, 0.12 / 0.00 ms  (average mu = 1.000, current mu = 1.000) allocation failure; 
[57757:0xd52a000]     3926 ms: Scavenge 24.9 (33.7) -> 16.9 (33.7) MB, pooled: 0 MB, 0.13 / 0.00 ms  (average mu = 1.000, current mu = 1.000) allocation failure; 
[57757:0xd52a000]     3950 ms: Scavenge 24.9 (33.7) -> 16.9 (33.7) MB, pooled: 0 MB, 0.12 / 0.00 ms  (average mu = 1.000, current mu = 1.000) allocation failure; 
[57757:0xd52a000]     3969 ms: Scavenge 24.9 (33.7) -> 16.9 (33.7) MB, pooled: 0 MB, 0.76 / 0.00 ms  (average mu = 1.000, current mu = 1.000) allocation failure; 
[57757:0xd52a000]     3988 ms: Scavenge 24.9 (33.7) -> 16.9 (33.7) MB, pooled: 0 MB, 0.12 / 0.00 ms  (average mu = 1.000, current mu = 1.000) allocation failure; 
[57757:0xd52a000]     4003 ms: Scavenge 24.9 (33.7) -> 16.9 (33.7) MB, pooled: 0 MB, 0.16 / 0.00 ms  (average mu = 1.000, current mu = 1.000) allocation failure; 
[57757:0xd52a000]     4023 ms: Scavenge 24.9 (33.7) -> 16.9 (33.7) MB, pooled: 0 MB, 0.12 / 0.00 ms  (average mu = 1.000, current mu = 1.000) allocation failure; 
[57757:0xd52a000]     4037 ms: Scavenge 24.9 (33.7) -> 16.9 (33.7) MB, pooled: 0 MB, 0.19 / 0.00 ms  (average mu = 1.000, current mu = 1.000) allocation failure; 
[57757:0xd52a000]     4050 ms: Scavenge 24.9 (33.7) -> 16.9 (33.7) MB, pooled: 0 MB, 1.70 / 0.00 ms  (average mu = 1.000, current mu = 1.000) allocation failure; 
[57757:0xd52a000]     4062 ms: Scavenge 24.9 (33.7) -> 16.9 (33.7) MB, pooled: 0 MB, 0.19 / 0.00 ms  (average mu = 1.000, current mu = 1.000) allocation failure; 
[compiling method 0x01325f3ef5e9 <JSFunction (sfi = 0x29cc44067da1)> (target TURBOFAN_JS) OSR, mode: ConcurrencyMode::kConcurrent]
[completed compiling 0x01325f3ef5e9 <JSFunction (sfi = 0x29cc44067da1)> (target TURBOFAN_JS) OSR - took 0.016, 5.938, 0.133 ms]
[completed optimizing 0x01325f3ef5e9 <JSFunction (sfi = 0x29cc44067da1)> (target TURBOFAN_JS) OSR]
[bailout (kind: deopt-eager, reason: prepare for on stack replacement (OSR)): begin. deoptimizing 0x01325f3ef5e9 <JSFunction (sfi = 0x29cc44067da1)>, 0x38fd11ae0c11 <Code MAGLEV>, opt id 73, bytecode offset 7320, deopt exit 37, FP to SP delta 1024, caller SP 0x7fffb599ab60, pc 0x7f6bac097708]
[57757:0xd52a000]     4078 ms: Scavenge 24.9 (33.7) -> 16.9 (33.7) MB, pooled: 0 MB, 0.24 / 0.00 ms  (average mu = 1.000, current mu = 1.000) allocation failure; 
[57757:0xd52a000]     4094 ms: Scavenge 24.9 (33.7) -> 16.9 (33.7) MB, pooled: 0 MB, 0.38 / 0.00 ms  (average mu = 1.000, current mu = 1.000) allocation failure; 
[57757:0xd52a000]     4110 ms: Scavenge 24.9 (33.7) -> 16.9 (33.7) MB, pooled: 0 MB, 0.23 / 0.00 ms  (average mu = 1.000, current mu = 1.000) allocation failure; 
[57757:0xd52a000]     4123 ms: Scavenge 24.9 (33.7) -> 16.9 (33.7) MB, pooled: 0 MB, 0.12 / 0.00 ms  (average mu = 1.000, current mu = 1.000) allocation failure; 
[57757:0xd52a000]     4141 ms: Scavenge 24.9 (33.7) -> 16.9 (33.7) MB, pooled: 0 MB, 0.12 / 0.00 ms  (average mu = 1.000, current mu = 1.000) allocation failure; 
[57757:0xd52a000]     4165 ms: Scavenge 24.9 (33.7) -> 16.9 (33.7) MB, pooled: 0 MB, 0.13 / 0.00 ms  (average mu = 1.000, current mu = 1.000) allocation failure; 
[57757:0xd52a000]     4196 ms: Scavenge 24.9 (33.7) -> 16.9 (33.7) MB, pooled: 0 MB, 0.12 / 0.00 ms  (average mu = 1.000, current mu = 1.000) allocation failure; 
[57757:0xd52a000]     4213 ms: Scavenge 24.9 (33.7) -> 16.9 (33.7) MB, pooled: 0 MB, 0.12 / 0.00 ms  (average mu = 1.000, current mu = 1.000) allocation failure; 
[57757:0xd52a000]     4226 ms: Scavenge 24.9 (33.7) -> 16.9 (33.7) MB, pooled: 0 MB, 0.12 / 0.00 ms  (average mu = 1.000, current mu = 1.000) allocation failure; 
[57757:0xd52a000]     4242 ms: Scavenge 24.9 (33.7) -> 16.9 (33.7) MB, pooled: 0 MB, 0.26 / 0.00 ms  (average mu = 1.000, current mu = 1.000) allocation failure; 
[57757:0xd52a000]     4255 ms: Scavenge 24.9 (33.7) -> 16.9 (33.7) MB, pooled: 0 MB, 0.11 / 0.00 ms  (average mu = 1.000, current mu = 1.000) allocation failure; 
[57757:0xd52a000]     4263 ms: Scavenge 24.9 (33.7) -> 16.9 (33.7) MB, pooled: 0 MB, 0.12 / 0.00 ms  (average mu = 1.000, current mu = 1.000) allocation failure; 
[57757:0xd52a000]     4277 ms: Scavenge 24.9 (33.7) -> 16.9 (33.7) MB, pooled: 0 MB, 0.11 / 0.00 ms  (average mu = 1.000, current mu = 1.000) allocation failure; 
[57757:0xd52a000]     4292 ms: Scavenge 24.9 (33.7) -> 16.9 (33.7) MB, pooled: 0 MB, 0.12 / 0.00 ms  (average mu = 1.000, current mu = 1.000) allocation failure; 
[57757:0xd52a000]     4308 ms: Scavenge 24.9 (33.7) -> 16.9 (33.7) MB, pooled: 0 MB, 0.14 / 0.00 ms  (average mu = 1.000, current mu = 1.000) allocation failure; 
[57757:0xd52a000]     4322 ms: Scavenge 24.9 (33.7) -> 16.9 (33.7) MB, pooled: 0 MB, 0.15 / 0.00 ms  (average mu = 1.000, current mu = 1.000) allocation failure; 
[57757:0xd52a000]     4344 ms: Scavenge 24.9 (33.7) -> 16.9 (33.7) MB, pooled: 0 MB, 1.96 / 0.00 ms  (average mu = 1.000, current mu = 1.000) allocation failure; 
[57757:0xd52a000]     4361 ms: Scavenge 24.9 (33.7) -> 16.9 (33.7) MB, pooled: 0 MB, 1.03 / 0.00 ms  (average mu = 1.000, current mu = 1.000) allocation failure; 
[57757:0xd52a000]     4378 ms: Scavenge 24.9 (33.7) -> 16.9 (33.7) MB, pooled: 0 MB, 0.15 / 0.00 ms  (average mu = 1.000, current mu = 1.000) allocation failure; 
[57757:0xd52a000]     4395 ms: Scavenge 24.9 (33.7) -> 16.9 (33.7) MB, pooled: 0 MB, 0.12 / 0.00 ms  (average mu = 1.000, current mu = 1.000) allocation failure; 
[57757:0xd52a000]     4413 ms: Scavenge 24.9 (33.7) -> 16.9 (33.7) MB, pooled: 0 MB, 0.18 / 0.00 ms  (average mu = 1.000, current mu = 1.000) allocation failure; 
[57757:0xd52a000]     4443 ms: Scavenge 24.9 (33.7) -> 16.9 (33.7) MB, pooled: 0 MB, 2.13 / 0.00 ms  (average mu = 1.000, current mu = 1.000) allocation failure; 
[57757:0xd52a000]     4459 ms: Scavenge 24.9 (33.7) -> 16.9 (33.7) MB, pooled: 0 MB, 0.12 / 0.00 ms  (average mu = 1.000, current mu = 1.000) allocation failure; 
[57757:0xd52a000]     4477 ms: Scavenge 24.9 (33.7) -> 16.9 (33.7) MB, pooled: 0 MB, 0.15 / 0.00 ms  (average mu = 1.000, current mu = 1.000) allocation failure; 
[57757:0xd52a000]     4495 ms: Scavenge 24.9 (33.7) -> 16.9 (33.7) MB, pooled: 0 MB, 0.12 / 0.00 ms  (average mu = 1.000, current mu = 1.000) allocation failure; 
[57757:0xd52a000]     4512 ms: Scavenge 24.9 (33.7) -> 16.9 (33.7) MB, pooled: 0 MB, 0.15 / 0.00 ms  (average mu = 1.000, current mu = 1.000) allocation failure; 
[57757:0xd52a000]     4527 ms: Scavenge 24.9 (33.7) -> 16.9 (33.7) MB, pooled: 0 MB, 0.11 / 0.00 ms  (average mu = 1.000, current mu = 1.000) allocation failure; 
[57757:0xd52a000]     4541 ms: Scavenge 24.9 (33.7) -> 16.9 (33.7) MB, pooled: 0 MB, 0.12 / 0.00 ms  (average mu = 1.000, current mu = 1.000) allocation failure; 
[57757:0xd52a000]     4553 ms: Scavenge 24.9 (33.7) -> 16.9 (33.7) MB, pooled: 0 MB, 1.82 / 0.00 ms  (average mu = 1.000, current mu = 1.000) allocation failure; 
[57757:0xd52a000]     4569 ms: Scavenge 24.9 (33.7) -> 16.9 (33.7) MB, pooled: 0 MB, 0.11 / 0.00 ms  (average mu = 1.000, current mu = 1.000) allocation failure; 
[57757:0xd52a000]     4579 ms: Scavenge 24.9 (33.7) -> 16.9 (33.7) MB, pooled: 0 MB, 0.11 / 0.00 ms  (average mu = 1.000, current mu = 1.000) allocation failure; 
[57757:0xd52a000]     4596 ms: Scavenge 24.9 (33.7) -> 16.9 (33.7) MB, pooled: 0 MB, 0.11 / 0.00 ms  (average mu = 1.000, current mu = 1.000) allocation failure; 
[57757:0xd52a000]     4610 ms: Scavenge 24.9 (33.7) -> 16.9 (33.7) MB, pooled: 0 MB, 0.19 / 0.00 ms  (average mu = 1.000, current mu = 1.000) allocation failure; 
[57757:0xd52a000]     4624 ms: Scavenge 24.9 (33.7) -> 16.9 (33.7) MB, pooled: 0 MB, 0.11 / 0.00 ms  (average mu = 1.000, current mu = 1.000) allocation failure; 
[57757:0xd52a000]     4634 ms: Scavenge 24.9 (33.7) -> 16.9 (33.7) MB, pooled: 0 MB, 0.92 / 0.00 ms  (average mu = 1.000, current mu = 1.000) allocation failure; 
[57757:0xd52a000]     4644 ms: Scavenge 24.9 (33.7) -> 16.9 (33.7) MB, pooled: 0 MB, 0.11 / 0.00 ms  (average mu = 1.000, current mu = 1.000) allocation failure; 
[57757:0xd52a000]     4657 ms: Scavenge 24.9 (33.7) -> 16.9 (33.7) MB, pooled: 0 MB, 0.11 / 0.00 ms  (average mu = 1.000, current mu = 1.000) allocation failure; 
[57757:0xd52a000]     4669 ms: Scavenge 24.9 (33.7) -> 16.9 (33.7) MB, pooled: 0 MB, 0.10 / 0.00 ms  (average mu = 1.000, current mu = 1.000) allocation failure; 
[57757:0xd52a000]     4692 ms: Scavenge 24.9 (33.7) -> 16.9 (33.7) MB, pooled: 0 MB, 0.12 / 0.00 ms  (average mu = 1.000, current mu = 1.000) allocation failure; 
[57757:0xd52a000]     4707 ms: Scavenge 24.9 (33.7) -> 16.9 (33.7) MB, pooled: 0 MB, 0.12 / 0.00 ms  (average mu = 1.000, current mu = 1.000) allocation failure; 
[57757:0xd52a000]     4718 ms: Scavenge 24.9 (33.7) -> 16.9 (33.7) MB, pooled: 0 MB, 1.48 / 0.00 ms  (average mu = 1.000, current mu = 1.000) allocation failure; 
[57757:0xd52a000]     4728 ms: Scavenge 24.9 (33.7) -> 16.9 (33.7) MB, pooled: 0 MB, 0.12 / 0.00 ms  (average mu = 1.000, current mu = 1.000) allocation failure; 
[57757:0xd52a000]     4746 ms: Scavenge 24.9 (33.7) -> 16.9 (33.7) MB, pooled: 0 MB, 0.11 / 0.00 ms  (average mu = 1.000, current mu = 1.000) allocation failure; 
[57757:0xd52a000]     4758 ms: Scavenge 24.9 (33.7) -> 16.9 (33.7) MB, pooled: 0 MB, 0.11 / 0.00 ms  (average mu = 1.000, current mu = 1.000) allocation failure; 
[57757:0xd52a000]     4768 ms: Scavenge 24.9 (33.7) -> 16.9 (33.7) MB, pooled: 0 MB, 0.11 / 0.00 ms  (average mu = 1.000, current mu = 1.000) allocation failure; 
[57757:0xd52a000]     4779 ms: Scavenge 24.9 (33.7) -> 16.9 (33.7) MB, pooled: 0 MB, 0.11 / 0.00 ms  (average mu = 1.000, current mu = 1.000) allocation failure; 
[57757:0xd52a000]     4792 ms: Scavenge 24.9 (33.7) -> 16.9 (33.7) MB, pooled: 0 MB, 0.12 / 0.00 ms  (average mu = 1.000, current mu = 1.000) allocation failure; 
[57757:0xd52a000]     4811 ms: Scavenge 24.9 (33.7) -> 16.9 (33.7) MB, pooled: 0 MB, 0.15 / 0.00 ms  (average mu = 1.000, current mu = 1.000) allocation failure; 
[57757:0xd52a000]     4825 ms: Scavenge 24.9 (33.7) -> 16.9 (33.7) MB, pooled: 0 MB, 0.11 / 0.00 ms  (average mu = 1.000, current mu = 1.000) allocation failure; 
[57757:0xd52a000]     4837 ms: Scavenge 24.9 (33.7) -> 16.9 (33.7) MB, pooled: 0 MB, 0.28 / 0.00 ms  (average mu = 1.000, current mu = 1.000) allocation failure; 
[57757:0xd52a000]     4846 ms: Scavenge 24.9 (33.7) -> 16.9 (33.7) MB, pooled: 0 MB, 0.47 / 0.00 ms  (average mu = 1.000, current mu = 1.000) allocation failure; 
[57757:0xd52a000]     4859 ms: Scavenge 24.9 (33.7) -> 16.9 (33.7) MB, pooled: 0 MB, 0.12 / 0.00 ms  (average mu = 1.000, current mu = 1.000) allocation failure; 
[57757:0xd52a000]     4874 ms: Scavenge 24.9 (33.7) -> 16.9 (33.7) MB, pooled: 0 MB, 0.11 / 0.00 ms  (average mu = 1.000, current mu = 1.000) allocation failure; 
[57757:0xd52a000]     4889 ms: Scavenge 24.9 (33.7) -> 16.9 (33.7) MB, pooled: 0 MB, 0.11 / 0.00 ms  (average mu = 1.000, current mu = 1.000) allocation failure; 
[57757:0xd52a000]     4900 ms: Scavenge 24.9 (33.7) -> 16.9 (33.7) MB, pooled: 0 MB, 0.14 / 0.00 ms  (average mu = 1.000, current mu = 1.000) allocation failure; 
[57757:0xd52a000]     4915 ms: Scavenge 24.9 (33.7) -> 16.9 (33.7) MB, pooled: 0 MB, 1.74 / 0.00 ms  (average mu = 1.000, current mu = 1.000) allocation failure; 
[57757:0xd52a000]     4937 ms: Scavenge 24.9 (33.7) -> 16.9 (33.7) MB, pooled: 0 MB, 0.12 / 0.00 ms  (average mu = 1.000, current mu = 1.000) allocation failure; 
[57757:0xd52a000]     4955 ms: Scavenge 24.9 (33.7) -> 16.9 (33.7) MB, pooled: 0 MB, 0.15 / 0.00 ms  (average mu = 1.000, current mu = 1.000) allocation failure; 
[57757:0xd52a000]     4966 ms: Scavenge 24.9 (33.7) -> 16.9 (33.7) MB, pooled: 0 MB, 0.12 / 0.00 ms  (average mu = 1.000, current mu = 1.000) allocation failure; 
[57757:0xd52a000]     4979 ms: Scavenge 24.9 (33.7) -> 16.9 (33.7) MB, pooled: 0 MB, 0.15 / 0.00 ms  (average mu = 1.000, current mu = 1.000) allocation failure; 
[57757:0xd52a000]     4994 ms: Scavenge 24.9 (33.7) -> 16.9 (33.7) MB, pooled: 0 MB, 0.19 / 0.00 ms  (average mu = 1.000, current mu = 1.000) allocation failure; 
[57757:0xd52a000]     5011 ms: Scavenge 24.9 (33.7) -> 16.9 (33.7) MB, pooled: 0 MB, 0.12 / 0.00 ms  (average mu = 1.000, current mu = 1.000) allocation failure; 
[57757:0xd52a000]     5026 ms: Scavenge 24.9 (33.7) -> 16.9 (33.7) MB, pooled: 0 MB, 0.12 / 0.00 ms  (average mu = 1.000, current mu = 1.000) allocation failure; 
[57757:0xd52a000]     5040 ms: Scavenge 24.9 (33.7) -> 16.9 (33.7) MB, pooled: 0 MB, 0.11 / 0.00 ms  (average mu = 1.000, current mu = 1.000) allocation failure; 
[57757:0xd52a000]     5051 ms: Scavenge 24.9 (33.7) -> 16.9 (33.7) MB, pooled: 0 MB, 0.11 / 0.00 ms  (average mu = 1.000, current mu = 1.000) allocation failure; 
[57757:0xd52a000]     5060 ms: Scavenge 24.9 (33.7) -> 16.9 (33.7) MB, pooled: 0 MB, 0.11 / 0.00 ms  (average mu = 1.000, current mu = 1.000) allocation failure; 
[57757:0xd52a000]     5076 ms: Scavenge 24.9 (33.7) -> 16.9 (33.7) MB, pooled: 0 MB, 0.11 / 0.00 ms  (average mu = 1.000, current mu = 1.000) allocation failure; 
[57757:0xd52a000]     5089 ms: Scavenge 24.9 (33.7) -> 16.9 (33.7) MB, pooled: 0 MB, 0.11 / 0.00 ms  (average mu = 1.000, current mu = 1.000) allocation failure; 
[57757:0xd52a000]     5103 ms: Scavenge 24.9 (33.7) -> 16.9 (33.7) MB, pooled: 0 MB, 0.11 / 0.00 ms  (average mu = 1.000, current mu = 1.000) allocation failure; 
[57757:0xd52a000]     5117 ms: Scavenge 24.9 (33.7) -> 16.9 (33.7) MB, pooled: 0 MB, 0.11 / 0.00 ms  (average mu = 1.000, current mu = 1.000) allocation failure; 
[57757:0xd52a000]     5131 ms: Scavenge 24.9 (33.7) -> 16.9 (33.7) MB, pooled: 0 MB, 0.11 / 0.00 ms  (average mu = 1.000, current mu = 1.000) allocation failure; 
[57757:0xd52a000]     5144 ms: Scavenge 24.9 (33.7) -> 16.9 (33.7) MB, pooled: 0 MB, 0.11 / 0.00 ms  (average mu = 1.000, current mu = 1.000) allocation failure; 
[57757:0xd52a000]     5158 ms: Scavenge 24.9 (33.7) -> 16.9 (33.7) MB, pooled: 0 MB, 0.11 / 0.00 ms  (average mu = 1.000, current mu = 1.000) allocation failure; 
[57757:0xd52a000]     5171 ms: Scavenge 24.9 (33.7) -> 16.9 (33.7) MB, pooled: 0 MB, 0.14 / 0.00 ms  (average mu = 1.000, current mu = 1.000) allocation failure; 
[57757:0xd52a000]     5191 ms: Scavenge 24.9 (33.7) -> 16.9 (33.7) MB, pooled: 0 MB, 0.11 / 0.00 ms  (average mu = 1.000, current mu = 1.000) allocation failure; 
[57757:0xd52a000]     5207 ms: Scavenge 24.9 (33.7) -> 16.9 (33.7) MB, pooled: 0 MB, 0.11 / 0.00 ms  (average mu = 1.000, current mu = 1.000) allocation failure; 
[57757:0xd52a000]     5220 ms: Scavenge 24.9 (33.7) -> 16.9 (33.7) MB, pooled: 0 MB, 0.11 / 0.00 ms  (average mu = 1.000, current mu = 1.000) allocation failure; 
[57757:0xd52a000]     5230 ms: Scavenge 24.9 (33.7) -> 16.9 (33.7) MB, pooled: 0 MB, 0.11 / 0.00 ms  (average mu = 1.000, current mu = 1.000) allocation failure; 
[57757:0xd52a000]     5245 ms: Scavenge 24.9 (33.7) -> 16.9 (33.7) MB, pooled: 0 MB, 0.12 / 0.00 ms  (average mu = 1.000, current mu = 1.000) allocation failure; 
[57757:0xd52a000]     5259 ms: Scavenge 24.9 (33.7) -> 16.9 (33.7) MB, pooled: 0 MB, 0.12 / 0.00 ms  (average mu = 1.000, current mu = 1.000) allocation failure; 
[57757:0xd52a000]     5274 ms: Scavenge 24.9 (33.7) -> 16.9 (33.7) MB, pooled: 0 MB, 0.15 / 0.00 ms  (average mu = 1.000, current mu = 1.000) allocation failure; 
[57757:0xd52a000]     5287 ms: Scavenge 24.9 (33.7) -> 16.9 (33.7) MB, pooled: 0 MB, 0.11 / 0.00 ms  (average mu = 1.000, current mu = 1.000) allocation failure; 
[57757:0xd52a000]     5301 ms: Scavenge 24.9 (33.7) -> 16.9 (33.7) MB, pooled: 0 MB, 0.85 / 0.00 ms  (average mu = 1.000, current mu = 1.000) allocation failure; 
[57757:0xd52a000]     5319 ms: Scavenge 24.9 (33.7) -> 16.9 (33.7) MB, pooled: 0 MB, 0.11 / 0.00 ms  (average mu = 1.000, current mu = 1.000) allocation failure; 
[57757:0xd52a000]     5338 ms: Scavenge 24.9 (33.7) -> 16.9 (33.7) MB, pooled: 0 MB, 0.18 / 0.00 ms  (average mu = 1.000, current mu = 1.000) allocation failure; 
[57757:0xd52a000]     5360 ms: Scavenge 24.9 (33.7) -> 16.9 (33.7) MB, pooled: 0 MB, 0.13 / 0.00 ms  (average mu = 1.000, current mu = 1.000) allocation failure; 
[57757:0xd52a000]     5376 ms: Scavenge 24.9 (33.7) -> 16.9 (33.7) MB, pooled: 0 MB, 0.16 / 0.00 ms  (average mu = 1.000, current mu = 1.000) allocation failure; 
[57757:0xd52a000]     5387 ms: Scavenge 24.9 (33.7) -> 16.9 (33.7) MB, pooled: 0 MB, 0.12 / 0.00 ms  (average mu = 1.000, current mu = 1.000) allocation failure; 
[57757:0xd52a000]     5406 ms: Scavenge 24.9 (33.7) -> 16.9 (33.7) MB, pooled: 0 MB, 0.12 / 0.00 ms  (average mu = 1.000, current mu = 1.000) allocation failure; 
[57757:0xd52a000]     5424 ms: Scavenge 24.9 (33.7) -> 16.9 (33.7) MB, pooled: 0 MB, 0.11 / 0.00 ms  (average mu = 1.000, current mu = 1.000) allocation failure; 
[57757:0xd52a000]     5440 ms: Scavenge 24.9 (33.7) -> 16.9 (33.7) MB, pooled: 0 MB, 0.13 / 0.00 ms  (average mu = 1.000, current mu = 1.000) allocation failure; 
[57757:0xd52a000]     5455 ms: Scavenge 24.9 (33.7) -> 16.9 (33.7) MB, pooled: 0 MB, 0.11 / 0.00 ms  (average mu = 1.000, current mu = 1.000) allocation failure; 
[57757:0xd52a000]     5463 ms: Scavenge 24.9 (33.7) -> 16.9 (33.7) MB, pooled: 0 MB, 0.12 / 0.00 ms  (average mu = 1.000, current mu = 1.000) allocation failure; 
[57757:0xd52a000]     5478 ms: Scavenge 24.9 (33.7) -> 16.9 (33.7) MB, pooled: 0 MB, 0.15 / 0.00 ms  (average mu = 1.000, current mu = 1.000) allocation failure; 
[57757:0xd52a000]     5495 ms: Scavenge 24.9 (33.7) -> 16.9 (33.7) MB, pooled: 0 MB, 0.16 / 0.00 ms  (average mu = 1.000, current mu = 1.000) allocation failure; 
[57757:0xd52a000]     5513 ms: Scavenge 24.9 (33.7) -> 16.9 (33.7) MB, pooled: 0 MB, 0.12 / 0.00 ms  (average mu = 1.000, current mu = 1.000) allocation failure; 
[57757:0xd52a000]     5531 ms: Scavenge 24.9 (33.7) -> 16.9 (33.7) MB, pooled: 0 MB, 0.11 / 0.00 ms  (average mu = 1.000, current mu = 1.000) allocation failure; 
[57757:0xd52a000]     5545 ms: Scavenge 24.9 (33.7) -> 16.9 (33.7) MB, pooled: 0 MB, 0.32 / 0.00 ms  (average mu = 1.000, current mu = 1.000) allocation failure; 
[bailout (kind: deopt-eager, reason: Insufficient type feedback for generic named access): begin. deoptimizing 0x01325f3ef5e9 <JSFunction (sfi = 0x29cc44067da1)>, 0x38fd11ae2701 <Code TURBOFAN_JS>, opt id 74, bytecode offset 7417, deopt exit 25, FP to SP delta 1112, caller SP 0x7fffb599ab60, pc 0x7f6bac098955]
{"name":"regex-vs-bitset-NFA-differential","cases":43830,"passed":43830,"seed":1,"command":"node tests/run.mjs"}
{"name":"sealed-blind-reference-differential","cases":43830,"passed":43830,"seed":1,"command":"node tests/run.mjs"}
{"name":"repeat-call-purity","cases":43830,"passed":43830,"seed":1,"command":"node tests/run.mjs"}
{"name":"boolean-wrapper","cases":43830,"passed":43830,"seed":1,"command":"node tests/run.mjs"}
[marking 0x1f95a84cb361 <JSFunction (sfi = 0x29cc44068fc1)> for optimization to MAGLEV, ConcurrencyMode::kConcurrent, reason: hot and stable]
[compiling method 0x1f95a84cb361 <JSFunction (sfi = 0x29cc44068fc1)> (target MAGLEV), mode: ConcurrencyMode::kConcurrent]
[completed compiling 0x1f95a84cb361 <JSFunction (sfi = 0x29cc44068fc1)> (target MAGLEV) - took 0.001, 0.380, 0.016 ms]
[bailout (kind: deopt-eager, reason: wrong map): begin. deoptimizing 0x1f95a84cb361 <JSFunction (sfi = 0x29cc44068fc1)>, 0x3ef9d4583b01 <Code MAGLEV>, opt id 75, bytecode offset 11, deopt exit 0, FP to SP delta 40, caller SP 0x7fffb599a658, pc 0x7f6bac098e78]
[marking 0x1f95a84cb361 <JSFunction (sfi = 0x29cc44068fc1)> for optimization to MAGLEV, ConcurrencyMode::kConcurrent, reason: hot and stable]
[compiling method 0x1f95a84cb361 <JSFunction (sfi = 0x29cc44068fc1)> (target MAGLEV), mode: ConcurrencyMode::kConcurrent]
[completed compiling 0x1f95a84cb361 <JSFunction (sfi = 0x29cc44068fc1)> (target MAGLEV) - took 0.001, 0.206, 0.020 ms]
[bailout (kind: deopt-eager, reason: wrong map): begin. deoptimizing 0x1f95a84cb361 <JSFunction (sfi = 0x29cc44068fc1)>, 0x3ef9d4583ef1 <Code MAGLEV>, opt id 76, bytecode offset 30, deopt exit 5, FP to SP delta 40, caller SP 0x7fffb599a658, pc 0x7f6bac09921b]
[marking 0x1f95a84cb361 <JSFunction (sfi = 0x29cc44068fc1)> for optimization to MAGLEV, ConcurrencyMode::kConcurrent, reason: hot and stable]
[compiling method 0x1f95a84cb361 <JSFunction (sfi = 0x29cc44068fc1)> (target MAGLEV), mode: ConcurrencyMode::kConcurrent]
[completed compiling 0x1f95a84cb361 <JSFunction (sfi = 0x29cc44068fc1)> (target MAGLEV) - took 0.001, 0.279, 0.013 ms]
[marking 0x1f95a84cb361 <JSFunction (sfi = 0x29cc44068fc1)> for optimization to TURBOFAN_JS, ConcurrencyMode::kConcurrent, reason: hot and stable]
[compiling method 0x1f95a84cb361 <JSFunction (sfi = 0x29cc44068fc1)> (target TURBOFAN_JS), mode: ConcurrencyMode::kConcurrent]
[completed compiling 0x1f95a84cb361 <JSFunction (sfi = 0x29cc44068fc1)> (target TURBOFAN_JS) - took 0.009, 2.024, 0.034 ms]
[completed optimizing 0x1f95a84cb361 <JSFunction (sfi = 0x29cc44068fc1)> (target TURBOFAN_JS)]
{"name":"mutation-baseline-truth","cases":43830,"passed":43830,"seed":1,"command":"node tests/run.mjs"}
[marking 0x36ce11081e49 <JSFunction percentDecode (sfi = 0x6cdfbd9b8b9)> for optimization to MAGLEV, ConcurrencyMode::kConcurrent, reason: hot and stable]
[compiling method 0x36ce11081e49 <JSFunction percentDecode (sfi = 0x6cdfbd9b8b9)> (target MAGLEV) OSR, mode: ConcurrencyMode::kConcurrent]
[completed compiling 0x36ce11081e49 <JSFunction percentDecode (sfi = 0x6cdfbd9b8b9)> (target MAGLEV) OSR - took 0.000, 0.354, 0.004 ms]
[marking 0x057df9c0ee99 <JSFunction (sfi = 0x3f35730a02e1)> for optimization to MAGLEV, ConcurrencyMode::kConcurrent, reason: hot and stable]
[compiling method 0x057df9c0f151 <JSFunction (sfi = 0x3f35730a02e1)> (target MAGLEV), mode: ConcurrencyMode::kConcurrent]
[completed compiling 0x057df9c0f151 <JSFunction (sfi = 0x3f35730a02e1)> (target MAGLEV) - took 0.000, 0.388, 0.002 ms]
[bailout (kind: deopt-eager, reason: wrong call target): begin. deoptimizing 0x2232ee28a279 <JSFunction evalCases (sfi = 0x29cc44068829)>, 0x2e738c5fb4e1 <Code TURBOFAN_JS>, opt id 30, bytecode offset 36, deopt exit 16, FP to SP delta 264, caller SP 0x7fffb599b420, pc 0x7f6bac06c4ef]
[marking 0x057df9c17251 <JSFunction lower (sfi = 0x3f357309ed01)> for optimization to MAGLEV, ConcurrencyMode::kConcurrent, reason: hot and stable]
[compiling method 0x057df9c17251 <JSFunction lower (sfi = 0x3f357309ed01)> (target MAGLEV), mode: ConcurrencyMode::kConcurrent]
[completed compiling 0x057df9c17251 <JSFunction lower (sfi = 0x3f357309ed01)> (target MAGLEV) - took 0.000, 0.064, 0.001 ms]
[marking 0x0941960acde1 <JSFunction knownPlain (sfi = 0x3f357309ebe1)> for optimization to MAGLEV, ConcurrencyMode::kConcurrent, reason: hot and stable]
[compiling method 0x0941960acde1 <JSFunction knownPlain (sfi = 0x3f357309ebe1)> (target MAGLEV), mode: ConcurrencyMode::kConcurrent]
[marking 0x3f357309fbf9 <JSFunction nameFilter (sfi = 0x3f357309eb51)> for optimization to MAGLEV, ConcurrencyMode::kConcurrent, reason: hot and stable]
[compiling method 0x3f357309fbf9 <JSFunction nameFilter (sfi = 0x3f357309eb51)> (target MAGLEV), mode: ConcurrencyMode::kConcurrent]
[completed compiling 0x0941960acde1 <JSFunction knownPlain (sfi = 0x3f357309ebe1)> (target MAGLEV) - took 0.001, 0.888, 0.014 ms]
[completed compiling 0x3f357309fbf9 <JSFunction nameFilter (sfi = 0x3f357309eb51)> (target MAGLEV) - took 0.000, 0.603, 0.022 ms]
[57757:0xd52a000]     5620 ms: Scavenge 25.8 (34.8) -> 17.5 (34.3) MB, pooled: 0 MB, 0.43 / 0.00 ms  (average mu = 1.000, current mu = 1.000) allocation failure; 
[marking 0x1f0290c48b71 <JSFunction hasContent (sfi = 0x3f357309ec29)> for optimization to MAGLEV, ConcurrencyMode::kConcurrent, reason: hot and stable]
[compiling method 0x1f0290c48b71 <JSFunction hasContent (sfi = 0x3f357309ec29)> (target MAGLEV), mode: ConcurrencyMode::kConcurrent]
[completed compiling 0x1f0290c48b71 <JSFunction hasContent (sfi = 0x3f357309ec29)> (target MAGLEV) - took 0.000, 0.500, 0.012 ms]
[marking 0x2232ee28a279 <JSFunction evalCases (sfi = 0x29cc44068829)> for optimization to MAGLEV, ConcurrencyMode::kConcurrent, reason: hot and stable]
[compiling method 0x2232ee28a279 <JSFunction evalCases (sfi = 0x29cc44068829)> (target MAGLEV) OSR, mode: ConcurrencyMode::kConcurrent]
[completed compiling 0x2232ee28a279 <JSFunction evalCases (sfi = 0x29cc44068829)> (target MAGLEV) OSR - took 0.000, 1.135, 0.021 ms]
[compiling method 0x2232ee28a279 <JSFunction evalCases (sfi = 0x29cc44068829)> (target TURBOFAN_JS) OSR, mode: ConcurrencyMode::kConcurrent]
[marking 0x1f0290c48ac9 <JSFunction normalize (sfi = 0x3f357309ed49)> for optimization to MAGLEV, ConcurrencyMode::kConcurrent, reason: hot and stable]
[compiling method 0x1f0290c48ac9 <JSFunction normalize (sfi = 0x3f357309ed49)> (target MAGLEV), mode: ConcurrencyMode::kConcurrent]
[completed compiling 0x1f0290c48ac9 <JSFunction normalize (sfi = 0x3f357309ed49)> (target MAGLEV) - took 0.001, 0.092, 0.006 ms]
[marking 0x1f0290c48b01 <JSFunction clean (sfi = 0x3f357309ed91)> for optimization to MAGLEV, ConcurrencyMode::kConcurrent, reason: hot and stable]
[compiling method 0x1f0290c48b01 <JSFunction clean (sfi = 0x3f357309ed91)> (target MAGLEV), mode: ConcurrencyMode::kConcurrent]
[completed compiling 0x1f0290c48b01 <JSFunction clean (sfi = 0x3f357309ed91)> (target MAGLEV) - took 0.000, 0.127, 0.005 ms]
[completed compiling 0x2232ee28a279 <JSFunction evalCases (sfi = 0x29cc44068829)> (target TURBOFAN_JS) OSR - took 0.006, 8.445, 0.200 ms]
[completed optimizing 0x2232ee28a279 <JSFunction evalCases (sfi = 0x29cc44068829)> (target TURBOFAN_JS) OSR]
[bailout (kind: deopt-eager, reason: prepare for on stack replacement (OSR)): begin. deoptimizing 0x2232ee28a279 <JSFunction evalCases (sfi = 0x29cc44068829)>, 0x38fd11ae7401 <Code MAGLEV>, opt id 85, bytecode offset 296, deopt exit 28, FP to SP delta 224, caller SP 0x7fffb599b420, pc 0x7f6bac09daed]
[marking 0x1f0290c48a51 <JSFunction knownPlain (sfi = 0x3f357309ebe1)> for optimization to TURBOFAN_JS, ConcurrencyMode::kConcurrent, reason: hot and stable]
[compiling method 0x1f0290c48a51 <JSFunction knownPlain (sfi = 0x3f357309ebe1)> (target TURBOFAN_JS), mode: ConcurrencyMode::kConcurrent]
[marking 0x3f357309fbf9 <JSFunction nameFilter (sfi = 0x3f357309eb51)> for optimization to TURBOFAN_JS, ConcurrencyMode::kConcurrent, reason: hot and stable]
[compiling method 0x3f357309fbf9 <JSFunction nameFilter (sfi = 0x3f357309eb51)> (target TURBOFAN_JS), mode: ConcurrencyMode::kConcurrent]
[completed compiling 0x1f0290c48a51 <JSFunction knownPlain (sfi = 0x3f357309ebe1)> (target TURBOFAN_JS) - took 0.006, 23.101, 0.025 ms]
[completed optimizing 0x1f0290c48a51 <JSFunction knownPlain (sfi = 0x3f357309ebe1)> (target TURBOFAN_JS)]
[completed compiling 0x3f357309fbf9 <JSFunction nameFilter (sfi = 0x3f357309eb51)> (target TURBOFAN_JS) - took 0.009, 54.248, 0.057 ms]
[completed optimizing 0x3f357309fbf9 <JSFunction nameFilter (sfi = 0x3f357309eb51)> (target TURBOFAN_JS)]
[bailout (kind: deopt-eager, reason: wrong instance type): begin. deoptimizing 0x2232ee28a279 <JSFunction evalCases (sfi = 0x29cc44068829)>, 0x38fd11ae84e9 <Code TURBOFAN_JS>, opt id 86, bytecode offset 81, deopt exit 24, FP to SP delta 288, caller SP 0x7fffb599b420, pc 0x7f6bac09e910]
[marking 0x2232ee28a279 <JSFunction evalCases (sfi = 0x29cc44068829)> for optimization to MAGLEV, ConcurrencyMode::kConcurrent, reason: hot and stable]
[compiling method 0x2232ee28a279 <JSFunction evalCases (sfi = 0x29cc44068829)> (target MAGLEV) OSR, mode: ConcurrencyMode::kConcurrent]
[completed compiling 0x2232ee28a279 <JSFunction evalCases (sfi = 0x29cc44068829)> (target MAGLEV) OSR - took 0.001, 0.630, 0.026 ms]
[compiling method 0x2232ee28a279 <JSFunction evalCases (sfi = 0x29cc44068829)> (target TURBOFAN_JS) OSR, mode: ConcurrencyMode::kConcurrent]
[completed compiling 0x2232ee28a279 <JSFunction evalCases (sfi = 0x29cc44068829)> (target TURBOFAN_JS) OSR - took 0.007, 6.773, 2.696 ms]
[completed optimizing 0x2232ee28a279 <JSFunction evalCases (sfi = 0x29cc44068829)> (target TURBOFAN_JS) OSR]
[bailout (kind: deopt-eager, reason: prepare for on stack replacement (OSR)): begin. deoptimizing 0x2232ee28a279 <JSFunction evalCases (sfi = 0x29cc44068829)>, 0x3ef9d45888b1 <Code MAGLEV>, opt id 91, bytecode offset 296, deopt exit 28, FP to SP delta 224, caller SP 0x7fffb599b420, pc 0x7f6bac1c8daa]
[57757:0xd52a000]     5743 ms: Scavenge 25.4 (34.3) -> 17.6 (34.6) MB, pooled: 0 MB, 0.43 / 0.00 ms  (average mu = 1.000, current mu = 1.000) allocation failure; 
[marking 0x36ce11081e49 <JSFunction percentDecode (sfi = 0x6cdfbd9b8b9)> for optimization to TURBOFAN_JS, ConcurrencyMode::kConcurrent, reason: hot and stable]
[compiling method 0x36ce11081e49 <JSFunction percentDecode (sfi = 0x6cdfbd9b8b9)> (target TURBOFAN_JS) OSR, mode: ConcurrencyMode::kConcurrent]
[bailout (kind: deopt-eager, reason: Insufficient type feedback for compare operation): begin. deoptimizing 0x36ce11081e49 <JSFunction percentDecode (sfi = 0x6cdfbd9b8b9)>, 0x3ef9d4584d59 <Code MAGLEV>, opt id 79, bytecode offset 185, deopt exit 21, FP to SP delta 152, caller SP 0x7fffb599a508, pc 0x7f6bac07fc50]
[completed compiling 0x36ce11081e49 <JSFunction percentDecode (sfi = 0x6cdfbd9b8b9)> (target TURBOFAN_JS) OSR - took 0.007, 1.204, 0.016 ms]
[completed optimizing 0x36ce11081e49 <JSFunction percentDecode (sfi = 0x6cdfbd9b8b9)> (target TURBOFAN_JS) OSR]
[marking 0x1faa22a887a9 <JSFunction (sfi = 0x135919c37289)> for optimization to MAGLEV, ConcurrencyMode::kConcurrent, reason: hot and stable]
[compiling method 0x1faa22a88a61 <JSFunction (sfi = 0x135919c37289)> (target MAGLEV), mode: ConcurrencyMode::kConcurrent]
[completed compiling 0x1faa22a88a61 <JSFunction (sfi = 0x135919c37289)> (target MAGLEV) - took 0.001, 0.183, 0.001 ms]
[marking 0x1056f9be66d1 <JSFunction knownPlain (sfi = 0x135919c35b79)> for optimization to MAGLEV, ConcurrencyMode::kConcurrent, reason: hot and stable]
[compiling method 0x1056f9be66d1 <JSFunction knownPlain (sfi = 0x135919c35b79)> (target MAGLEV), mode: ConcurrencyMode::kConcurrent]
[marking 0x135919c36ba1 <JSFunction nameFilter (sfi = 0x135919c35ae9)> for optimization to MAGLEV, ConcurrencyMode::kConcurrent, reason: hot and stable]
[compiling method 0x135919c36ba1 <JSFunction nameFilter (sfi = 0x135919c35ae9)> (target MAGLEV), mode: ConcurrencyMode::kConcurrent]
[marking 0x1faa22a90b61 <JSFunction lower (sfi = 0x135919c35c99)> for optimization to MAGLEV, ConcurrencyMode::kConcurrent, reason: hot and stable]
[compiling method 0x1faa22a90b61 <JSFunction lower (sfi = 0x135919c35c99)> (target MAGLEV), mode: ConcurrencyMode::kConcurrent]
[completed compiling 0x135919c36ba1 <JSFunction nameFilter (sfi = 0x135919c35ae9)> (target MAGLEV) - took 0.000, 0.774, 0.019 ms]
[completed compiling 0x1faa22a90b61 <JSFunction lower (sfi = 0x135919c35c99)> (target MAGLEV) - took 0.000, 0.043, 0.000 ms]
[completed compiling 0x1056f9be66d1 <JSFunction knownPlain (sfi = 0x135919c35b79)> (target MAGLEV) - took 0.000, 1.291, 0.008 ms]
[marking 0x1056f9be6711 <JSFunction hasContent (sfi = 0x135919c35bc1)> for optimization to MAGLEV, ConcurrencyMode::kConcurrent, reason: hot and stable]
[compiling method 0x1056f9be6711 <JSFunction hasContent (sfi = 0x135919c35bc1)> (target MAGLEV), mode: ConcurrencyMode::kConcurrent]
[completed compiling 0x1056f9be6711 <JSFunction hasContent (sfi = 0x135919c35bc1)> (target MAGLEV) - took 0.000, 0.389, 0.011 ms]
[marking 0x1faa22a90b99 <JSFunction normalize (sfi = 0x135919c35ce1)> for optimization to MAGLEV, ConcurrencyMode::kConcurrent, reason: hot and stable]
[compiling method 0x1faa22a90b99 <JSFunction normalize (sfi = 0x135919c35ce1)> (target MAGLEV), mode: ConcurrencyMode::kConcurrent]
[completed compiling 0x1faa22a90b99 <JSFunction normalize (sfi = 0x135919c35ce1)> (target MAGLEV) - took 0.001, 0.097, 0.005 ms]
[marking 0x1faa22a90bd1 <JSFunction clean (sfi = 0x135919c35d29)> for optimization to MAGLEV, ConcurrencyMode::kConcurrent, reason: hot and stable]
[compiling method 0x1faa22a90bd1 <JSFunction clean (sfi = 0x135919c35d29)> (target MAGLEV), mode: ConcurrencyMode::kConcurrent]
[completed compiling 0x1faa22a90bd1 <JSFunction clean (sfi = 0x135919c35d29)> (target MAGLEV) - took 0.001, 0.151, 0.003 ms]
[marking 0x1056f9be66d1 <JSFunction knownPlain (sfi = 0x135919c35b79)> for optimization to TURBOFAN_JS, ConcurrencyMode::kConcurrent, reason: hot and stable]
[compiling method 0x1056f9be66d1 <JSFunction knownPlain (sfi = 0x135919c35b79)> (target TURBOFAN_JS), mode: ConcurrencyMode::kConcurrent]
[marking 0x135919c36ba1 <JSFunction nameFilter (sfi = 0x135919c35ae9)> for optimization to TURBOFAN_JS, ConcurrencyMode::kConcurrent, reason: hot and stable]
[compiling method 0x135919c36ba1 <JSFunction nameFilter (sfi = 0x135919c35ae9)> (target TURBOFAN_JS), mode: ConcurrencyMode::kConcurrent]
[completed compiling 0x1056f9be66d1 <JSFunction knownPlain (sfi = 0x135919c35b79)> (target TURBOFAN_JS) - took 0.006, 1.896, 0.040 ms]
[completed optimizing 0x1056f9be66d1 <JSFunction knownPlain (sfi = 0x135919c35b79)> (target TURBOFAN_JS)]
[57757:0xd52a000]     5795 ms: Scavenge 25.6 (34.6) -> 17.7 (34.6) MB, pooled: 0 MB, 0.43 / 0.03 ms  (average mu = 1.000, current mu = 1.000) allocation failure; 
[completed compiling 0x135919c36ba1 <JSFunction nameFilter (sfi = 0x135919c35ae9)> (target TURBOFAN_JS) - took 0.005, 21.167, 0.074 ms]
[completed optimizing 0x135919c36ba1 <JSFunction nameFilter (sfi = 0x135919c35ae9)> (target TURBOFAN_JS)]
[compiling method 0x36ce11081e49 <JSFunction percentDecode (sfi = 0x6cdfbd9b8b9)> (target TURBOFAN_JS), mode: ConcurrencyMode::kConcurrent]
[completed compiling 0x36ce11081e49 <JSFunction percentDecode (sfi = 0x6cdfbd9b8b9)> (target TURBOFAN_JS) - took 0.008, 1.006, 0.018 ms]
[completed optimizing 0x36ce11081e49 <JSFunction percentDecode (sfi = 0x6cdfbd9b8b9)> (target TURBOFAN_JS)]
[marking 0x1a745b8923e1 <JSFunction (sfi = 0x135919c3fe89)> for optimization to MAGLEV, ConcurrencyMode::kConcurrent, reason: hot and stable]
[compiling method 0x1a745b892699 <JSFunction (sfi = 0x135919c3fe89)> (target MAGLEV), mode: ConcurrencyMode::kConcurrent]
[completed compiling 0x1a745b892699 <JSFunction (sfi = 0x135919c3fe89)> (target MAGLEV) - took 0.000, 0.381, 0.001 ms]
[marking 0x16feec330319 <JSFunction knownPlain (sfi = 0x135919c3e781)> for optimization to MAGLEV, ConcurrencyMode::kConcurrent, reason: hot and stable]
[compiling method 0x16feec330319 <JSFunction knownPlain (sfi = 0x135919c3e781)> (target MAGLEV), mode: ConcurrencyMode::kConcurrent]
[marking 0x135919c3f7a1 <JSFunction nameFilter (sfi = 0x135919c3e6f1)> for optimization to MAGLEV, ConcurrencyMode::kConcurrent, reason: hot and stable]
[compiling method 0x135919c3f7a1 <JSFunction nameFilter (sfi = 0x135919c3e6f1)> (target MAGLEV), mode: ConcurrencyMode::kConcurrent]
[completed compiling 0x16feec330319 <JSFunction knownPlain (sfi = 0x135919c3e781)> (target MAGLEV) - took 0.001, 0.705, 0.011 ms]
[marking 0x1a745b89a799 <JSFunction lower (sfi = 0x135919c3e8a1)> for optimization to MAGLEV, ConcurrencyMode::kConcurrent, reason: hot and stable]
[compiling method 0x1a745b89a799 <JSFunction lower (sfi = 0x135919c3e8a1)> (target MAGLEV), mode: ConcurrencyMode::kConcurrent]
[completed compiling 0x135919c3f7a1 <JSFunction nameFilter (sfi = 0x135919c3e6f1)> (target MAGLEV) - took 0.000, 0.904, 0.016 ms]
[completed compiling 0x1a745b89a799 <JSFunction lower (sfi = 0x135919c3e8a1)> (target MAGLEV) - took 0.000, 0.064, 0.001 ms]
[marking 0x16feec330359 <JSFunction hasContent (sfi = 0x135919c3e7c9)> for optimization to MAGLEV, ConcurrencyMode::kConcurrent, reason: hot and stable]
[compiling method 0x16feec330359 <JSFunction hasContent (sfi = 0x135919c3e7c9)> (target MAGLEV), mode: ConcurrencyMode::kConcurrent]
[completed compiling 0x16feec330359 <JSFunction hasContent (sfi = 0x135919c3e7c9)> (target MAGLEV) - took 0.000, 0.430, 0.014 ms]
[marking 0x1a745b89a7d1 <JSFunction normalize (sfi = 0x135919c3e8e9)> for optimization to MAGLEV, ConcurrencyMode::kConcurrent, reason: hot and stable]
[compiling method 0x1a745b89a7d1 <JSFunction normalize (sfi = 0x135919c3e8e9)> (target MAGLEV), mode: ConcurrencyMode::kConcurrent]
[marking 0x1a745b89a809 <JSFunction clean (sfi = 0x135919c3e931)> for optimization to MAGLEV, ConcurrencyMode::kConcurrent, reason: hot and stable]
[compiling method 0x1a745b89a809 <JSFunction clean (sfi = 0x135919c3e931)> (target MAGLEV), mode: ConcurrencyMode::kConcurrent]
[completed compiling 0x1a745b89a809 <JSFunction clean (sfi = 0x135919c3e931)> (target MAGLEV) - took 0.001, 0.095, 0.005 ms]
[completed compiling 0x1a745b89a7d1 <JSFunction normalize (sfi = 0x135919c3e8e9)> (target MAGLEV) - took 0.001, 0.972, 0.005 ms]
[57757:0xd52a000]     5857 ms: Scavenge 25.7 (35.1) -> 17.9 (51.3) MB, pooled: 0 MB, 1.41 / 0.01 ms  (average mu = 1.000, current mu = 1.000) allocation failure; 
[marking dependent code 0x38fd11ad65e9 <Code TURBOFAN_JS> (0x1ebf75139189 <SharedFunctionInfo>) (opt id 60) for deoptimization, reason: dependent allocation site tenuring changed]
[marking dependent code 0x38fd11ad0641 <Code MAGLEV> (0x1ebf75139189 <SharedFunctionInfo>) (opt id 54) for deoptimization, reason: dependent allocation site tenuring changed]
[marking dependent code 0x2e738c5f8199 <Code TURBOFAN_JS> (0x29cc440687e1 <SharedFunctionInfo makeObfuscations>) (opt id 17) for deoptimization, reason: dependent allocation site tenuring changed]
[marking dependent code 0x2e738c5f5191 <Code MAGLEV> (0x29cc440687e1 <SharedFunctionInfo makeObfuscations>) (opt id 16) for deoptimization, reason: dependent allocation site tenuring changed]
[marking dependent code 0x38fd11ac1bc9 <Code MAGLEV> (0x355de8ab3ae1 <SharedFunctionInfo>) (opt id 6) for deoptimization, reason: dependent allocation site tenuring changed]
[marking 0x1010c5e487b1 <JSFunction knownPlain (sfi = 0x135919c3e781)> for optimization to TURBOFAN_JS, ConcurrencyMode::kConcurrent, reason: hot and stable]
[compiling method 0x1010c5e487b1 <JSFunction knownPlain (sfi = 0x135919c3e781)> (target TURBOFAN_JS), mode: ConcurrencyMode::kConcurrent]
[marking 0x135919c3f7a1 <JSFunction nameFilter (sfi = 0x135919c3e6f1)> for optimization to TURBOFAN_JS, ConcurrencyMode::kConcurrent, reason: hot and stable]
[compiling method 0x135919c3f7a1 <JSFunction nameFilter (sfi = 0x135919c3e6f1)> (target TURBOFAN_JS), mode: ConcurrencyMode::kConcurrent]
[completed compiling 0x1010c5e487b1 <JSFunction knownPlain (sfi = 0x135919c3e781)> (target TURBOFAN_JS) - took 0.008, 7.370, 0.040 ms]
[completed optimizing 0x1010c5e487b1 <JSFunction knownPlain (sfi = 0x135919c3e781)> (target TURBOFAN_JS)]
[completed compiling 0x135919c3f7a1 <JSFunction nameFilter (sfi = 0x135919c3e6f1)> (target TURBOFAN_JS) - took 0.011, 27.610, 0.064 ms]
[completed optimizing 0x135919c3f7a1 <JSFunction nameFilter (sfi = 0x135919c3e6f1)> (target TURBOFAN_JS)]
[marking 0x2c8c2b87fca1 <JSFunction (sfi = 0x28e07d247571)> for optimization to MAGLEV, ConcurrencyMode::kConcurrent, reason: hot and stable]
[compiling method 0x2c8c2b87ff59 <JSFunction (sfi = 0x28e07d247571)> (target MAGLEV), mode: ConcurrencyMode::kConcurrent]
[completed compiling 0x2c8c2b87ff59 <JSFunction (sfi = 0x28e07d247571)> (target MAGLEV) - took 0.001, 0.214, 0.002 ms]
[marking 0x2c8c2b85dbf9 <JSFunction knownPlain (sfi = 0x28e07d245d29)> for optimization to MAGLEV, ConcurrencyMode::kConcurrent, reason: hot and stable]
[compiling method 0x2c8c2b85dbf9 <JSFunction knownPlain (sfi = 0x28e07d245d29)> (target MAGLEV), mode: ConcurrencyMode::kConcurrent]
[marking 0x28e07d246e89 <JSFunction nameFilter (sfi = 0x28e07d245c99)> for optimization to MAGLEV, ConcurrencyMode::kConcurrent, reason: hot and stable]
[compiling method 0x28e07d246e89 <JSFunction nameFilter (sfi = 0x28e07d245c99)> (target MAGLEV), mode: ConcurrencyMode::kConcurrent]
[completed compiling 0x2c8c2b85dbf9 <JSFunction knownPlain (sfi = 0x28e07d245d29)> (target MAGLEV) - took 0.000, 1.090, 0.011 ms]
[marking 0x17e7b17480d9 <JSFunction lower (sfi = 0x28e07d245e49)> for optimization to MAGLEV, ConcurrencyMode::kConcurrent, reason: hot and stable]
[compiling method 0x17e7b17480d9 <JSFunction lower (sfi = 0x28e07d245e49)> (target MAGLEV), mode: ConcurrencyMode::kConcurrent]
[completed compiling 0x28e07d246e89 <JSFunction nameFilter (sfi = 0x28e07d245c99)> (target MAGLEV) - took 0.000, 0.763, 0.016 ms]
[completed compiling 0x17e7b17480d9 <JSFunction lower (sfi = 0x28e07d245e49)> (target MAGLEV) - took 0.001, 0.045, 0.001 ms]
[marking 0x2c8c2b85dc39 <JSFunction hasContent (sfi = 0x28e07d245d71)> for optimization to MAGLEV, ConcurrencyMode::kConcurrent, reason: hot and stable]
[compiling method 0x2c8c2b85dc39 <JSFunction hasContent (sfi = 0x28e07d245d71)> (target MAGLEV), mode: ConcurrencyMode::kConcurrent]
[completed compiling 0x2c8c2b85dc39 <JSFunction hasContent (sfi = 0x28e07d245d71)> (target MAGLEV) - took 0.000, 0.379, 0.018 ms]
[marking 0x17e7b1748111 <JSFunction normalize (sfi = 0x28e07d245e91)> for optimization to MAGLEV, ConcurrencyMode::kConcurrent, reason: hot and stable]
[compiling method 0x17e7b1748111 <JSFunction normalize (sfi = 0x28e07d245e91)> (target MAGLEV), mode: ConcurrencyMode::kConcurrent]
[marking 0x17e7b1748149 <JSFunction clean (sfi = 0x28e07d245ed9)> for optimization to MAGLEV, ConcurrencyMode::kConcurrent, reason: hot and stable]
[compiling method 0x17e7b1748149 <JSFunction clean (sfi = 0x28e07d245ed9)> (target MAGLEV), mode: ConcurrencyMode::kConcurrent]
[completed compiling 0x17e7b1748111 <JSFunction normalize (sfi = 0x28e07d245e91)> (target MAGLEV) - took 0.000, 0.142, 0.004 ms]
[completed compiling 0x17e7b1748149 <JSFunction clean (sfi = 0x28e07d245ed9)> (target MAGLEV) - took 0.000, 3.934, 0.217 ms]
[marking 0x2c8c2b85dbf9 <JSFunction knownPlain (sfi = 0x28e07d245d29)> for optimization to TURBOFAN_JS, ConcurrencyMode::kConcurrent, reason: hot and stable]
[compiling method 0x2c8c2b85dbf9 <JSFunction knownPlain (sfi = 0x28e07d245d29)> (target TURBOFAN_JS), mode: ConcurrencyMode::kConcurrent]
[completed compiling 0x2c8c2b85dbf9 <JSFunction knownPlain (sfi = 0x28e07d245d29)> (target TURBOFAN_JS) - took 0.007, 2.859, 0.531 ms]
[completed optimizing 0x2c8c2b85dbf9 <JSFunction knownPlain (sfi = 0x28e07d245d29)> (target TURBOFAN_JS)]
[marking 0x28e07d246e89 <JSFunction nameFilter (sfi = 0x28e07d245c99)> for optimization to TURBOFAN_JS, ConcurrencyMode::kConcurrent, reason: hot and stable]
[compiling method 0x28e07d246e89 <JSFunction nameFilter (sfi = 0x28e07d245c99)> (target TURBOFAN_JS), mode: ConcurrencyMode::kConcurrent]
[completed compiling 0x28e07d246e89 <JSFunction nameFilter (sfi = 0x28e07d245c99)> (target TURBOFAN_JS) - took 0.006, 25.641, 0.103 ms]
[completed optimizing 0x28e07d246e89 <JSFunction nameFilter (sfi = 0x28e07d245c99)> (target TURBOFAN_JS)]
[57757:0xd52a000]     6029 ms: Scavenge 33.9 (51.3) -> 18.1 (51.6) MB, pooled: 0 MB, 0.69 / 0.01 ms  (average mu = 1.000, current mu = 1.000) allocation failure; 
[marking 0x25fd4dc3ff59 <JSFunction (sfi = 0x1f33839c53c1)> for optimization to MAGLEV, ConcurrencyMode::kConcurrent, reason: hot and stable]
[compiling method 0x27de3c780291 <JSFunction (sfi = 0x1f33839c53c1)> (target MAGLEV), mode: ConcurrencyMode::kConcurrent]
[completed compiling 0x27de3c780291 <JSFunction (sfi = 0x1f33839c53c1)> (target MAGLEV) - took 0.000, 0.217, 0.001 ms]
[marking 0x25fd4dc1deb1 <JSFunction knownPlain (sfi = 0x1f33839c38f9)> for optimization to MAGLEV, ConcurrencyMode::kConcurrent, reason: hot and stable]
[compiling method 0x25fd4dc1deb1 <JSFunction knownPlain (sfi = 0x1f33839c38f9)> (target MAGLEV), mode: ConcurrencyMode::kConcurrent]
[marking 0x1f33839c4cd9 <JSFunction nameFilter (sfi = 0x1f33839c3869)> for optimization to MAGLEV, ConcurrencyMode::kConcurrent, reason: hot and stable]
[compiling method 0x1f33839c4cd9 <JSFunction nameFilter (sfi = 0x1f33839c3869)> (target MAGLEV), mode: ConcurrencyMode::kConcurrent]
[completed compiling 0x25fd4dc1deb1 <JSFunction knownPlain (sfi = 0x1f33839c38f9)> (target MAGLEV) - took 0.001, 0.484, 0.014 ms]
[marking 0x27de3c788391 <JSFunction lower (sfi = 0x1f33839c3a19)> for optimization to MAGLEV, ConcurrencyMode::kConcurrent, reason: hot and stable]
[compiling method 0x27de3c788391 <JSFunction lower (sfi = 0x1f33839c3a19)> (target MAGLEV), mode: ConcurrencyMode::kConcurrent]
[completed compiling 0x1f33839c4cd9 <JSFunction nameFilter (sfi = 0x1f33839c3869)> (target MAGLEV) - took 0.000, 1.110, 0.016 ms]
[completed compiling 0x27de3c788391 <JSFunction lower (sfi = 0x1f33839c3a19)> (target MAGLEV) - took 0.000, 0.061, 0.001 ms]
[marking 0x25fd4dc1def1 <JSFunction hasContent (sfi = 0x1f33839c3941)> for optimization to MAGLEV, ConcurrencyMode::kConcurrent, reason: hot and stable]
[compiling method 0x25fd4dc1def1 <JSFunction hasContent (sfi = 0x1f33839c3941)> (target MAGLEV), mode: ConcurrencyMode::kConcurrent]
[completed compiling 0x25fd4dc1def1 <JSFunction hasContent (sfi = 0x1f33839c3941)> (target MAGLEV) - took 0.000, 0.525, 0.013 ms]
[marking 0x27de3c7883c9 <JSFunction normalize (sfi = 0x1f33839c3a61)> for optimization to MAGLEV, ConcurrencyMode::kConcurrent, reason: hot and stable]
[compiling method 0x27de3c7883c9 <JSFunction normalize (sfi = 0x1f33839c3a61)> (target MAGLEV), mode: ConcurrencyMode::kConcurrent]
[completed compiling 0x27de3c7883c9 <JSFunction normalize (sfi = 0x1f33839c3a61)> (target MAGLEV) - took 0.001, 0.108, 0.004 ms]
[marking 0x27de3c788401 <JSFunction clean (sfi = 0x1f33839c3aa9)> for optimization to MAGLEV, ConcurrencyMode::kConcurrent, reason: hot and stable]
[compiling method 0x27de3c788401 <JSFunction clean (sfi = 0x1f33839c3aa9)> (target MAGLEV), mode: ConcurrencyMode::kConcurrent]
[completed compiling 0x27de3c788401 <JSFunction clean (sfi = 0x1f33839c3aa9)> (target MAGLEV) - took 0.000, 0.137, 0.004 ms]
[marking 0x25fd4dc1deb1 <JSFunction knownPlain (sfi = 0x1f33839c38f9)> for optimization to TURBOFAN_JS, ConcurrencyMode::kConcurrent, reason: hot and stable]
[compiling method 0x25fd4dc1deb1 <JSFunction knownPlain (sfi = 0x1f33839c38f9)> (target TURBOFAN_JS), mode: ConcurrencyMode::kConcurrent]
[marking 0x1f33839c4cd9 <JSFunction nameFilter (sfi = 0x1f33839c3869)> for optimization to TURBOFAN_JS, ConcurrencyMode::kConcurrent, reason: hot and stable]
[compiling method 0x1f33839c4cd9 <JSFunction nameFilter (sfi = 0x1f33839c3869)> (target TURBOFAN_JS), mode: ConcurrencyMode::kConcurrent]
[completed compiling 0x25fd4dc1deb1 <JSFunction knownPlain (sfi = 0x1f33839c38f9)> (target TURBOFAN_JS) - took 0.006, 4.025, 0.073 ms]
[completed optimizing 0x25fd4dc1deb1 <JSFunction knownPlain (sfi = 0x1f33839c38f9)> (target TURBOFAN_JS)]
[completed compiling 0x1f33839c4cd9 <JSFunction nameFilter (sfi = 0x1f33839c3869)> (target TURBOFAN_JS) - took 0.008, 17.298, 0.099 ms]
[completed optimizing 0x1f33839c4cd9 <JSFunction nameFilter (sfi = 0x1f33839c3869)> (target TURBOFAN_JS)]
[marking 0x021af2ee1e69 <JSFunction (sfi = 0x1f33839cc281)> for optimization to MAGLEV, ConcurrencyMode::kConcurrent, reason: hot and stable]
[compiling method 0x021af2ee2121 <JSFunction (sfi = 0x1f33839cc281)> (target MAGLEV), mode: ConcurrencyMode::kConcurrent]
[completed compiling 0x021af2ee2121 <JSFunction (sfi = 0x1f33839cc281)> (target MAGLEV) - took 0.000, 0.318, 0.002 ms]
[marking 0x035c345bfd89 <JSFunction knownPlain (sfi = 0x1f33839cab81)> for optimization to MAGLEV, ConcurrencyMode::kConcurrent, reason: hot and stable]
[compiling method 0x035c345bfd89 <JSFunction knownPlain (sfi = 0x1f33839cab81)> (target MAGLEV), mode: ConcurrencyMode::kConcurrent]
[marking 0x1f33839cbb99 <JSFunction nameFilter (sfi = 0x1f33839caaf1)> for optimization to MAGLEV, ConcurrencyMode::kConcurrent, reason: hot and stable]
[compiling method 0x1f33839cbb99 <JSFunction nameFilter (sfi = 0x1f33839caaf1)> (target MAGLEV), mode: ConcurrencyMode::kConcurrent]
[completed compiling 0x035c345bfd89 <JSFunction knownPlain (sfi = 0x1f33839cab81)> (target MAGLEV) - took 0.000, 0.617, 0.013 ms]
[completed compiling 0x1f33839cbb99 <JSFunction nameFilter (sfi = 0x1f33839caaf1)> (target MAGLEV) - took 0.000, 0.938, 0.036 ms]
[marking 0x021af2eea221 <JSFunction lower (sfi = 0x1f33839caca1)> for optimization to MAGLEV, ConcurrencyMode::kConcurrent, reason: hot and stable]
[compiling method 0x021af2eea221 <JSFunction lower (sfi = 0x1f33839caca1)> (target MAGLEV), mode: ConcurrencyMode::kConcurrent]
[completed compiling 0x021af2eea221 <JSFunction lower (sfi = 0x1f33839caca1)> (target MAGLEV) - took 0.000, 0.095, 0.002 ms]
[marking 0x035c345bfdc9 <JSFunction hasContent (sfi = 0x1f33839cabc9)> for optimization to MAGLEV, ConcurrencyMode::kConcurrent, reason: hot and stable]
[compiling method 0x035c345bfdc9 <JSFunction hasContent (sfi = 0x1f33839cabc9)> (target MAGLEV), mode: ConcurrencyMode::kConcurrent]
[completed compiling 0x035c345bfdc9 <JSFunction hasContent (sfi = 0x1f33839cabc9)> (target MAGLEV) - took 0.000, 0.837, 0.017 ms]
[57757:0xd52a000]     6192 ms: Scavenge 34.2 (51.6) -> 18.4 (51.6) MB, pooled: 0 MB, 3.62 / 0.01 ms  (average mu = 1.000, current mu = 1.000) allocation failure; 
[marking 0x1010c5e561c9 <JSFunction normalize (sfi = 0x1f33839cace9)> for optimization to MAGLEV, ConcurrencyMode::kConcurrent, reason: hot and stable]
[compiling method 0x1010c5e561c9 <JSFunction normalize (sfi = 0x1f33839cace9)> (target MAGLEV), mode: ConcurrencyMode::kConcurrent]
[completed compiling 0x1010c5e561c9 <JSFunction normalize (sfi = 0x1f33839cace9)> (target MAGLEV) - took 0.000, 0.107, 0.004 ms]
[marking 0x1010c5e400e1 <JSFunction clean (sfi = 0x1f33839cad31)> for optimization to MAGLEV, ConcurrencyMode::kConcurrent, reason: hot and stable]
[compiling method 0x1010c5e400e1 <JSFunction clean (sfi = 0x1f33839cad31)> (target MAGLEV), mode: ConcurrencyMode::kConcurrent]
[completed compiling 0x1010c5e400e1 <JSFunction clean (sfi = 0x1f33839cad31)> (target MAGLEV) - took 0.001, 0.142, 0.003 ms]
[marking 0x1010c5e56221 <JSFunction knownPlain (sfi = 0x1f33839cab81)> for optimization to TURBOFAN_JS, ConcurrencyMode::kConcurrent, reason: hot and stable]
[compiling method 0x1010c5e56221 <JSFunction knownPlain (sfi = 0x1f33839cab81)> (target TURBOFAN_JS), mode: ConcurrencyMode::kConcurrent]
[marking 0x1f33839cbb99 <JSFunction nameFilter (sfi = 0x1f33839caaf1)> for optimization to TURBOFAN_JS, ConcurrencyMode::kConcurrent, reason: hot and stable]
[compiling method 0x1f33839cbb99 <JSFunction nameFilter (sfi = 0x1f33839caaf1)> (target TURBOFAN_JS), mode: ConcurrencyMode::kConcurrent]
[completed compiling 0x1010c5e56221 <JSFunction knownPlain (sfi = 0x1f33839cab81)> (target TURBOFAN_JS) - took 0.008, 9.830, 0.034 ms]
[completed optimizing 0x1010c5e56221 <JSFunction knownPlain (sfi = 0x1f33839cab81)> (target TURBOFAN_JS)]
[completed compiling 0x1f33839cbb99 <JSFunction nameFilter (sfi = 0x1f33839caaf1)> (target TURBOFAN_JS) - took 0.008, 18.464, 0.205 ms]
[completed optimizing 0x1f33839cbb99 <JSFunction nameFilter (sfi = 0x1f33839caaf1)> (target TURBOFAN_JS)]
[marking 0x33dc8a4ffc09 <JSFunction (sfi = 0x28e07d2627b9)> for optimization to MAGLEV, ConcurrencyMode::kConcurrent, reason: hot and stable]
[compiling method 0x33dc8a4ffec1 <JSFunction (sfi = 0x28e07d2627b9)> (target MAGLEV), mode: ConcurrencyMode::kConcurrent]
[completed compiling 0x33dc8a4ffec1 <JSFunction (sfi = 0x28e07d2627b9)> (target MAGLEV) - took 0.000, 0.186, 0.002 ms]
[marking 0x33dc8a4ddb89 <JSFunction knownPlain (sfi = 0x28e07d260d11)> for optimization to MAGLEV, ConcurrencyMode::kConcurrent, reason: hot and stable]
[compiling method 0x33dc8a4ddb89 <JSFunction knownPlain (sfi = 0x28e07d260d11)> (target MAGLEV), mode: ConcurrencyMode::kConcurrent]
[marking 0x28e07d261d29 <JSFunction nameFilter (sfi = 0x28e07d260c81)> for optimization to MAGLEV, ConcurrencyMode::kConcurrent, reason: hot and stable]
[compiling method 0x28e07d261d29 <JSFunction nameFilter (sfi = 0x28e07d260c81)> (target MAGLEV), mode: ConcurrencyMode::kConcurrent]
[completed compiling 0x33dc8a4ddb89 <JSFunction knownPlain (sfi = 0x28e07d260d11)> (target MAGLEV) - took 0.000, 0.281, 0.016 ms]
[marking 0x1b69abd87ff9 <JSFunction lower (sfi = 0x28e07d260e31)> for optimization to MAGLEV, ConcurrencyMode::kConcurrent, reason: hot and stable]
[compiling method 0x1b69abd87ff9 <JSFunction lower (sfi = 0x28e07d260e31)> (target MAGLEV), mode: ConcurrencyMode::kConcurrent]
[completed compiling 0x28e07d261d29 <JSFunction nameFilter (sfi = 0x28e07d260c81)> (target MAGLEV) - took 0.000, 0.865, 0.018 ms]
[completed compiling 0x1b69abd87ff9 <JSFunction lower (sfi = 0x28e07d260e31)> (target MAGLEV) - took 0.000, 0.052, 0.001 ms]
[marking 0x33dc8a4ddbc9 <JSFunction hasContent (sfi = 0x28e07d260d59)> for optimization to MAGLEV, ConcurrencyMode::kConcurrent, reason: hot and stable]
[compiling method 0x33dc8a4ddbc9 <JSFunction hasContent (sfi = 0x28e07d260d59)> (target MAGLEV), mode: ConcurrencyMode::kConcurrent]
[completed compiling 0x33dc8a4ddbc9 <JSFunction hasContent (sfi = 0x28e07d260d59)> (target MAGLEV) - took 0.000, 0.305, 0.013 ms]
[marking 0x1b69abd88031 <JSFunction normalize (sfi = 0x28e07d260e79)> for optimization to MAGLEV, ConcurrencyMode::kConcurrent, reason: hot and stable]
[compiling method 0x1b69abd88031 <JSFunction normalize (sfi = 0x28e07d260e79)> (target MAGLEV), mode: ConcurrencyMode::kConcurrent]
[completed compiling 0x1b69abd88031 <JSFunction normalize (sfi = 0x28e07d260e79)> (target MAGLEV) - took 0.001, 0.107, 0.004 ms]
[marking 0x1b69abd88069 <JSFunction clean (sfi = 0x28e07d260ec1)> for optimization to MAGLEV, ConcurrencyMode::kConcurrent, reason: hot and stable]
[compiling method 0x1b69abd88069 <JSFunction clean (sfi = 0x28e07d260ec1)> (target MAGLEV), mode: ConcurrencyMode::kConcurrent]
[completed compiling 0x1b69abd88069 <JSFunction clean (sfi = 0x28e07d260ec1)> (target MAGLEV) - took 0.000, 0.267, 0.003 ms]
[marking 0x33dc8a4ddb89 <JSFunction knownPlain (sfi = 0x28e07d260d11)> for optimization to TURBOFAN_JS, ConcurrencyMode::kConcurrent, reason: hot and stable]
[compiling method 0x33dc8a4ddb89 <JSFunction knownPlain (sfi = 0x28e07d260d11)> (target TURBOFAN_JS), mode: ConcurrencyMode::kConcurrent]
[marking 0x28e07d261d29 <JSFunction nameFilter (sfi = 0x28e07d260c81)> for optimization to TURBOFAN_JS, ConcurrencyMode::kConcurrent, reason: hot and stable]
[compiling method 0x28e07d261d29 <JSFunction nameFilter (sfi = 0x28e07d260c81)> (target TURBOFAN_JS), mode: ConcurrencyMode::kConcurrent]
[completed compiling 0x33dc8a4ddb89 <JSFunction knownPlain (sfi = 0x28e07d260d11)> (target TURBOFAN_JS) - took 0.006, 5.636, 0.035 ms]
[completed optimizing 0x33dc8a4ddb89 <JSFunction knownPlain (sfi = 0x28e07d260d11)> (target TURBOFAN_JS)]
[completed compiling 0x28e07d261d29 <JSFunction nameFilter (sfi = 0x28e07d260c81)> (target TURBOFAN_JS) - took 0.006, 15.924, 0.093 ms]
[completed optimizing 0x28e07d261d29 <JSFunction nameFilter (sfi = 0x28e07d260c81)> (target TURBOFAN_JS)]
[57757:0xd52a000]     6291 ms: Scavenge 34.4 (51.6) -> 18.7 (51.6) MB, pooled: 0 MB, 0.75 / 0.01 ms  (average mu = 1.000, current mu = 1.000) allocation failure; 
[marking 0x16feec31a2b1 <JSFunction (sfi = 0x28e07d27a011)> for optimization to MAGLEV, ConcurrencyMode::kConcurrent, reason: hot and stable]
[compiling method 0x16feec31a569 <JSFunction (sfi = 0x28e07d27a011)> (target MAGLEV), mode: ConcurrencyMode::kConcurrent]
[completed compiling 0x16feec31a569 <JSFunction (sfi = 0x28e07d27a011)> (target MAGLEV) - took 0.001, 0.499, 0.002 ms]
[marking 0x2396bb1f8209 <JSFunction knownPlain (sfi = 0x28e07d278789)> for optimization to MAGLEV, ConcurrencyMode::kConcurrent, reason: hot and stable]
[compiling method 0x2396bb1f8209 <JSFunction knownPlain (sfi = 0x28e07d278789)> (target MAGLEV), mode: ConcurrencyMode::kConcurrent]
[marking 0x28e07d2798b9 <JSFunction nameFilter (sfi = 0x28e07d2786f9)> for optimization to MAGLEV, ConcurrencyMode::kConcurrent, reason: hot and stable]
[compiling method 0x28e07d2798b9 <JSFunction nameFilter (sfi = 0x28e07d2786f9)> (target MAGLEV), mode: ConcurrencyMode::kConcurrent]
[completed compiling 0x2396bb1f8209 <JSFunction knownPlain (sfi = 0x28e07d278789)> (target MAGLEV) - took 0.000, 0.457, 0.011 ms]
[completed compiling 0x28e07d2798b9 <JSFunction nameFilter (sfi = 0x28e07d2786f9)> (target MAGLEV) - took 0.000, 0.834, 0.020 ms]
[marking 0x16feec322669 <JSFunction lower (sfi = 0x28e07d2788a9)> for optimization to MAGLEV, ConcurrencyMode::kConcurrent, reason: hot and stable]
[compiling method 0x16feec322669 <JSFunction lower (sfi = 0x28e07d2788a9)> (target MAGLEV), mode: ConcurrencyMode::kConcurrent]
[completed compiling 0x16feec322669 <JSFunction lower (sfi = 0x28e07d2788a9)> (target MAGLEV) - took 0.001, 0.127, 0.002 ms]
[marking 0x2396bb1f8249 <JSFunction hasContent (sfi = 0x28e07d2787d1)> for optimization to MAGLEV, ConcurrencyMode::kConcurrent, reason: hot and stable]
[compiling method 0x2396bb1f8249 <JSFunction hasContent (sfi = 0x28e07d2787d1)> (target MAGLEV), mode: ConcurrencyMode::kConcurrent]
[completed compiling 0x2396bb1f8249 <JSFunction hasContent (sfi = 0x28e07d2787d1)> (target MAGLEV) - took 0.000, 0.345, 0.375 ms]
[marking 0x16feec3226a1 <JSFunction normalize (sfi = 0x28e07d2788f1)> for optimization to MAGLEV, ConcurrencyMode::kConcurrent, reason: hot and stable]
[compiling method 0x16feec3226a1 <JSFunction normalize (sfi = 0x28e07d2788f1)> (target MAGLEV), mode: ConcurrencyMode::kConcurrent]
[completed compiling 0x16feec3226a1 <JSFunction normalize (sfi = 0x28e07d2788f1)> (target MAGLEV) - took 0.000, 0.134, 0.004 ms]
[marking 0x16feec3226d9 <JSFunction clean (sfi = 0x28e07d278939)> for optimization to MAGLEV, ConcurrencyMode::kConcurrent, reason: hot and stable]
[compiling method 0x16feec3226d9 <JSFunction clean (sfi = 0x28e07d278939)> (target MAGLEV), mode: ConcurrencyMode::kConcurrent]
[completed compiling 0x16feec3226d9 <JSFunction clean (sfi = 0x28e07d278939)> (target MAGLEV) - took 0.000, 0.114, 0.003 ms]
[marking 0x2396bb1f8209 <JSFunction knownPlain (sfi = 0x28e07d278789)> for optimization to TURBOFAN_JS, ConcurrencyMode::kConcurrent, reason: hot and stable]
[compiling method 0x2396bb1f8209 <JSFunction knownPlain (sfi = 0x28e07d278789)> (target TURBOFAN_JS), mode: ConcurrencyMode::kConcurrent]
[marking 0x28e07d2798b9 <JSFunction nameFilter (sfi = 0x28e07d2786f9)> for optimization to TURBOFAN_JS, ConcurrencyMode::kConcurrent, reason: hot and stable]
[compiling method 0x28e07d2798b9 <JSFunction nameFilter (sfi = 0x28e07d2786f9)> (target TURBOFAN_JS), mode: ConcurrencyMode::kConcurrent]
[completed compiling 0x2396bb1f8209 <JSFunction knownPlain (sfi = 0x28e07d278789)> (target TURBOFAN_JS) - took 0.006, 6.736, 0.029 ms]
[completed optimizing 0x2396bb1f8209 <JSFunction knownPlain (sfi = 0x28e07d278789)> (target TURBOFAN_JS)]
[completed compiling 0x28e07d2798b9 <JSFunction nameFilter (sfi = 0x28e07d2786f9)> (target TURBOFAN_JS) - took 0.008, 16.143, 0.061 ms]
[completed optimizing 0x28e07d2798b9 <JSFunction nameFilter (sfi = 0x28e07d2786f9)> (target TURBOFAN_JS)]
[marking 0x151581be2131 <JSFunction (sfi = 0x1f1d90ce12c9)> for optimization to MAGLEV, ConcurrencyMode::kConcurrent, reason: hot and stable]
[compiling method 0x151581be23e9 <JSFunction (sfi = 0x1f1d90ce12c9)> (target MAGLEV), mode: ConcurrencyMode::kConcurrent]
[marking 0x297f06efef01 <JSFunction knownPlain (sfi = 0x1f1d90cdfb49)> for optimization to MAGLEV, ConcurrencyMode::kConcurrent, reason: hot and stable]
[compiling method 0x297f06efef01 <JSFunction knownPlain (sfi = 0x1f1d90cdfb49)> (target MAGLEV), mode: ConcurrencyMode::kConcurrent]
[marking 0x1f1d90ce0be1 <JSFunction nameFilter (sfi = 0x1f1d90cdfab9)> for optimization to MAGLEV, ConcurrencyMode::kConcurrent, reason: hot and stable]
[compiling method 0x1f1d90ce0be1 <JSFunction nameFilter (sfi = 0x1f1d90cdfab9)> (target MAGLEV), mode: ConcurrencyMode::kConcurrent]
[57757:0xd52a000]     6444 ms: Mark-Compact 33.8 (52.3) -> 14.5 (49.4) MB, pooled: 0 MB, 25.53 / 0.01 ms  (+ 0.1 ms in 9 steps since start of marking, biggest step 0.0 ms, walltime since start of marking 33 ms) (average mu = 0.996, current mu = 0.996) finalize incremental marking via stack guard; GC in old space requested
[completed compiling 0x1ebf75124009 <JSFunction (sfi = 0x1f1d90ce12c9)> (target MAGLEV) - took 0.000, 0.333, 0.003 ms]
[marking 0x1ebf751297c9 <JSFunction lower (sfi = 0x1f1d90cdfc69)> for optimization to MAGLEV, ConcurrencyMode::kConcurrent, reason: hot and stable]
[compiling method 0x1ebf751297c9 <JSFunction lower (sfi = 0x1f1d90cdfc69)> (target MAGLEV), mode: ConcurrencyMode::kConcurrent]
[completed compiling 0x1ebf7510f501 <JSFunction knownPlain (sfi = 0x1f1d90cdfb49)> (target MAGLEV) - took 0.000, 26.535, 0.013 ms]
[completed compiling 0x1ebf751297c9 <JSFunction lower (sfi = 0x1f1d90cdfc69)> (target MAGLEV) - took 0.000, 0.057, 0.001 ms]
[completed compiling 0x1f1d90ce0be1 <JSFunction nameFilter (sfi = 0x1f1d90cdfab9)> (target MAGLEV) - took 0.000, 26.636, 0.017 ms]
[marking 0x1ebf7510f541 <JSFunction hasContent (sfi = 0x1f1d90cdfb91)> for optimization to MAGLEV, ConcurrencyMode::kConcurrent, reason: hot and stable]
[compiling method 0x1ebf7510f541 <JSFunction hasContent (sfi = 0x1f1d90cdfb91)> (target MAGLEV), mode: ConcurrencyMode::kConcurrent]
[completed compiling 0x1ebf7510f541 <JSFunction hasContent (sfi = 0x1f1d90cdfb91)> (target MAGLEV) - took 0.000, 1.094, 0.012 ms]
[marking 0x1ebf75129801 <JSFunction normalize (sfi = 0x1f1d90cdfcb1)> for optimization to MAGLEV, ConcurrencyMode::kConcurrent, reason: hot and stable]
[compiling method 0x1ebf75129801 <JSFunction normalize (sfi = 0x1f1d90cdfcb1)> (target MAGLEV), mode: ConcurrencyMode::kConcurrent]
[completed compiling 0x1ebf75129801 <JSFunction normalize (sfi = 0x1f1d90cdfcb1)> (target MAGLEV) - took 0.000, 0.109, 0.004 ms]
[marking 0x1ebf75129839 <JSFunction clean (sfi = 0x1f1d90cdfcf9)> for optimization to MAGLEV, ConcurrencyMode::kConcurrent, reason: hot and stable]
[compiling method 0x1ebf75129839 <JSFunction clean (sfi = 0x1f1d90cdfcf9)> (target MAGLEV), mode: ConcurrencyMode::kConcurrent]
[completed compiling 0x1ebf75129839 <JSFunction clean (sfi = 0x1f1d90cdfcf9)> (target MAGLEV) - took 0.000, 0.099, 0.003 ms]
[marking 0x1ebf7510f501 <JSFunction knownPlain (sfi = 0x1f1d90cdfb49)> for optimization to TURBOFAN_JS, ConcurrencyMode::kConcurrent, reason: hot and stable]
[compiling method 0x1ebf7510f501 <JSFunction knownPlain (sfi = 0x1f1d90cdfb49)> (target TURBOFAN_JS), mode: ConcurrencyMode::kConcurrent]
[marking 0x1f1d90ce0be1 <JSFunction nameFilter (sfi = 0x1f1d90cdfab9)> for optimization to TURBOFAN_JS, ConcurrencyMode::kConcurrent, reason: hot and stable]
[compiling method 0x1f1d90ce0be1 <JSFunction nameFilter (sfi = 0x1f1d90cdfab9)> (target TURBOFAN_JS), mode: ConcurrencyMode::kConcurrent]
[completed compiling 0x1ebf7510f501 <JSFunction knownPlain (sfi = 0x1f1d90cdfb49)> (target TURBOFAN_JS) - took 0.006, 3.206, 0.040 ms]
[completed optimizing 0x1ebf7510f501 <JSFunction knownPlain (sfi = 0x1f1d90cdfb49)> (target TURBOFAN_JS)]
[completed compiling 0x1f1d90ce0be1 <JSFunction nameFilter (sfi = 0x1f1d90cdfab9)> (target TURBOFAN_JS) - took 0.009, 15.218, 0.062 ms]
[completed optimizing 0x1f1d90ce0be1 <JSFunction nameFilter (sfi = 0x1f1d90cdfab9)> (target TURBOFAN_JS)]
[marking 0x0e296e52e931 <JSFunction (sfi = 0x273824762a21)> for optimization to MAGLEV, ConcurrencyMode::kConcurrent, reason: hot and stable]
[compiling method 0x0e296e52ebe9 <JSFunction (sfi = 0x273824762a21)> (target MAGLEV), mode: ConcurrencyMode::kConcurrent]
[completed compiling 0x0e296e52ebe9 <JSFunction (sfi = 0x273824762a21)> (target MAGLEV) - took 0.001, 0.162, 0.002 ms]
[marking 0x0e296e509931 <JSFunction knownPlain (sfi = 0x2738247612e1)> for optimization to MAGLEV, ConcurrencyMode::kConcurrent, reason: hot and stable]
[compiling method 0x0e296e509931 <JSFunction knownPlain (sfi = 0x2738247612e1)> (target MAGLEV), mode: ConcurrencyMode::kConcurrent]
[marking 0x273824762319 <JSFunction nameFilter (sfi = 0x273824761251)> for optimization to MAGLEV, ConcurrencyMode::kConcurrent, reason: hot and stable]
[compiling method 0x273824762319 <JSFunction nameFilter (sfi = 0x273824761251)> (target MAGLEV), mode: ConcurrencyMode::kConcurrent]
[completed compiling 0x0e296e509931 <JSFunction knownPlain (sfi = 0x2738247612e1)> (target MAGLEV) - took 0.000, 0.277, 0.018 ms]
[marking 0x0e296e536ce9 <JSFunction lower (sfi = 0x273824761401)> for optimization to MAGLEV, ConcurrencyMode::kConcurrent, reason: hot and stable]
[compiling method 0x0e296e536ce9 <JSFunction lower (sfi = 0x273824761401)> (target MAGLEV), mode: ConcurrencyMode::kConcurrent]
[completed compiling 0x273824762319 <JSFunction nameFilter (sfi = 0x273824761251)> (target MAGLEV) - took 0.000, 1.020, 0.019 ms]
[completed compiling 0x0e296e536ce9 <JSFunction lower (sfi = 0x273824761401)> (target MAGLEV) - took 0.001, 0.061, 0.001 ms]
[marking 0x0e296e509971 <JSFunction hasContent (sfi = 0x273824761329)> for optimization to MAGLEV, ConcurrencyMode::kConcurrent, reason: hot and stable]
[compiling method 0x0e296e509971 <JSFunction hasContent (sfi = 0x273824761329)> (target MAGLEV), mode: ConcurrencyMode::kConcurrent]
[completed compiling 0x0e296e509971 <JSFunction hasContent (sfi = 0x273824761329)> (target MAGLEV) - took 0.001, 0.582, 0.014 ms]
[marking 0x0e296e536d21 <JSFunction normalize (sfi = 0x273824761449)> for optimization to MAGLEV, ConcurrencyMode::kConcurrent, reason: hot and stable]
[compiling method 0x0e296e536d21 <JSFunction normalize (sfi = 0x273824761449)> (target MAGLEV), mode: ConcurrencyMode::kConcurrent]
[completed compiling 0x0e296e536d21 <JSFunction normalize (sfi = 0x273824761449)> (target MAGLEV) - took 0.000, 0.109, 0.004 ms]
[marking 0x0e296e536d59 <JSFunction clean (sfi = 0x273824761491)> for optimization to MAGLEV, ConcurrencyMode::kConcurrent, reason: hot and stable]
[compiling method 0x0e296e536d59 <JSFunction clean (sfi = 0x273824761491)> (target MAGLEV), mode: ConcurrencyMode::kConcurrent]
[completed compiling 0x0e296e536d59 <JSFunction clean (sfi = 0x273824761491)> (target MAGLEV) - took 0.000, 0.083, 0.003 ms]
[marking 0x0e296e509931 <JSFunction knownPlain (sfi = 0x2738247612e1)> for optimization to TURBOFAN_JS, ConcurrencyMode::kConcurrent, reason: hot and stable]
[compiling method 0x0e296e509931 <JSFunction knownPlain (sfi = 0x2738247612e1)> (target TURBOFAN_JS), mode: ConcurrencyMode::kConcurrent]
[marking 0x273824762319 <JSFunction nameFilter (sfi = 0x273824761251)> for optimization to TURBOFAN_JS, ConcurrencyMode::kConcurrent, reason: hot and stable]
[compiling method 0x273824762319 <JSFunction nameFilter (sfi = 0x273824761251)> (target TURBOFAN_JS), mode: ConcurrencyMode::kConcurrent]
[57757:0xd52a000]     6541 ms: Scavenge 30.7 (49.4) -> 14.8 (49.4) MB, pooled: 0 MB, 1.95 / 0.01 ms  (average mu = 0.996, current mu = 0.996) allocation failure; 
[completed compiling 0x1f0290c44001 <JSFunction knownPlain (sfi = 0x2738247612e1)> (target TURBOFAN_JS) - took 0.006, 6.161, 0.027 ms]
[completed optimizing 0x1f0290c44001 <JSFunction knownPlain (sfi = 0x2738247612e1)> (target TURBOFAN_JS)]
[completed compiling 0x273824762319 <JSFunction nameFilter (sfi = 0x273824761251)> (target TURBOFAN_JS) - took 0.009, 17.704, 0.058 ms]
[completed optimizing 0x273824762319 <JSFunction nameFilter (sfi = 0x273824761251)> (target TURBOFAN_JS)]
[marking 0x116d5b1bfbc9 <JSFunction (sfi = 0x17ffee833961)> for optimization to MAGLEV, ConcurrencyMode::kConcurrent, reason: hot and stable]
[compiling method 0x116d5b1bfe81 <JSFunction (sfi = 0x17ffee833961)> (target MAGLEV), mode: ConcurrencyMode::kConcurrent]
[completed compiling 0x116d5b1bfe81 <JSFunction (sfi = 0x17ffee833961)> (target MAGLEV) - took 0.001, 0.347, 0.001 ms]
[marking 0x116d5b19db49 <JSFunction knownPlain (sfi = 0x17ffee8321a1)> for optimization to MAGLEV, ConcurrencyMode::kConcurrent, reason: hot and stable]
[compiling method 0x116d5b19db49 <JSFunction knownPlain (sfi = 0x17ffee8321a1)> (target MAGLEV), mode: ConcurrencyMode::kConcurrent]
[marking 0x17ffee833279 <JSFunction nameFilter (sfi = 0x17ffee832111)> for optimization to MAGLEV, ConcurrencyMode::kConcurrent, reason: hot and stable]
[compiling method 0x17ffee833279 <JSFunction nameFilter (sfi = 0x17ffee832111)> (target MAGLEV), mode: ConcurrencyMode::kConcurrent]
[completed compiling 0x116d5b19db49 <JSFunction knownPlain (sfi = 0x17ffee8321a1)> (target MAGLEV) - took 0.000, 0.410, 0.009 ms]
[marking 0x2132e4187fa9 <JSFunction lower (sfi = 0x17ffee8322c1)> for optimization to MAGLEV, ConcurrencyMode::kConcurrent, reason: hot and stable]
[compiling method 0x2132e4187fa9 <JSFunction lower (sfi = 0x17ffee8322c1)> (target MAGLEV), mode: ConcurrencyMode::kConcurrent]
[completed compiling 0x17ffee833279 <JSFunction nameFilter (sfi = 0x17ffee832111)> (target MAGLEV) - took 0.000, 0.855, 0.022 ms]
[completed compiling 0x2132e4187fa9 <JSFunction lower (sfi = 0x17ffee8322c1)> (target MAGLEV) - took 0.001, 0.060, 0.001 ms]
[marking 0x116d5b19db89 <JSFunction hasContent (sfi = 0x17ffee8321e9)> for optimization to MAGLEV, ConcurrencyMode::kConcurrent, reason: hot and stable]
[compiling method 0x116d5b19db89 <JSFunction hasContent (sfi = 0x17ffee8321e9)> (target MAGLEV), mode: ConcurrencyMode::kConcurrent]
[completed compiling 0x116d5b19db89 <JSFunction hasContent (sfi = 0x17ffee8321e9)> (target MAGLEV) - took 0.000, 0.500, 0.014 ms]
[marking 0x2132e4187fe1 <JSFunction normalize (sfi = 0x17ffee832309)> for optimization to MAGLEV, ConcurrencyMode::kConcurrent, reason: hot and stable]
[compiling method 0x2132e4187fe1 <JSFunction normalize (sfi = 0x17ffee832309)> (target MAGLEV), mode: ConcurrencyMode::kConcurrent]
[completed compiling 0x2132e4187fe1 <JSFunction normalize (sfi = 0x17ffee832309)> (target MAGLEV) - took 0.000, 0.106, 0.004 ms]
[marking 0x2132e4188019 <JSFunction clean (sfi = 0x17ffee832351)> for optimization to MAGLEV, ConcurrencyMode::kConcurrent, reason: hot and stable]
[compiling method 0x2132e4188019 <JSFunction clean (sfi = 0x17ffee832351)> (target MAGLEV), mode: ConcurrencyMode::kConcurrent]
[completed compiling 0x2132e4188019 <JSFunction clean (sfi = 0x17ffee832351)> (target MAGLEV) - took 0.000, 0.490, 0.004 ms]
[marking 0x116d5b19db49 <JSFunction knownPlain (sfi = 0x17ffee8321a1)> for optimization to TURBOFAN_JS, ConcurrencyMode::kConcurrent, reason: hot and stable]
[compiling method 0x116d5b19db49 <JSFunction knownPlain (sfi = 0x17ffee8321a1)> (target TURBOFAN_JS), mode: ConcurrencyMode::kConcurrent]
[marking 0x17ffee833279 <JSFunction nameFilter (sfi = 0x17ffee832111)> for optimization to TURBOFAN_JS, ConcurrencyMode::kConcurrent, reason: hot and stable]
[compiling method 0x17ffee833279 <JSFunction nameFilter (sfi = 0x17ffee832111)> (target TURBOFAN_JS), mode: ConcurrencyMode::kConcurrent]
[completed compiling 0x116d5b19db49 <JSFunction knownPlain (sfi = 0x17ffee8321a1)> (target TURBOFAN_JS) - took 0.005, 3.179, 0.030 ms]
[completed optimizing 0x116d5b19db49 <JSFunction knownPlain (sfi = 0x17ffee8321a1)> (target TURBOFAN_JS)]
[completed compiling 0x17ffee833279 <JSFunction nameFilter (sfi = 0x17ffee832111)> (target TURBOFAN_JS) - took 0.053, 9.969, 0.052 ms]
[completed optimizing 0x17ffee833279 <JSFunction nameFilter (sfi = 0x17ffee832111)> (target TURBOFAN_JS)]
[57757:0xd52a000]     6656 ms: Scavenge 30.8 (49.4) -> 15.0 (49.4) MB, pooled: 0 MB, 0.45 / 0.01 ms  (average mu = 0.996, current mu = 0.996) allocation failure; 
[marking 0x1056f9bc8999 <JSFunction (sfi = 0x15f6f5684bc1)> for optimization to MAGLEV, ConcurrencyMode::kConcurrent, reason: hot and stable]
[compiling method 0x1056f9bc8c51 <JSFunction (sfi = 0x15f6f5684bc1)> (target MAGLEV), mode: ConcurrencyMode::kConcurrent]
[completed compiling 0x1056f9bc8c51 <JSFunction (sfi = 0x15f6f5684bc1)> (target MAGLEV) - took 0.001, 0.215, 0.001 ms]
[marking 0x1752e52268e1 <JSFunction knownPlain (sfi = 0x15f6f56834c1)> for optimization to MAGLEV, ConcurrencyMode::kConcurrent, reason: hot and stable]
[compiling method 0x1752e52268e1 <JSFunction knownPlain (sfi = 0x15f6f56834c1)> (target MAGLEV), mode: ConcurrencyMode::kConcurrent]
[marking 0x15f6f56844d9 <JSFunction nameFilter (sfi = 0x15f6f5683431)> for optimization to MAGLEV, ConcurrencyMode::kConcurrent, reason: hot and stable]
[compiling method 0x15f6f56844d9 <JSFunction nameFilter (sfi = 0x15f6f5683431)> (target MAGLEV), mode: ConcurrencyMode::kConcurrent]
[marking 0x1056f9bd0d51 <JSFunction lower (sfi = 0x15f6f56835e1)> for optimization to MAGLEV, ConcurrencyMode::kConcurrent, reason: hot and stable]
[compiling method 0x1056f9bd0d51 <JSFunction lower (sfi = 0x15f6f56835e1)> (target MAGLEV), mode: ConcurrencyMode::kConcurrent]
[completed compiling 0x15f6f56844d9 <JSFunction nameFilter (sfi = 0x15f6f5683431)> (target MAGLEV) - took 0.000, 0.841, 0.016 ms]
[completed compiling 0x1056f9bd0d51 <JSFunction lower (sfi = 0x15f6f56835e1)> (target MAGLEV) - took 0.000, 0.048, 0.000 ms]
[completed compiling 0x1752e52268e1 <JSFunction knownPlain (sfi = 0x15f6f56834c1)> (target MAGLEV) - took 0.000, 1.455, 0.010 ms]
[marking 0x1752e5226921 <JSFunction hasContent (sfi = 0x15f6f5683509)> for optimization to MAGLEV, ConcurrencyMode::kConcurrent, reason: hot and stable]
[compiling method 0x1752e5226921 <JSFunction hasContent (sfi = 0x15f6f5683509)> (target MAGLEV), mode: ConcurrencyMode::kConcurrent]
[completed compiling 0x1752e5226921 <JSFunction hasContent (sfi = 0x15f6f5683509)> (target MAGLEV) - took 0.000, 0.450, 0.012 ms]
[marking 0x1056f9bd0d89 <JSFunction normalize (sfi = 0x15f6f5683629)> for optimization to MAGLEV, ConcurrencyMode::kConcurrent, reason: hot and stable]
[compiling method 0x1056f9bd0d89 <JSFunction normalize (sfi = 0x15f6f5683629)> (target MAGLEV), mode: ConcurrencyMode::kConcurrent]
[marking 0x1056f9bd0dc1 <JSFunction clean (sfi = 0x15f6f5683671)> for optimization to MAGLEV, ConcurrencyMode::kConcurrent, reason: hot and stable]
[completed compiling 0x1056f9bd0d89 <JSFunction normalize (sfi = 0x15f6f5683629)> (target MAGLEV) - took 0.000, 0.114, 0.006 ms]
[compiling method 0x1056f9bd0dc1 <JSFunction clean (sfi = 0x15f6f5683671)> (target MAGLEV), mode: ConcurrencyMode::kConcurrent]
[completed compiling 0x1056f9bd0dc1 <JSFunction clean (sfi = 0x15f6f5683671)> (target MAGLEV) - took 0.000, 0.130, 0.002 ms]
[marking 0x1752e52268e1 <JSFunction knownPlain (sfi = 0x15f6f56834c1)> for optimization to TURBOFAN_JS, ConcurrencyMode::kConcurrent, reason: hot and stable]
[compiling method 0x1752e52268e1 <JSFunction knownPlain (sfi = 0x15f6f56834c1)> (target TURBOFAN_JS), mode: ConcurrencyMode::kConcurrent]
[marking 0x15f6f56844d9 <JSFunction nameFilter (sfi = 0x15f6f5683431)> for optimization to TURBOFAN_JS, ConcurrencyMode::kConcurrent, reason: hot and stable]
[compiling method 0x15f6f56844d9 <JSFunction nameFilter (sfi = 0x15f6f5683431)> (target TURBOFAN_JS), mode: ConcurrencyMode::kConcurrent]
[completed compiling 0x1752e52268e1 <JSFunction knownPlain (sfi = 0x15f6f56834c1)> (target TURBOFAN_JS) - took 0.007, 2.561, 0.031 ms]
[completed optimizing 0x1752e52268e1 <JSFunction knownPlain (sfi = 0x15f6f56834c1)> (target TURBOFAN_JS)]
[completed compiling 0x15f6f56844d9 <JSFunction nameFilter (sfi = 0x15f6f5683431)> (target TURBOFAN_JS) - took 0.007, 28.011, 0.054 ms]
[completed optimizing 0x15f6f56844d9 <JSFunction nameFilter (sfi = 0x15f6f5683431)> (target TURBOFAN_JS)]
[marking 0x18e587ec29d1 <JSFunction (sfi = 0x15f6f568b761)> for optimization to MAGLEV, ConcurrencyMode::kConcurrent, reason: hot and stable]
[compiling method 0x18e587ec2c89 <JSFunction (sfi = 0x15f6f568b761)> (target MAGLEV), mode: ConcurrencyMode::kConcurrent]
[completed compiling 0x18e587ec2c89 <JSFunction (sfi = 0x15f6f568b761)> (target MAGLEV) - took 0.000, 0.198, 0.001 ms]
[marking 0x3b4c649608e1 <JSFunction knownPlain (sfi = 0x15f6f568a061)> for optimization to MAGLEV, ConcurrencyMode::kConcurrent, reason: hot and stable]
[compiling method 0x3b4c649608e1 <JSFunction knownPlain (sfi = 0x15f6f568a061)> (target MAGLEV), mode: ConcurrencyMode::kConcurrent]
[marking 0x15f6f568b079 <JSFunction nameFilter (sfi = 0x15f6f5689fd1)> for optimization to MAGLEV, ConcurrencyMode::kConcurrent, reason: hot and stable]
[compiling method 0x15f6f568b079 <JSFunction nameFilter (sfi = 0x15f6f5689fd1)> (target MAGLEV), mode: ConcurrencyMode::kConcurrent]
[completed compiling 0x3b4c649608e1 <JSFunction knownPlain (sfi = 0x15f6f568a061)> (target MAGLEV) - took 0.000, 0.420, 0.012 ms]
[marking 0x18e587ecad89 <JSFunction lower (sfi = 0x15f6f568a181)> for optimization to MAGLEV, ConcurrencyMode::kConcurrent, reason: hot and stable]
[compiling method 0x18e587ecad89 <JSFunction lower (sfi = 0x15f6f568a181)> (target MAGLEV), mode: ConcurrencyMode::kConcurrent]
[completed compiling 0x15f6f568b079 <JSFunction nameFilter (sfi = 0x15f6f5689fd1)> (target MAGLEV) - took 0.000, 0.772, 0.017 ms]
[completed compiling 0x18e587ecad89 <JSFunction lower (sfi = 0x15f6f568a181)> (target MAGLEV) - took 0.000, 0.054, 0.001 ms]
[marking 0x3b4c64960921 <JSFunction hasContent (sfi = 0x15f6f568a0a9)> for optimization to MAGLEV, ConcurrencyMode::kConcurrent, reason: hot and stable]
[compiling method 0x3b4c64960921 <JSFunction hasContent (sfi = 0x15f6f568a0a9)> (target MAGLEV), mode: ConcurrencyMode::kConcurrent]
[completed compiling 0x3b4c64960921 <JSFunction hasContent (sfi = 0x15f6f568a0a9)> (target MAGLEV) - took 0.000, 0.318, 0.015 ms]
[marking 0x18e587ecadc1 <JSFunction normalize (sfi = 0x15f6f568a1c9)> for optimization to MAGLEV, ConcurrencyMode::kConcurrent, reason: hot and stable]
[compiling method 0x18e587ecadc1 <JSFunction normalize (sfi = 0x15f6f568a1c9)> (target MAGLEV), mode: ConcurrencyMode::kConcurrent]
[completed compiling 0x18e587ecadc1 <JSFunction normalize (sfi = 0x15f6f568a1c9)> (target MAGLEV) - took 0.000, 0.108, 0.003 ms]
[marking 0x18e587ecadf9 <JSFunction clean (sfi = 0x15f6f568a211)> for optimization to MAGLEV, ConcurrencyMode::kConcurrent, reason: hot and stable]
[compiling method 0x18e587ecadf9 <JSFunction clean (sfi = 0x15f6f568a211)> (target MAGLEV), mode: ConcurrencyMode::kConcurrent]
[completed compiling 0x18e587ecadf9 <JSFunction clean (sfi = 0x15f6f568a211)> (target MAGLEV) - took 0.000, 0.317, 0.006 ms]
[marking 0x3b4c649608e1 <JSFunction knownPlain (sfi = 0x15f6f568a061)> for optimization to TURBOFAN_JS, ConcurrencyMode::kConcurrent, reason: hot and stable]
[compiling method 0x3b4c649608e1 <JSFunction knownPlain (sfi = 0x15f6f568a061)> (target TURBOFAN_JS), mode: ConcurrencyMode::kConcurrent]
[57757:0xd52a000]     6755 ms: Scavenge 31.1 (49.4) -> 15.4 (49.4) MB, pooled: 0 MB, 0.43 / 0.01 ms  (average mu = 0.996, current mu = 0.996) allocation failure; 
[marking 0x15f6f568b079 <JSFunction nameFilter (sfi = 0x15f6f5689fd1)> for optimization to TURBOFAN_JS, ConcurrencyMode::kConcurrent, reason: hot and stable]
[compiling method 0x15f6f568b079 <JSFunction nameFilter (sfi = 0x15f6f5689fd1)> (target TURBOFAN_JS), mode: ConcurrencyMode::kConcurrent]
[completed compiling 0x1f0290c44019 <JSFunction knownPlain (sfi = 0x15f6f568a061)> (target TURBOFAN_JS) - took 0.007, 6.958, 0.030 ms]
[completed optimizing 0x1f0290c44019 <JSFunction knownPlain (sfi = 0x15f6f568a061)> (target TURBOFAN_JS)]
[completed compiling 0x15f6f568b079 <JSFunction nameFilter (sfi = 0x15f6f5689fd1)> (target TURBOFAN_JS) - took 0.008, 16.057, 0.095 ms]
[completed optimizing 0x15f6f568b079 <JSFunction nameFilter (sfi = 0x15f6f5689fd1)> (target TURBOFAN_JS)]
[marking 0x0bd5c7fbfb99 <JSFunction (sfi = 0x15f6f569d6e1)> for optimization to MAGLEV, ConcurrencyMode::kConcurrent, reason: hot and stable]
[compiling method 0x0bd5c7fbfe51 <JSFunction (sfi = 0x15f6f569d6e1)> (target MAGLEV), mode: ConcurrencyMode::kConcurrent]
[completed compiling 0x0bd5c7fbfe51 <JSFunction (sfi = 0x15f6f569d6e1)> (target MAGLEV) - took 0.000, 0.203, 0.002 ms]
[marking 0x0bd5c7f9db19 <JSFunction knownPlain (sfi = 0x15f6f569bfe1)> for optimization to MAGLEV, ConcurrencyMode::kConcurrent, reason: hot and stable]
[compiling method 0x0bd5c7f9db19 <JSFunction knownPlain (sfi = 0x15f6f569bfe1)> (target MAGLEV), mode: ConcurrencyMode::kConcurrent]
[marking 0x15f6f569cff9 <JSFunction nameFilter (sfi = 0x15f6f569bf51)> for optimization to MAGLEV, ConcurrencyMode::kConcurrent, reason: hot and stable]
[compiling method 0x15f6f569cff9 <JSFunction nameFilter (sfi = 0x15f6f569bf51)> (target MAGLEV), mode: ConcurrencyMode::kConcurrent]
[completed compiling 0x0bd5c7f9db19 <JSFunction knownPlain (sfi = 0x15f6f569bfe1)> (target MAGLEV) - took 0.000, 0.286, 0.012 ms]
[marking 0x0f1169147f79 <JSFunction lower (sfi = 0x15f6f569c101)> for optimization to MAGLEV, ConcurrencyMode::kConcurrent, reason: hot and stable]
[compiling method 0x0f1169147f79 <JSFunction lower (sfi = 0x15f6f569c101)> (target MAGLEV), mode: ConcurrencyMode::kConcurrent]
[completed compiling 0x15f6f569cff9 <JSFunction nameFilter (sfi = 0x15f6f569bf51)> (target MAGLEV) - took 0.000, 0.878, 0.014 ms]
[completed compiling 0x0f1169147f79 <JSFunction lower (sfi = 0x15f6f569c101)> (target MAGLEV) - took 0.001, 0.047, 0.000 ms]
[marking 0x0bd5c7f9db59 <JSFunction hasContent (sfi = 0x15f6f569c029)> for optimization to MAGLEV, ConcurrencyMode::kConcurrent, reason: hot and stable]
[compiling method 0x0bd5c7f9db59 <JSFunction hasContent (sfi = 0x15f6f569c029)> (target MAGLEV), mode: ConcurrencyMode::kConcurrent]
[completed compiling 0x0bd5c7f9db59 <JSFunction hasContent (sfi = 0x15f6f569c029)> (target MAGLEV) - took 0.000, 0.678, 0.013 ms]
[marking 0x0f1169147fb1 <JSFunction normalize (sfi = 0x15f6f569c149)> for optimization to MAGLEV, ConcurrencyMode::kConcurrent, reason: hot and stable]
[compiling method 0x0f1169147fb1 <JSFunction normalize (sfi = 0x15f6f569c149)> (target MAGLEV), mode: ConcurrencyMode::kConcurrent]
[completed compiling 0x0f1169147fb1 <JSFunction normalize (sfi = 0x15f6f569c149)> (target MAGLEV) - took 0.001, 0.103, 0.004 ms]
[marking 0x0f1169147fe9 <JSFunction clean (sfi = 0x15f6f569c191)> for optimization to MAGLEV, ConcurrencyMode::kConcurrent, reason: hot and stable]
[compiling method 0x0f1169147fe9 <JSFunction clean (sfi = 0x15f6f569c191)> (target MAGLEV), mode: ConcurrencyMode::kConcurrent]
[completed compiling 0x0f1169147fe9 <JSFunction clean (sfi = 0x15f6f569c191)> (target MAGLEV) - took 0.000, 0.227, 0.004 ms]
[marking 0x0bd5c7f9db19 <JSFunction knownPlain (sfi = 0x15f6f569bfe1)> for optimization to TURBOFAN_JS, ConcurrencyMode::kConcurrent, reason: hot and stable]
[compiling method 0x0bd5c7f9db19 <JSFunction knownPlain (sfi = 0x15f6f569bfe1)> (target TURBOFAN_JS), mode: ConcurrencyMode::kConcurrent]
[marking 0x15f6f569cff9 <JSFunction nameFilter (sfi = 0x15f6f569bf51)> for optimization to TURBOFAN_JS, ConcurrencyMode::kConcurrent, reason: hot and stable]
[compiling method 0x15f6f569cff9 <JSFunction nameFilter (sfi = 0x15f6f569bf51)> (target TURBOFAN_JS), mode: ConcurrencyMode::kConcurrent]
[completed compiling 0x0bd5c7f9db19 <JSFunction knownPlain (sfi = 0x15f6f569bfe1)> (target TURBOFAN_JS) - took 0.006, 3.151, 0.025 ms]
[completed optimizing 0x0bd5c7f9db19 <JSFunction knownPlain (sfi = 0x15f6f569bfe1)> (target TURBOFAN_JS)]
[completed compiling 0x15f6f569cff9 <JSFunction nameFilter (sfi = 0x15f6f569bf51)> (target TURBOFAN_JS) - took 0.008, 7.539, 0.116 ms]
[completed optimizing 0x15f6f569cff9 <JSFunction nameFilter (sfi = 0x15f6f569bf51)> (target TURBOFAN_JS)]
[57757:0xd52a000]     6855 ms: Scavenge 31.3 (49.4) -> 15.5 (49.4) MB, pooled: 0 MB, 0.73 / 0.01 ms  (average mu = 0.996, current mu = 0.996) allocation failure; 
[marking 0x29cc44041749 <JSFunction (sfi = 0x3eb518e1b3e1)> for optimization to MAGLEV, ConcurrencyMode::kConcurrent, reason: hot and stable]
[compiling method 0x29cc44041749 <JSFunction (sfi = 0x3eb518e1b3e1)> (target MAGLEV), mode: ConcurrencyMode::kConcurrent]
[completed compiling 0x29cc44041749 <JSFunction (sfi = 0x3eb518e1b3e1)> (target MAGLEV) - took 0.001, 0.266, 0.002 ms]
[marking 0x2e39a7e16dd1 <JSFunction (sfi = 0x50972313181)> for optimization to MAGLEV, ConcurrencyMode::kConcurrent, reason: hot and stable]
[compiling method 0x2e39a7e17089 <JSFunction (sfi = 0x50972313181)> (target MAGLEV), mode: ConcurrencyMode::kConcurrent]
[completed compiling 0x2e39a7e17089 <JSFunction (sfi = 0x50972313181)> (target MAGLEV) - took 0.001, 0.177, 0.001 ms]
[marking 0x1f95a84f51d1 <JSFunction knownPlain (sfi = 0x50972311961)> for optimization to MAGLEV, ConcurrencyMode::kConcurrent, reason: hot and stable]
[compiling method 0x1f95a84f51d1 <JSFunction knownPlain (sfi = 0x50972311961)> (target MAGLEV), mode: ConcurrencyMode::kConcurrent]
[marking 0x050972312a99 <JSFunction nameFilter (sfi = 0x509723118d1)> for optimization to MAGLEV, ConcurrencyMode::kConcurrent, reason: hot and stable]
[compiling method 0x050972312a99 <JSFunction nameFilter (sfi = 0x509723118d1)> (target MAGLEV), mode: ConcurrencyMode::kConcurrent]
[completed compiling 0x1f95a84f51d1 <JSFunction knownPlain (sfi = 0x50972311961)> (target MAGLEV) - took 0.001, 0.413, 0.012 ms]
[marking 0x2e39a7e1f001 <JSFunction lower (sfi = 0x50972311a81)> for optimization to MAGLEV, ConcurrencyMode::kConcurrent, reason: hot and stable]
[compiling method 0x2e39a7e1f001 <JSFunction lower (sfi = 0x50972311a81)> (target MAGLEV), mode: ConcurrencyMode::kConcurrent]
[completed compiling 0x050972312a99 <JSFunction nameFilter (sfi = 0x509723118d1)> (target MAGLEV) - took 0.001, 0.737, 0.016 ms]
[completed compiling 0x2e39a7e1f001 <JSFunction lower (sfi = 0x50972311a81)> (target MAGLEV) - took 0.000, 0.040, 0.001 ms]
[marking 0x1f95a84f5211 <JSFunction hasContent (sfi = 0x509723119a9)> for optimization to MAGLEV, ConcurrencyMode::kConcurrent, reason: hot and stable]
[compiling method 0x1f95a84f5211 <JSFunction hasContent (sfi = 0x509723119a9)> (target MAGLEV), mode: ConcurrencyMode::kConcurrent]
[completed compiling 0x1f95a84f5211 <JSFunction hasContent (sfi = 0x509723119a9)> (target MAGLEV) - took 0.000, 0.473, 0.014 ms]
[marking 0x2e39a7e1f039 <JSFunction normalize (sfi = 0x50972311ac9)> for optimization to MAGLEV, ConcurrencyMode::kConcurrent, reason: hot and stable]
[compiling method 0x2e39a7e1f039 <JSFunction normalize (sfi = 0x50972311ac9)> (target MAGLEV), mode: ConcurrencyMode::kConcurrent]
[completed compiling 0x2e39a7e1f039 <JSFunction normalize (sfi = 0x50972311ac9)> (target MAGLEV) - took 0.000, 0.108, 0.004 ms]
[marking 0x2e39a7e1f071 <JSFunction clean (sfi = 0x50972311b11)> for optimization to MAGLEV, ConcurrencyMode::kConcurrent, reason: hot and stable]
[compiling method 0x2e39a7e1f071 <JSFunction clean (sfi = 0x50972311b11)> (target MAGLEV), mode: ConcurrencyMode::kConcurrent]
[completed compiling 0x2e39a7e1f071 <JSFunction clean (sfi = 0x50972311b11)> (target MAGLEV) - took 0.000, 0.103, 0.003 ms]
[marking 0x1f95a84f51d1 <JSFunction knownPlain (sfi = 0x50972311961)> for optimization to TURBOFAN_JS, ConcurrencyMode::kConcurrent, reason: hot and stable]
[compiling method 0x1f95a84f51d1 <JSFunction knownPlain (sfi = 0x50972311961)> (target TURBOFAN_JS), mode: ConcurrencyMode::kConcurrent]
[marking 0x050972312a99 <JSFunction nameFilter (sfi = 0x509723118d1)> for optimization to TURBOFAN_JS, ConcurrencyMode::kConcurrent, reason: hot and stable]
[compiling method 0x050972312a99 <JSFunction nameFilter (sfi = 0x509723118d1)> (target TURBOFAN_JS), mode: ConcurrencyMode::kConcurrent]
[completed compiling 0x1f95a84f51d1 <JSFunction knownPlain (sfi = 0x50972311961)> (target TURBOFAN_JS) - took 0.031, 2.971, 0.038 ms]
[completed optimizing 0x1f95a84f51d1 <JSFunction knownPlain (sfi = 0x50972311961)> (target TURBOFAN_JS)]
[completed compiling 0x050972312a99 <JSFunction nameFilter (sfi = 0x509723118d1)> (target TURBOFAN_JS) - took 0.008, 9.064, 0.057 ms]
[completed optimizing 0x050972312a99 <JSFunction nameFilter (sfi = 0x509723118d1)> (target TURBOFAN_JS)]
[marking 0x389da385b269 <JSFunction (sfi = 0x15f6f56ae3e9)> for optimization to MAGLEV, ConcurrencyMode::kConcurrent, reason: hot and stable]
[compiling method 0x389da385b521 <JSFunction (sfi = 0x15f6f56ae3e9)> (target MAGLEV), mode: ConcurrencyMode::kConcurrent]
[completed compiling 0x389da385b521 <JSFunction (sfi = 0x15f6f56ae3e9)> (target MAGLEV) - took 0.001, 0.223, 0.002 ms]
[marking 0x3bf635eb8b99 <JSFunction knownPlain (sfi = 0x50972318711)> for optimization to MAGLEV, ConcurrencyMode::kConcurrent, reason: hot and stable]
[compiling method 0x3bf635eb8b99 <JSFunction knownPlain (sfi = 0x50972318711)> (target MAGLEV), mode: ConcurrencyMode::kConcurrent]
[marking 0x23d2efe78209 <JSFunction nameFilter (sfi = 0x50972318681)> for optimization to MAGLEV, ConcurrencyMode::kConcurrent, reason: hot and stable]
[compiling method 0x23d2efe78209 <JSFunction nameFilter (sfi = 0x50972318681)> (target MAGLEV), mode: ConcurrencyMode::kConcurrent]
[marking 0x389da3863621 <JSFunction lower (sfi = 0x50972318831)> for optimization to MAGLEV, ConcurrencyMode::kConcurrent, reason: hot and stable]
[compiling method 0x389da3863621 <JSFunction lower (sfi = 0x50972318831)> (target MAGLEV), mode: ConcurrencyMode::kConcurrent]
[completed compiling 0x23d2efe78209 <JSFunction nameFilter (sfi = 0x50972318681)> (target MAGLEV) - took 0.000, 1.040, 0.017 ms]
[completed compiling 0x389da3863621 <JSFunction lower (sfi = 0x50972318831)> (target MAGLEV) - took 0.000, 0.052, 0.000 ms]
[completed compiling 0x3bf635eb8b99 <JSFunction knownPlain (sfi = 0x50972318711)> (target MAGLEV) - took 0.000, 1.480, 0.007 ms]
[marking 0x3bf635eb8bd9 <JSFunction hasContent (sfi = 0x50972318759)> for optimization to MAGLEV, ConcurrencyMode::kConcurrent, reason: hot and stable]
[compiling method 0x3bf635eb8bd9 <JSFunction hasContent (sfi = 0x50972318759)> (target MAGLEV), mode: ConcurrencyMode::kConcurrent]
[completed compiling 0x3bf635eb8bd9 <JSFunction hasContent (sfi = 0x50972318759)> (target MAGLEV) - took 0.000, 0.483, 0.011 ms]
[marking 0x389da3863659 <JSFunction normalize (sfi = 0x50972318879)> for optimization to MAGLEV, ConcurrencyMode::kConcurrent, reason: hot and stable]
[compiling method 0x389da3863659 <JSFunction normalize (sfi = 0x50972318879)> (target MAGLEV), mode: ConcurrencyMode::kConcurrent]
[completed compiling 0x389da3863659 <JSFunction normalize (sfi = 0x50972318879)> (target MAGLEV) - took 0.000, 0.161, 0.007 ms]
[marking 0x389da3863691 <JSFunction clean (sfi = 0x509723188c1)> for optimization to MAGLEV, ConcurrencyMode::kConcurrent, reason: hot and stable]
[compiling method 0x389da3863691 <JSFunction clean (sfi = 0x509723188c1)> (target MAGLEV), mode: ConcurrencyMode::kConcurrent]
[completed compiling 0x389da3863691 <JSFunction clean (sfi = 0x509723188c1)> (target MAGLEV) - took 0.000, 0.128, 0.003 ms]
[57757:0xd52a000]     6975 ms: Scavenge 32.0 (50.0) -> 16.2 (50.0) MB, pooled: 0 MB, 0.64 / 0.01 ms  (average mu = 0.996, current mu = 0.996) allocation failure; 
[marking 0x1f0290c48011 <JSFunction knownPlain (sfi = 0x50972318711)> for optimization to TURBOFAN_JS, ConcurrencyMode::kConcurrent, reason: hot and stable]
[compiling method 0x1f0290c48011 <JSFunction knownPlain (sfi = 0x50972318711)> (target TURBOFAN_JS), mode: ConcurrencyMode::kConcurrent]
[marking 0x23d2efe78209 <JSFunction nameFilter (sfi = 0x50972318681)> for optimization to TURBOFAN_JS, ConcurrencyMode::kConcurrent, reason: hot and stable]
[compiling method 0x23d2efe78209 <JSFunction nameFilter (sfi = 0x50972318681)> (target TURBOFAN_JS), mode: ConcurrencyMode::kConcurrent]
[completed compiling 0x1f0290c48011 <JSFunction knownPlain (sfi = 0x50972318711)> (target TURBOFAN_JS) - took 0.009, 2.837, 0.157 ms]
[completed optimizing 0x1f0290c48011 <JSFunction knownPlain (sfi = 0x50972318711)> (target TURBOFAN_JS)]
[completed compiling 0x23d2efe78209 <JSFunction nameFilter (sfi = 0x50972318681)> (target TURBOFAN_JS) - took 0.007, 8.856, 0.250 ms]
[completed optimizing 0x23d2efe78209 <JSFunction nameFilter (sfi = 0x50972318681)> (target TURBOFAN_JS)]
[marking 0x0bd5c7faadb1 <JSFunction (sfi = 0x1f1d90cf70c1)> for optimization to MAGLEV, ConcurrencyMode::kConcurrent, reason: hot and stable]
[compiling method 0x0bd5c7fab069 <JSFunction (sfi = 0x1f1d90cf70c1)> (target MAGLEV), mode: ConcurrencyMode::kConcurrent]
[completed compiling 0x0bd5c7fab069 <JSFunction (sfi = 0x1f1d90cf70c1)> (target MAGLEV) - took 0.001, 0.201, 0.001 ms]
[marking 0x0bd5c7f88d49 <JSFunction knownPlain (sfi = 0x1f1d90cf59c1)> for optimization to MAGLEV, ConcurrencyMode::kConcurrent, reason: hot and stable]
[compiling method 0x0bd5c7f88d49 <JSFunction knownPlain (sfi = 0x1f1d90cf59c1)> (target MAGLEV), mode: ConcurrencyMode::kConcurrent]
[marking 0x1f1d90cf69d9 <JSFunction nameFilter (sfi = 0x1f1d90cf5931)> for optimization to MAGLEV, ConcurrencyMode::kConcurrent, reason: hot and stable]
[compiling method 0x1f1d90cf69d9 <JSFunction nameFilter (sfi = 0x1f1d90cf5931)> (target MAGLEV), mode: ConcurrencyMode::kConcurrent]
[marking 0x0bd5c7fb3169 <JSFunction lower (sfi = 0x1f1d90cf5ae1)> for optimization to MAGLEV, ConcurrencyMode::kConcurrent, reason: hot and stable]
[compiling method 0x0bd5c7fb3169 <JSFunction lower (sfi = 0x1f1d90cf5ae1)> (target MAGLEV), mode: ConcurrencyMode::kConcurrent]
[completed compiling 0x1f1d90cf69d9 <JSFunction nameFilter (sfi = 0x1f1d90cf5931)> (target MAGLEV) - took 0.000, 1.525, 0.016 ms]
[completed compiling 0x0bd5c7fb3169 <JSFunction lower (sfi = 0x1f1d90cf5ae1)> (target MAGLEV) - took 0.000, 0.050, 0.001 ms]
[completed compiling 0x0bd5c7f88d49 <JSFunction knownPlain (sfi = 0x1f1d90cf59c1)> (target MAGLEV) - took 0.000, 2.011, 0.008 ms]
[marking 0x0bd5c7f88d89 <JSFunction hasContent (sfi = 0x1f1d90cf5a09)> for optimization to MAGLEV, ConcurrencyMode::kConcurrent, reason: hot and stable]
[compiling method 0x0bd5c7f88d89 <JSFunction hasContent (sfi = 0x1f1d90cf5a09)> (target MAGLEV), mode: ConcurrencyMode::kConcurrent]
[completed compiling 0x0bd5c7f88d89 <JSFunction hasContent (sfi = 0x1f1d90cf5a09)> (target MAGLEV) - took 0.000, 0.363, 0.014 ms]
[marking 0x0bd5c7fb31a1 <JSFunction normalize (sfi = 0x1f1d90cf5b29)> for optimization to MAGLEV, ConcurrencyMode::kConcurrent, reason: hot and stable]
[compiling method 0x0bd5c7fb31a1 <JSFunction normalize (sfi = 0x1f1d90cf5b29)> (target MAGLEV), mode: ConcurrencyMode::kConcurrent]
[completed compiling 0x0bd5c7fb31a1 <JSFunction normalize (sfi = 0x1f1d90cf5b29)> (target MAGLEV) - took 0.001, 0.150, 0.004 ms]
[marking 0x0bd5c7fb31d9 <JSFunction clean (sfi = 0x1f1d90cf5b71)> for optimization to MAGLEV, ConcurrencyMode::kConcurrent, reason: hot and stable]
[compiling method 0x0bd5c7fb31d9 <JSFunction clean (sfi = 0x1f1d90cf5b71)> (target MAGLEV), mode: ConcurrencyMode::kConcurrent]
[completed compiling 0x0bd5c7fb31d9 <JSFunction clean (sfi = 0x1f1d90cf5b71)> (target MAGLEV) - took 0.000, 0.078, 0.004 ms]
[marking 0x0bd5c7f88d49 <JSFunction knownPlain (sfi = 0x1f1d90cf59c1)> for optimization to TURBOFAN_JS, ConcurrencyMode::kConcurrent, reason: hot and stable]
[compiling method 0x0bd5c7f88d49 <JSFunction knownPlain (sfi = 0x1f1d90cf59c1)> (target TURBOFAN_JS), mode: ConcurrencyMode::kConcurrent]
[marking 0x1f1d90cf69d9 <JSFunction nameFilter (sfi = 0x1f1d90cf5931)> for optimization to TURBOFAN_JS, ConcurrencyMode::kConcurrent, reason: hot and stable]
[compiling method 0x1f1d90cf69d9 <JSFunction nameFilter (sfi = 0x1f1d90cf5931)> (target TURBOFAN_JS), mode: ConcurrencyMode::kConcurrent]
[completed compiling 0x0bd5c7f88d49 <JSFunction knownPlain (sfi = 0x1f1d90cf59c1)> (target TURBOFAN_JS) - took 0.006, 2.724, 0.035 ms]
[completed optimizing 0x0bd5c7f88d49 <JSFunction knownPlain (sfi = 0x1f1d90cf59c1)> (target TURBOFAN_JS)]
[completed compiling 0x1f1d90cf69d9 <JSFunction nameFilter (sfi = 0x1f1d90cf5931)> (target TURBOFAN_JS) - took 0.006, 15.380, 0.192 ms]
[completed optimizing 0x1f1d90cf69d9 <JSFunction nameFilter (sfi = 0x1f1d90cf5931)> (target TURBOFAN_JS)]
[57757:0xd52a000]     7075 ms: Scavenge 32.2 (50.0) -> 16.4 (50.3) MB, pooled: 0 MB, 0.50 / 0.01 ms  (average mu = 0.996, current mu = 0.996) allocation failure; 
[marking 0x076ef7408cb1 <JSFunction knownPlain (sfi = 0x1f33839e48e1)> for optimization to MAGLEV, ConcurrencyMode::kConcurrent, reason: hot and stable]
[compiling method 0x076ef7408cb1 <JSFunction knownPlain (sfi = 0x1f33839e48e1)> (target MAGLEV), mode: ConcurrencyMode::kConcurrent]
[marking 0x1f33839e5899 <JSFunction nameFilter (sfi = 0x1f33839e4851)> for optimization to MAGLEV, ConcurrencyMode::kConcurrent, reason: hot and stable]
[compiling method 0x1f33839e5899 <JSFunction nameFilter (sfi = 0x1f33839e4851)> (target MAGLEV), mode: ConcurrencyMode::kConcurrent]
[completed compiling 0x076ef7408cb1 <JSFunction knownPlain (sfi = 0x1f33839e48e1)> (target MAGLEV) - took 0.000, 0.430, 0.011 ms]
[marking 0x076ef7421911 <JSFunction lower (sfi = 0x1f33839e49b9)> for optimization to MAGLEV, ConcurrencyMode::kConcurrent, reason: hot and stable]
[compiling method 0x076ef7421911 <JSFunction lower (sfi = 0x1f33839e49b9)> (target MAGLEV), mode: ConcurrencyMode::kConcurrent]
[completed compiling 0x1f33839e5899 <JSFunction nameFilter (sfi = 0x1f33839e4851)> (target MAGLEV) - took 0.000, 0.937, 0.015 ms]
[completed compiling 0x076ef7421911 <JSFunction lower (sfi = 0x1f33839e49b9)> (target MAGLEV) - took 0.000, 0.046, 0.001 ms]
[marking 0x076ef7408cf1 <JSFunction hasContent (sfi = 0x1f33839e4929)> for optimization to MAGLEV, ConcurrencyMode::kConcurrent, reason: hot and stable]
[compiling method 0x076ef7408cf1 <JSFunction hasContent (sfi = 0x1f33839e4929)> (target MAGLEV), mode: ConcurrencyMode::kConcurrent]
[completed compiling 0x076ef7408cf1 <JSFunction hasContent (sfi = 0x1f33839e4929)> (target MAGLEV) - took 0.001, 0.368, 0.011 ms]
[marking 0x076ef7421949 <JSFunction normalize (sfi = 0x1f33839e4a01)> for optimization to MAGLEV, ConcurrencyMode::kConcurrent, reason: hot and stable]
[compiling method 0x076ef7421949 <JSFunction normalize (sfi = 0x1f33839e4a01)> (target MAGLEV), mode: ConcurrencyMode::kConcurrent]
[completed compiling 0x076ef7421949 <JSFunction normalize (sfi = 0x1f33839e4a01)> (target MAGLEV) - took 0.001, 0.319, 0.004 ms]
[marking 0x076ef7421981 <JSFunction clean (sfi = 0x1f33839e4a49)> for optimization to MAGLEV, ConcurrencyMode::kConcurrent, reason: hot and stable]
[compiling method 0x076ef7421981 <JSFunction clean (sfi = 0x1f33839e4a49)> (target MAGLEV), mode: ConcurrencyMode::kConcurrent]
[completed compiling 0x076ef7421981 <JSFunction clean (sfi = 0x1f33839e4a49)> (target MAGLEV) - took 0.000, 0.124, 0.004 ms]
[marking 0x076ef7408cb1 <JSFunction knownPlain (sfi = 0x1f33839e48e1)> for optimization to TURBOFAN_JS, ConcurrencyMode::kConcurrent, reason: hot and stable]
[compiling method 0x076ef7408cb1 <JSFunction knownPlain (sfi = 0x1f33839e48e1)> (target TURBOFAN_JS), mode: ConcurrencyMode::kConcurrent]
[marking 0x1f33839e5899 <JSFunction nameFilter (sfi = 0x1f33839e4851)> for optimization to TURBOFAN_JS, ConcurrencyMode::kConcurrent, reason: hot and stable]
[compiling method 0x1f33839e5899 <JSFunction nameFilter (sfi = 0x1f33839e4851)> (target TURBOFAN_JS), mode: ConcurrencyMode::kConcurrent]
[completed compiling 0x076ef7408cb1 <JSFunction knownPlain (sfi = 0x1f33839e48e1)> (target TURBOFAN_JS) - took 0.006, 8.597, 0.069 ms]
[completed optimizing 0x076ef7408cb1 <JSFunction knownPlain (sfi = 0x1f33839e48e1)> (target TURBOFAN_JS)]
[completed compiling 0x1f33839e5899 <JSFunction nameFilter (sfi = 0x1f33839e4851)> (target TURBOFAN_JS) - took 0.008, 17.103, 0.061 ms]
[completed optimizing 0x1f33839e5899 <JSFunction nameFilter (sfi = 0x1f33839e4851)> (target TURBOFAN_JS)]
[marking 0x39bae099dac1 <JSFunction (sfi = 0x1f33839ec9e1)> for optimization to MAGLEV, ConcurrencyMode::kConcurrent, reason: hot and stable]
[compiling method 0x39bae099dd49 <JSFunction (sfi = 0x1f33839ec9e1)> (target MAGLEV), mode: ConcurrencyMode::kConcurrent]
[completed compiling 0x39bae099dd49 <JSFunction (sfi = 0x1f33839ec9e1)> (target MAGLEV) - took 0.001, 0.385, 0.002 ms]
[marking 0x3c15a8dbe9e1 <JSFunction knownPlain (sfi = 0x1f33839eb2e1)> for optimization to MAGLEV, ConcurrencyMode::kConcurrent, reason: hot and stable]
[compiling method 0x3c15a8dbe9e1 <JSFunction knownPlain (sfi = 0x1f33839eb2e1)> (target MAGLEV), mode: ConcurrencyMode::kConcurrent]
[marking 0x1f33839ec2f9 <JSFunction nameFilter (sfi = 0x1f33839eb251)> for optimization to MAGLEV, ConcurrencyMode::kConcurrent, reason: hot and stable]
[compiling method 0x1f33839ec2f9 <JSFunction nameFilter (sfi = 0x1f33839eb251)> (target MAGLEV), mode: ConcurrencyMode::kConcurrent]
[completed compiling 0x3c15a8dbe9e1 <JSFunction knownPlain (sfi = 0x1f33839eb2e1)> (target MAGLEV) - took 0.000, 0.567, 0.011 ms]
[marking 0x39bae09a4939 <JSFunction lower (sfi = 0x1f33839eb401)> for optimization to MAGLEV, ConcurrencyMode::kConcurrent, reason: hot and stable]
[compiling method 0x39bae09a4939 <JSFunction lower (sfi = 0x1f33839eb401)> (target MAGLEV), mode: ConcurrencyMode::kConcurrent]
[completed compiling 0x1f33839ec2f9 <JSFunction nameFilter (sfi = 0x1f33839eb251)> (target MAGLEV) - took 0.000, 0.832, 0.021 ms]
[completed compiling 0x39bae09a4939 <JSFunction lower (sfi = 0x1f33839eb401)> (target MAGLEV) - took 0.001, 0.058, 0.001 ms]
[marking 0x3c15a8dbea21 <JSFunction hasContent (sfi = 0x1f33839eb329)> for optimization to MAGLEV, ConcurrencyMode::kConcurrent, reason: hot and stable]
[compiling method 0x3c15a8dbea21 <JSFunction hasContent (sfi = 0x1f33839eb329)> (target MAGLEV), mode: ConcurrencyMode::kConcurrent]
[completed compiling 0x3c15a8dbea21 <JSFunction hasContent (sfi = 0x1f33839eb329)> (target MAGLEV) - took 0.000, 0.344, 0.014 ms]
[57757:0xd52a000]     7181 ms: Scavenge 32.7 (50.5) -> 17.0 (50.5) MB, pooled: 0 MB, 1.72 / 0.01 ms  (average mu = 0.996, current mu = 0.996) allocation failure; 
[marking 0x1f0290c485f1 <JSFunction normalize (sfi = 0x1f33839eb449)> for optimization to MAGLEV, ConcurrencyMode::kConcurrent, reason: hot and stable]
[compiling method 0x1f0290c485f1 <JSFunction normalize (sfi = 0x1f33839eb449)> (target MAGLEV), mode: ConcurrencyMode::kConcurrent]
[completed compiling 0x1f0290c485f1 <JSFunction normalize (sfi = 0x1f33839eb449)> (target MAGLEV) - took 0.001, 0.456, 0.004 ms]
[marking 0x1f0290c45a49 <JSFunction clean (sfi = 0x1f33839eb491)> for optimization to MAGLEV, ConcurrencyMode::kConcurrent, reason: hot and stable]
[compiling method 0x1f0290c45a49 <JSFunction clean (sfi = 0x1f33839eb491)> (target MAGLEV), mode: ConcurrencyMode::kConcurrent]
[completed compiling 0x1f0290c45a49 <JSFunction clean (sfi = 0x1f33839eb491)> (target MAGLEV) - took 0.001, 0.133, 0.004 ms]
[marking 0x1f0290c400e1 <JSFunction knownPlain (sfi = 0x1f33839eb2e1)> for optimization to TURBOFAN_JS, ConcurrencyMode::kConcurrent, reason: hot and stable]
[compiling method 0x1f0290c400e1 <JSFunction knownPlain (sfi = 0x1f33839eb2e1)> (target TURBOFAN_JS), mode: ConcurrencyMode::kConcurrent]
[marking 0x1f33839ec2f9 <JSFunction nameFilter (sfi = 0x1f33839eb251)> for optimization to TURBOFAN_JS, ConcurrencyMode::kConcurrent, reason: hot and stable]
[compiling method 0x1f33839ec2f9 <JSFunction nameFilter (sfi = 0x1f33839eb251)> (target TURBOFAN_JS), mode: ConcurrencyMode::kConcurrent]
[completed compiling 0x1f0290c400e1 <JSFunction knownPlain (sfi = 0x1f33839eb2e1)> (target TURBOFAN_JS) - took 0.007, 12.828, 0.033 ms]
[completed optimizing 0x1f0290c400e1 <JSFunction knownPlain (sfi = 0x1f33839eb2e1)> (target TURBOFAN_JS)]
[completed compiling 0x1f33839ec2f9 <JSFunction nameFilter (sfi = 0x1f33839eb251)> (target TURBOFAN_JS) - took 0.007, 16.569, 0.100 ms]
[completed optimizing 0x1f33839ec2f9 <JSFunction nameFilter (sfi = 0x1f33839eb251)> (target TURBOFAN_JS)]
[marking 0x322972c4b651 <JSFunction (sfi = 0xc9144922d9)> for optimization to MAGLEV, ConcurrencyMode::kConcurrent, reason: hot and stable]
[compiling method 0x322972c4b651 <JSFunction (sfi = 0xc9144922d9)> (target MAGLEV), mode: ConcurrencyMode::kConcurrent]
[completed compiling 0x322972c4b651 <JSFunction (sfi = 0xc9144922d9)> (target MAGLEV) - took 0.000, 0.173, 0.002 ms]
[marking 0x0309ff4e8e11 <JSFunction knownPlain (sfi = 0xc914490bd9)> for optimization to MAGLEV, ConcurrencyMode::kConcurrent, reason: hot and stable]
[compiling method 0x0309ff4e8e11 <JSFunction knownPlain (sfi = 0xc914490bd9)> (target MAGLEV), mode: ConcurrencyMode::kConcurrent]
[marking 0x00c914491bf1 <JSFunction nameFilter (sfi = 0xc914490b49)> for optimization to MAGLEV, ConcurrencyMode::kConcurrent, reason: hot and stable]
[compiling method 0x00c914491bf1 <JSFunction nameFilter (sfi = 0xc914490b49)> (target MAGLEV), mode: ConcurrencyMode::kConcurrent]
[marking 0x322972c53439 <JSFunction lower (sfi = 0xc914490cf9)> for optimization to MAGLEV, ConcurrencyMode::kConcurrent, reason: hot and stable]
[compiling method 0x322972c53439 <JSFunction lower (sfi = 0xc914490cf9)> (target MAGLEV), mode: ConcurrencyMode::kConcurrent]
[completed compiling 0x00c914491bf1 <JSFunction nameFilter (sfi = 0xc914490b49)> (target MAGLEV) - took 0.001, 0.912, 0.021 ms]
[completed compiling 0x322972c53439 <JSFunction lower (sfi = 0xc914490cf9)> (target MAGLEV) - took 0.001, 0.060, 0.000 ms]
[completed compiling 0x0309ff4e8e11 <JSFunction knownPlain (sfi = 0xc914490bd9)> (target MAGLEV) - took 0.000, 1.427, 0.008 ms]
[marking 0x0309ff4e8e51 <JSFunction hasContent (sfi = 0xc914490c21)> for optimization to MAGLEV, ConcurrencyMode::kConcurrent, reason: hot and stable]
[compiling method 0x0309ff4e8e51 <JSFunction hasContent (sfi = 0xc914490c21)> (target MAGLEV), mode: ConcurrencyMode::kConcurrent]
[completed compiling 0x0309ff4e8e51 <JSFunction hasContent (sfi = 0xc914490c21)> (target MAGLEV) - took 0.000, 0.457, 0.015 ms]
[marking 0x322972c53471 <JSFunction normalize (sfi = 0xc914490d41)> for optimization to MAGLEV, ConcurrencyMode::kConcurrent, reason: hot and stable]
[compiling method 0x322972c53471 <JSFunction normalize (sfi = 0xc914490d41)> (target MAGLEV), mode: ConcurrencyMode::kConcurrent]
[completed compiling 0x322972c53471 <JSFunction normalize (sfi = 0xc914490d41)> (target MAGLEV) - took 0.000, 0.110, 0.004 ms]
[marking 0x322972c534a9 <JSFunction clean (sfi = 0xc914490d89)> for optimization to MAGLEV, ConcurrencyMode::kConcurrent, reason: hot and stable]
[compiling method 0x322972c534a9 <JSFunction clean (sfi = 0xc914490d89)> (target MAGLEV), mode: ConcurrencyMode::kConcurrent]
[completed compiling 0x322972c534a9 <JSFunction clean (sfi = 0xc914490d89)> (target MAGLEV) - took 0.000, 0.076, 0.003 ms]
[marking 0x0309ff4e8e11 <JSFunction knownPlain (sfi = 0xc914490bd9)> for optimization to TURBOFAN_JS, ConcurrencyMode::kConcurrent, reason: hot and stable]
[compiling method 0x0309ff4e8e11 <JSFunction knownPlain (sfi = 0xc914490bd9)> (target TURBOFAN_JS), mode: ConcurrencyMode::kConcurrent]
[marking 0x00c914491bf1 <JSFunction nameFilter (sfi = 0xc914490b49)> for optimization to TURBOFAN_JS, ConcurrencyMode::kConcurrent, reason: hot and stable]
[compiling method 0x00c914491bf1 <JSFunction nameFilter (sfi = 0xc914490b49)> (target TURBOFAN_JS), mode: ConcurrencyMode::kConcurrent]
[completed compiling 0x0309ff4e8e11 <JSFunction knownPlain (sfi = 0xc914490bd9)> (target TURBOFAN_JS) - took 0.005, 6.932, 0.038 ms]
[completed optimizing 0x0309ff4e8e11 <JSFunction knownPlain (sfi = 0xc914490bd9)> (target TURBOFAN_JS)]
[57757:0xd52a000]     7276 ms: Scavenge 33.2 (50.7) -> 17.4 (50.7) MB, pooled: 0 MB, 0.63 / 0.01 ms  (average mu = 0.996, current mu = 0.996) allocation failure; 
[completed compiling 0x00c914491bf1 <JSFunction nameFilter (sfi = 0xc914490b49)> (target TURBOFAN_JS) - took 0.006, 19.658, 0.063 ms]
[completed optimizing 0x00c914491bf1 <JSFunction nameFilter (sfi = 0xc914490b49)> (target TURBOFAN_JS)]
[marking 0x1830703a7719 <JSFunction (sfi = 0xc9144a8611)> for optimization to MAGLEV, ConcurrencyMode::kConcurrent, reason: hot and stable]
[compiling method 0x1830703a79d1 <JSFunction (sfi = 0xc9144a8611)> (target MAGLEV), mode: ConcurrencyMode::kConcurrent]
[completed compiling 0x1830703a79d1 <JSFunction (sfi = 0xc9144a8611)> (target MAGLEV) - took 0.000, 0.250, 0.002 ms]
[marking 0x1d16c038b401 <JSFunction (sfi = 0xc9144a98e1)> for optimization to MAGLEV, ConcurrencyMode::kConcurrent, reason: hot and stable]
[compiling method 0x1d16c038b401 <JSFunction (sfi = 0xc9144a98e1)> (target MAGLEV), mode: ConcurrencyMode::kConcurrent]
[completed compiling 0x1d16c038b401 <JSFunction (sfi = 0xc9144a98e1)> (target MAGLEV) - took 0.000, 0.184, 0.004 ms]
[marking 0x1c5f2f72b171 <JSFunction (sfi = 0xc9144a98e1)> for optimization to TURBOFAN_JS, ConcurrencyMode::kConcurrent, reason: hot and stable]
[compiling method 0x1c5f2f72b171 <JSFunction (sfi = 0xc9144a98e1)> (target TURBOFAN_JS), mode: ConcurrencyMode::kConcurrent]
[completed compiling 0x1c5f2f72b171 <JSFunction (sfi = 0xc9144a98e1)> (target TURBOFAN_JS) - took 0.005, 0.504, 0.013 ms]
[completed optimizing 0x1c5f2f72b171 <JSFunction (sfi = 0xc9144a98e1)> (target TURBOFAN_JS)]
[marking 0x183070385671 <JSFunction knownPlain (sfi = 0xc9144a67e9)> for optimization to MAGLEV, ConcurrencyMode::kConcurrent, reason: hot and stable]
[compiling method 0x183070385671 <JSFunction knownPlain (sfi = 0xc9144a67e9)> (target MAGLEV), mode: ConcurrencyMode::kConcurrent]
[marking 0x00c9144a7f29 <JSFunction nameFilter (sfi = 0xc9144a6759)> for optimization to MAGLEV, ConcurrencyMode::kConcurrent, reason: hot and stable]
[compiling method 0x00c9144a7f29 <JSFunction nameFilter (sfi = 0xc9144a6759)> (target MAGLEV), mode: ConcurrencyMode::kConcurrent]
[completed compiling 0x00c9144a7f29 <JSFunction nameFilter (sfi = 0xc9144a6759)> (target MAGLEV) - took 0.000, 0.887, 0.282 ms]
[completed compiling 0x183070385671 <JSFunction knownPlain (sfi = 0xc9144a67e9)> (target MAGLEV) - took 0.000, 1.572, 0.008 ms]
[marking 0x1830703afad1 <JSFunction lower (sfi = 0xc9144a6909)> for optimization to MAGLEV, ConcurrencyMode::kConcurrent, reason: hot and stable]
[compiling method 0x1830703afad1 <JSFunction lower (sfi = 0xc9144a6909)> (target MAGLEV), mode: ConcurrencyMode::kConcurrent]
[completed compiling 0x1830703afad1 <JSFunction lower (sfi = 0xc9144a6909)> (target MAGLEV) - took 0.001, 0.095, 0.001 ms]
[marking 0x1830703856b1 <JSFunction hasContent (sfi = 0xc9144a6831)> for optimization to MAGLEV, ConcurrencyMode::kConcurrent, reason: hot and stable]
[compiling method 0x1830703856b1 <JSFunction hasContent (sfi = 0xc9144a6831)> (target MAGLEV), mode: ConcurrencyMode::kConcurrent]
[completed compiling 0x1830703856b1 <JSFunction hasContent (sfi = 0xc9144a6831)> (target MAGLEV) - took 0.000, 0.446, 0.011 ms]
[marking 0x1830703afb09 <JSFunction normalize (sfi = 0xc9144a6951)> for optimization to MAGLEV, ConcurrencyMode::kConcurrent, reason: hot and stable]
[compiling method 0x1830703afb09 <JSFunction normalize (sfi = 0xc9144a6951)> (target MAGLEV), mode: ConcurrencyMode::kConcurrent]
[completed compiling 0x1830703afb09 <JSFunction normalize (sfi = 0xc9144a6951)> (target MAGLEV) - took 0.001, 0.113, 0.004 ms]
[marking 0x1830703afb41 <JSFunction clean (sfi = 0xc9144a6999)> for optimization to MAGLEV, ConcurrencyMode::kConcurrent, reason: hot and stable]
[compiling method 0x1830703afb41 <JSFunction clean (sfi = 0xc9144a6999)> (target MAGLEV), mode: ConcurrencyMode::kConcurrent]
[completed compiling 0x1830703afb41 <JSFunction clean (sfi = 0xc9144a6999)> (target MAGLEV) - took 0.000, 0.774, 0.003 ms]
[57757:0xd52a000]     7371 ms: Scavenge 33.6 (51.1) -> 17.7 (51.3) MB, pooled: 0 MB, 0.57 / 0.01 ms  (average mu = 0.996, current mu = 0.996) allocation failure; 
[marking 0x1f0290c46b01 <JSFunction knownPlain (sfi = 0xc9144a67e9)> for optimization to TURBOFAN_JS, ConcurrencyMode::kConcurrent, reason: hot and stable]
[compiling method 0x1f0290c46b01 <JSFunction knownPlain (sfi = 0xc9144a67e9)> (target TURBOFAN_JS), mode: ConcurrencyMode::kConcurrent]
[completed compiling 0x1f0290c46b01 <JSFunction knownPlain (sfi = 0xc9144a67e9)> (target TURBOFAN_JS) - took 0.006, 3.508, 0.045 ms]
[completed optimizing 0x1f0290c46b01 <JSFunction knownPlain (sfi = 0xc9144a67e9)> (target TURBOFAN_JS)]
[marking 0x00c9144a7f29 <JSFunction nameFilter (sfi = 0xc9144a6759)> for optimization to TURBOFAN_JS, ConcurrencyMode::kConcurrent, reason: hot and stable]
[compiling method 0x00c9144a7f29 <JSFunction nameFilter (sfi = 0xc9144a6759)> (target TURBOFAN_JS), mode: ConcurrencyMode::kConcurrent]
[completed compiling 0x00c9144a7f29 <JSFunction nameFilter (sfi = 0xc9144a6759)> (target TURBOFAN_JS) - took 0.007, 24.356, 0.067 ms]
[completed optimizing 0x00c9144a7f29 <JSFunction nameFilter (sfi = 0xc9144a6759)> (target TURBOFAN_JS)]
[57757:0xd52a000]     7462 ms: Scavenge 33.7 (51.3) -> 17.8 (51.3) MB, pooled: 0 MB, 0.58 / 0.00 ms  (average mu = 0.996, current mu = 0.996) allocation failure; 
[57757:0xd52a000]     7521 ms: Scavenge 33.7 (51.3) -> 17.7 (51.3) MB, pooled: 0 MB, 0.23 / 0.00 ms  (average mu = 0.996, current mu = 0.996) allocation failure; 
[57757:0xd52a000]     7560 ms: Scavenge 33.7 (51.3) -> 17.7 (51.3) MB, pooled: 0 MB, 0.18 / 0.00 ms  (average mu = 0.996, current mu = 0.996) allocation failure; 
[57757:0xd52a000]     7608 ms: Scavenge 33.7 (51.3) -> 17.7 (51.3) MB, pooled: 0 MB, 0.74 / 0.00 ms  (average mu = 0.996, current mu = 0.996) allocation failure; 
[57757:0xd52a000]     7653 ms: Scavenge 33.7 (51.3) -> 17.7 (51.3) MB, pooled: 0 MB, 0.46 / 0.00 ms  (average mu = 0.996, current mu = 0.996) allocation failure; 
[57757:0xd52a000]     7717 ms: Scavenge 33.7 (51.3) -> 17.7 (51.3) MB, pooled: 0 MB, 0.19 / 0.00 ms  (average mu = 0.996, current mu = 0.996) allocation failure; 
[marking 0x0fd464605829 <JSFunction (sfi = 0x30fbc809811)> for optimization to MAGLEV, ConcurrencyMode::kConcurrent, reason: hot and stable]
[compiling method 0x0fd464605ae1 <JSFunction (sfi = 0x30fbc809811)> (target MAGLEV), mode: ConcurrencyMode::kConcurrent]
[completed compiling 0x0fd464605ae1 <JSFunction (sfi = 0x30fbc809811)> (target MAGLEV) - took 0.001, 0.663, 0.003 ms]
[marking 0x2bf98fc63771 <JSFunction knownPlain (sfi = 0x30fbc808111)> for optimization to MAGLEV, ConcurrencyMode::kConcurrent, reason: hot and stable]
[compiling method 0x2bf98fc63771 <JSFunction knownPlain (sfi = 0x30fbc808111)> (target MAGLEV), mode: ConcurrencyMode::kConcurrent]
[marking 0x030fbc809129 <JSFunction nameFilter (sfi = 0x30fbc808081)> for optimization to MAGLEV, ConcurrencyMode::kConcurrent, reason: hot and stable]
[compiling method 0x030fbc809129 <JSFunction nameFilter (sfi = 0x30fbc808081)> (target MAGLEV), mode: ConcurrencyMode::kConcurrent]
[completed compiling 0x2bf98fc63771 <JSFunction knownPlain (sfi = 0x30fbc808111)> (target MAGLEV) - took 0.001, 0.416, 0.019 ms]
[marking 0x0fd46460dbe1 <JSFunction lower (sfi = 0x30fbc808231)> for optimization to MAGLEV, ConcurrencyMode::kConcurrent, reason: hot and stable]
[compiling method 0x0fd46460dbe1 <JSFunction lower (sfi = 0x30fbc808231)> (target MAGLEV), mode: ConcurrencyMode::kConcurrent]
[completed compiling 0x030fbc809129 <JSFunction nameFilter (sfi = 0x30fbc808081)> (target MAGLEV) - took 0.000, 1.209, 0.021 ms]
[completed compiling 0x0fd46460dbe1 <JSFunction lower (sfi = 0x30fbc808231)> (target MAGLEV) - took 0.000, 0.070, 0.000 ms]
[marking 0x2bf98fc637b1 <JSFunction hasContent (sfi = 0x30fbc808159)> for optimization to MAGLEV, ConcurrencyMode::kConcurrent, reason: hot and stable]
[compiling method 0x2bf98fc637b1 <JSFunction hasContent (sfi = 0x30fbc808159)> (target MAGLEV), mode: ConcurrencyMode::kConcurrent]
[completed compiling 0x2bf98fc637b1 <JSFunction hasContent (sfi = 0x30fbc808159)> (target MAGLEV) - took 0.001, 0.542, 0.015 ms]
[marking 0x0fd46460dc19 <JSFunction normalize (sfi = 0x30fbc808279)> for optimization to MAGLEV, ConcurrencyMode::kConcurrent, reason: hot and stable]
[compiling method 0x0fd46460dc19 <JSFunction normalize (sfi = 0x30fbc808279)> (target MAGLEV), mode: ConcurrencyMode::kConcurrent]
[completed compiling 0x0fd46460dc19 <JSFunction normalize (sfi = 0x30fbc808279)> (target MAGLEV) - took 0.000, 0.110, 0.004 ms]
[marking 0x0fd46460dc51 <JSFunction clean (sfi = 0x30fbc8082c1)> for optimization to MAGLEV, ConcurrencyMode::kConcurrent, reason: hot and stable]
[compiling method 0x0fd46460dc51 <JSFunction clean (sfi = 0x30fbc8082c1)> (target MAGLEV), mode: ConcurrencyMode::kConcurrent]
[completed compiling 0x0fd46460dc51 <JSFunction clean (sfi = 0x30fbc8082c1)> (target MAGLEV) - took 0.000, 0.108, 0.003 ms]
[marking 0x2bf98fc63771 <JSFunction knownPlain (sfi = 0x30fbc808111)> for optimization to TURBOFAN_JS, ConcurrencyMode::kConcurrent, reason: hot and stable]
[compiling method 0x2bf98fc63771 <JSFunction knownPlain (sfi = 0x30fbc808111)> (target TURBOFAN_JS), mode: ConcurrencyMode::kConcurrent]
[marking 0x030fbc809129 <JSFunction nameFilter (sfi = 0x30fbc808081)> for optimization to TURBOFAN_JS, ConcurrencyMode::kConcurrent, reason: hot and stable]
[compiling method 0x030fbc809129 <JSFunction nameFilter (sfi = 0x30fbc808081)> (target TURBOFAN_JS), mode: ConcurrencyMode::kConcurrent]
[completed compiling 0x2bf98fc63771 <JSFunction knownPlain (sfi = 0x30fbc808111)> (target TURBOFAN_JS) - took 0.007, 8.455, 1.025 ms]
[completed optimizing 0x2bf98fc63771 <JSFunction knownPlain (sfi = 0x30fbc808111)> (target TURBOFAN_JS)]
[completed compiling 0x030fbc809129 <JSFunction nameFilter (sfi = 0x30fbc808081)> (target TURBOFAN_JS) - took 0.009, 8.112, 0.099 ms]
[completed optimizing 0x030fbc809129 <JSFunction nameFilter (sfi = 0x30fbc808081)> (target TURBOFAN_JS)]
[marking 0x3f9e21c48381 <JSFunction (sfi = 0x30fbc810489)> for optimization to MAGLEV, ConcurrencyMode::kConcurrent, reason: hot and stable]
[compiling method 0x3f9e21c48639 <JSFunction (sfi = 0x30fbc810489)> (target MAGLEV), mode: ConcurrencyMode::kConcurrent]
[completed compiling 0x3f9e21c48639 <JSFunction (sfi = 0x30fbc810489)> (target MAGLEV) - took 0.000, 1.203, 0.002 ms]
[marking 0x39b50fd662b9 <JSFunction knownPlain (sfi = 0x30fbc80ed89)> for optimization to MAGLEV, ConcurrencyMode::kConcurrent, reason: hot and stable]
[compiling method 0x39b50fd662b9 <JSFunction knownPlain (sfi = 0x30fbc80ed89)> (target MAGLEV), mode: ConcurrencyMode::kConcurrent]
[marking 0x030fbc80fda1 <JSFunction nameFilter (sfi = 0x30fbc80ecf9)> for optimization to MAGLEV, ConcurrencyMode::kConcurrent, reason: hot and stable]
[compiling method 0x030fbc80fda1 <JSFunction nameFilter (sfi = 0x30fbc80ecf9)> (target MAGLEV), mode: ConcurrencyMode::kConcurrent]
[completed compiling 0x39b50fd662b9 <JSFunction knownPlain (sfi = 0x30fbc80ed89)> (target MAGLEV) - took 0.000, 0.372, 0.088 ms]
[marking 0x3f9e21c50739 <JSFunction lower (sfi = 0x30fbc80eea9)> for optimization to MAGLEV, ConcurrencyMode::kConcurrent, reason: hot and stable]
[compiling method 0x3f9e21c50739 <JSFunction lower (sfi = 0x30fbc80eea9)> (target MAGLEV), mode: ConcurrencyMode::kConcurrent]
[completed compiling 0x030fbc80fda1 <JSFunction nameFilter (sfi = 0x30fbc80ecf9)> (target MAGLEV) - took 0.000, 1.581, 0.019 ms]
[completed compiling 0x3f9e21c50739 <JSFunction lower (sfi = 0x30fbc80eea9)> (target MAGLEV) - took 0.000, 0.141, 0.001 ms]
[marking 0x39b50fd662f9 <JSFunction hasContent (sfi = 0x30fbc80edd1)> for optimization to MAGLEV, ConcurrencyMode::kConcurrent, reason: hot and stable]
[compiling method 0x39b50fd662f9 <JSFunction hasContent (sfi = 0x30fbc80edd1)> (target MAGLEV), mode: ConcurrencyMode::kConcurrent]
[completed compiling 0x39b50fd662f9 <JSFunction hasContent (sfi = 0x30fbc80edd1)> (target MAGLEV) - took 0.000, 0.324, 0.017 ms]
[marking 0x3f9e21c50771 <JSFunction normalize (sfi = 0x30fbc80eef1)> for optimization to MAGLEV, ConcurrencyMode::kConcurrent, reason: hot and stable]
[compiling method 0x3f9e21c50771 <JSFunction normalize (sfi = 0x30fbc80eef1)> (target MAGLEV), mode: ConcurrencyMode::kConcurrent]
[completed compiling 0x3f9e21c50771 <JSFunction normalize (sfi = 0x30fbc80eef1)> (target MAGLEV) - took 0.001, 0.131, 0.004 ms]
[marking 0x3f9e21c507a9 <JSFunction clean (sfi = 0x30fbc80ef39)> for optimization to MAGLEV, ConcurrencyMode::kConcurrent, reason: hot and stable]
[compiling method 0x3f9e21c507a9 <JSFunction clean (sfi = 0x30fbc80ef39)> (target MAGLEV), mode: ConcurrencyMode::kConcurrent]
[completed compiling 0x3f9e21c507a9 <JSFunction clean (sfi = 0x30fbc80ef39)> (target MAGLEV) - took 0.001, 0.110, 0.004 ms]
[marking 0x39b50fd662b9 <JSFunction knownPlain (sfi = 0x30fbc80ed89)> for optimization to TURBOFAN_JS, ConcurrencyMode::kConcurrent, reason: hot and stable]
[compiling method 0x39b50fd662b9 <JSFunction knownPlain (sfi = 0x30fbc80ed89)> (target TURBOFAN_JS), mode: ConcurrencyMode::kConcurrent]
[57757:0xd52a000]     7834 ms: Scavenge 33.9 (51.3) -> 18.1 (51.3) MB, pooled: 0 MB, 1.09 / 0.01 ms  (average mu = 0.996, current mu = 0.996) allocation failure; 
[marking 0x030fbc80fda1 <JSFunction nameFilter (sfi = 0x30fbc80ecf9)> for optimization to TURBOFAN_JS, ConcurrencyMode::kConcurrent, reason: hot and stable]
[compiling method 0x030fbc80fda1 <JSFunction nameFilter (sfi = 0x30fbc80ecf9)> (target TURBOFAN_JS), mode: ConcurrencyMode::kConcurrent]
[completed compiling 0x1752e52000d9 <JSFunction knownPlain (sfi = 0x30fbc80ed89)> (target TURBOFAN_JS) - took 0.006, 12.300, 0.031 ms]
[completed optimizing 0x1752e52000d9 <JSFunction knownPlain (sfi = 0x30fbc80ed89)> (target TURBOFAN_JS)]
[completed compiling 0x030fbc80fda1 <JSFunction nameFilter (sfi = 0x30fbc80ecf9)> (target TURBOFAN_JS) - took 0.007, 18.199, 0.065 ms]
[completed optimizing 0x030fbc80fda1 <JSFunction nameFilter (sfi = 0x30fbc80ecf9)> (target TURBOFAN_JS)]
[marking 0x0941960bfbc1 <JSFunction (sfi = 0x30fbc8172d9)> for optimization to MAGLEV, ConcurrencyMode::kConcurrent, reason: hot and stable]
[compiling method 0x0941960bfe79 <JSFunction (sfi = 0x30fbc8172d9)> (target MAGLEV), mode: ConcurrencyMode::kConcurrent]
[completed compiling 0x0941960bfe79 <JSFunction (sfi = 0x30fbc8172d9)> (target MAGLEV) - took 0.000, 1.770, 0.002 ms]
[marking 0x09419609db19 <JSFunction knownPlain (sfi = 0x30fbc815bd9)> for optimization to MAGLEV, ConcurrencyMode::kConcurrent, reason: hot and stable]
[compiling method 0x09419609db19 <JSFunction knownPlain (sfi = 0x30fbc815bd9)> (target MAGLEV), mode: ConcurrencyMode::kConcurrent]
[marking 0x030fbc816bf1 <JSFunction nameFilter (sfi = 0x30fbc815b49)> for optimization to MAGLEV, ConcurrencyMode::kConcurrent, reason: hot and stable]
[compiling method 0x030fbc816bf1 <JSFunction nameFilter (sfi = 0x30fbc815b49)> (target MAGLEV), mode: ConcurrencyMode::kConcurrent]
[marking 0x2c8c2b847fa9 <JSFunction lower (sfi = 0x30fbc815cf9)> for optimization to MAGLEV, ConcurrencyMode::kConcurrent, reason: hot and stable]
[compiling method 0x2c8c2b847fa9 <JSFunction lower (sfi = 0x30fbc815cf9)> (target MAGLEV), mode: ConcurrencyMode::kConcurrent]
[completed compiling 0x09419609db19 <JSFunction knownPlain (sfi = 0x30fbc815bd9)> (target MAGLEV) - took 0.000, 5.860, 0.012 ms]
[completed compiling 0x2c8c2b847fa9 <JSFunction lower (sfi = 0x30fbc815cf9)> (target MAGLEV) - took 0.001, 0.067, 0.001 ms]
[completed compiling 0x030fbc816bf1 <JSFunction nameFilter (sfi = 0x30fbc815b49)> (target MAGLEV) - took 0.001, 6.465, 0.017 ms]
[marking 0x09419609db59 <JSFunction hasContent (sfi = 0x30fbc815c21)> for optimization to MAGLEV, ConcurrencyMode::kConcurrent, reason: hot and stable]
[compiling method 0x09419609db59 <JSFunction hasContent (sfi = 0x30fbc815c21)> (target MAGLEV), mode: ConcurrencyMode::kConcurrent]
[completed compiling 0x09419609db59 <JSFunction hasContent (sfi = 0x30fbc815c21)> (target MAGLEV) - took 0.001, 6.715, 0.013 ms]
[marking 0x2c8c2b847fe1 <JSFunction normalize (sfi = 0x30fbc815d41)> for optimization to MAGLEV, ConcurrencyMode::kConcurrent, reason: hot and stable]
[compiling method 0x2c8c2b847fe1 <JSFunction normalize (sfi = 0x30fbc815d41)> (target MAGLEV), mode: ConcurrencyMode::kConcurrent]
[marking 0x2c8c2b848019 <JSFunction clean (sfi = 0x30fbc815d89)> for optimization to MAGLEV, ConcurrencyMode::kConcurrent, reason: hot and stable]
[compiling method 0x2c8c2b848019 <JSFunction clean (sfi = 0x30fbc815d89)> (target MAGLEV), mode: ConcurrencyMode::kConcurrent]
[completed compiling 0x2c8c2b847fe1 <JSFunction normalize (sfi = 0x30fbc815d41)> (target MAGLEV) - took 0.001, 0.109, 0.004 ms]
[completed compiling 0x2c8c2b848019 <JSFunction clean (sfi = 0x30fbc815d89)> (target MAGLEV) - took 0.000, 0.119, 0.002 ms]
[marking 0x09419609db19 <JSFunction knownPlain (sfi = 0x30fbc815bd9)> for optimization to TURBOFAN_JS, ConcurrencyMode::kConcurrent, reason: hot and stable]
[compiling method 0x09419609db19 <JSFunction knownPlain (sfi = 0x30fbc815bd9)> (target TURBOFAN_JS), mode: ConcurrencyMode::kConcurrent]
[marking 0x030fbc816bf1 <JSFunction nameFilter (sfi = 0x30fbc815b49)> for optimization to TURBOFAN_JS, ConcurrencyMode::kConcurrent, reason: hot and stable]
[compiling method 0x030fbc816bf1 <JSFunction nameFilter (sfi = 0x30fbc815b49)> (target TURBOFAN_JS), mode: ConcurrencyMode::kConcurrent]
[completed compiling 0x09419609db19 <JSFunction knownPlain (sfi = 0x30fbc815bd9)> (target TURBOFAN_JS) - took 0.008, 8.529, 0.040 ms]
[completed optimizing 0x09419609db19 <JSFunction knownPlain (sfi = 0x30fbc815bd9)> (target TURBOFAN_JS)]
[completed compiling 0x030fbc816bf1 <JSFunction nameFilter (sfi = 0x30fbc815b49)> (target TURBOFAN_JS) - took 0.008, 25.538, 0.068 ms]
[completed optimizing 0x030fbc816bf1 <JSFunction nameFilter (sfi = 0x30fbc815b49)> (target TURBOFAN_JS)]
[57757:0xd52a000]     7989 ms: Scavenge 34.0 (51.3) -> 18.3 (51.6) MB, pooled: 0 MB, 2.08 / 0.01 ms  (average mu = 0.996, current mu = 0.996) allocation failure; 
[marking 0x27de3c79ad71 <JSFunction (sfi = 0x30fbc8351c9)> for optimization to MAGLEV, ConcurrencyMode::kConcurrent, reason: hot and stable]
[compiling method 0x27de3c79aff9 <JSFunction (sfi = 0x30fbc8351c9)> (target MAGLEV), mode: ConcurrencyMode::kConcurrent]
[completed compiling 0x27de3c79aff9 <JSFunction (sfi = 0x30fbc8351c9)> (target MAGLEV) - took 0.000, 0.216, 0.001 ms]
[marking 0x25fd4dc38b31 <JSFunction knownPlain (sfi = 0x30fbc833ac9)> for optimization to MAGLEV, ConcurrencyMode::kConcurrent, reason: hot and stable]
[compiling method 0x25fd4dc38b31 <JSFunction knownPlain (sfi = 0x30fbc833ac9)> (target MAGLEV), mode: ConcurrencyMode::kConcurrent]
[marking 0x030fbc834ae1 <JSFunction nameFilter (sfi = 0x30fbc833a39)> for optimization to MAGLEV, ConcurrencyMode::kConcurrent, reason: hot and stable]
[compiling method 0x030fbc834ae1 <JSFunction nameFilter (sfi = 0x30fbc833a39)> (target MAGLEV), mode: ConcurrencyMode::kConcurrent]
[completed compiling 0x25fd4dc38b31 <JSFunction knownPlain (sfi = 0x30fbc833ac9)> (target MAGLEV) - took 0.001, 0.818, 0.012 ms]
[marking 0x27de3c7a2f41 <JSFunction lower (sfi = 0x30fbc833be9)> for optimization to MAGLEV, ConcurrencyMode::kConcurrent, reason: hot and stable]
[compiling method 0x27de3c7a2f41 <JSFunction lower (sfi = 0x30fbc833be9)> (target MAGLEV), mode: ConcurrencyMode::kConcurrent]
[completed compiling 0x030fbc834ae1 <JSFunction nameFilter (sfi = 0x30fbc833a39)> (target MAGLEV) - took 0.001, 0.957, 0.017 ms]
[completed compiling 0x27de3c7a2f41 <JSFunction lower (sfi = 0x30fbc833be9)> (target MAGLEV) - took 0.001, 0.058, 0.000 ms]
[marking 0x25fd4dc38b71 <JSFunction hasContent (sfi = 0x30fbc833b11)> for optimization to MAGLEV, ConcurrencyMode::kConcurrent, reason: hot and stable]
[compiling method 0x25fd4dc38b71 <JSFunction hasContent (sfi = 0x30fbc833b11)> (target MAGLEV), mode: ConcurrencyMode::kConcurrent]
[completed compiling 0x25fd4dc38b71 <JSFunction hasContent (sfi = 0x30fbc833b11)> (target MAGLEV) - took 0.000, 0.422, 0.011 ms]
[marking 0x27de3c7a2f79 <JSFunction normalize (sfi = 0x30fbc833c31)> for optimization to MAGLEV, ConcurrencyMode::kConcurrent, reason: hot and stable]
[compiling method 0x27de3c7a2f79 <JSFunction normalize (sfi = 0x30fbc833c31)> (target MAGLEV), mode: ConcurrencyMode::kConcurrent]
[completed compiling 0x27de3c7a2f79 <JSFunction normalize (sfi = 0x30fbc833c31)> (target MAGLEV) - took 0.001, 1.932, 0.006 ms]
[marking 0x27de3c7a2fb1 <JSFunction clean (sfi = 0x30fbc833c79)> for optimization to MAGLEV, ConcurrencyMode::kConcurrent, reason: hot and stable]
[compiling method 0x27de3c7a2fb1 <JSFunction clean (sfi = 0x30fbc833c79)> (target MAGLEV), mode: ConcurrencyMode::kConcurrent]
[completed compiling 0x27de3c7a2fb1 <JSFunction clean (sfi = 0x30fbc833c79)> (target MAGLEV) - took 0.001, 0.210, 0.004 ms]
[marking 0x25fd4dc38b31 <JSFunction knownPlain (sfi = 0x30fbc833ac9)> for optimization to TURBOFAN_JS, ConcurrencyMode::kConcurrent, reason: hot and stable]
[compiling method 0x25fd4dc38b31 <JSFunction knownPlain (sfi = 0x30fbc833ac9)> (target TURBOFAN_JS), mode: ConcurrencyMode::kConcurrent]
[marking 0x030fbc834ae1 <JSFunction nameFilter (sfi = 0x30fbc833a39)> for optimization to TURBOFAN_JS, ConcurrencyMode::kConcurrent, reason: hot and stable]
[compiling method 0x030fbc834ae1 <JSFunction nameFilter (sfi = 0x30fbc833a39)> (target TURBOFAN_JS), mode: ConcurrencyMode::kConcurrent]
[completed compiling 0x25fd4dc38b31 <JSFunction knownPlain (sfi = 0x30fbc833ac9)> (target TURBOFAN_JS) - took 0.007, 4.458, 0.061 ms]
[completed optimizing 0x25fd4dc38b31 <JSFunction knownPlain (sfi = 0x30fbc833ac9)> (target TURBOFAN_JS)]
[completed compiling 0x030fbc834ae1 <JSFunction nameFilter (sfi = 0x30fbc833a39)> (target TURBOFAN_JS) - took 0.007, 7.445, 0.064 ms]
[completed optimizing 0x030fbc834ae1 <JSFunction nameFilter (sfi = 0x30fbc833a39)> (target TURBOFAN_JS)]
{"name":"25-real-executed-mutations","cases":25,"passed":25,"seed":1,"command":"node tests/run.mjs","survivors":[]}
{"name":"runtime-gzip-size","cases":2,"passed":2,"seed":1,"command":"node tests/run.mjs","sourceBytes":9454,"sourceGzipBytes":4057,"compiledBytes":8014,"compiledGzipBytes":3162,"limitBytes":6000}
{"name":"zero-runtime-dependencies-and-forbidden-APIs","cases":5,"passed":5,"seed":1,"command":"node tests/run.mjs"}
[marking 0x0b51df285e19 <JSFunction (sfi = 0x29cc440690e1)> for optimization to MAGLEV, ConcurrencyMode::kConcurrent, reason: hot and stable]
[compiling method 0x0b51df285e19 <JSFunction (sfi = 0x29cc440690e1)> (target MAGLEV), mode: ConcurrencyMode::kConcurrent]
[completed compiling 0x0b51df285e19 <JSFunction (sfi = 0x29cc440690e1)> (target MAGLEV) - took 0.001, 0.575, 0.006 ms]
[marking 0x0497c521d641 <JSFunction (sfi = 0x29cc44069129)> for optimization to MAGLEV, ConcurrencyMode::kConcurrent, reason: hot and stable]
[compiling method 0x0497c521d641 <JSFunction (sfi = 0x29cc44069129)> (target MAGLEV), mode: ConcurrencyMode::kConcurrent]
[completed compiling 0x0497c521d641 <JSFunction (sfi = 0x29cc44069129)> (target MAGLEV) - took 0.001, 0.094, 0.003 ms]
[bailout (kind: deopt-eager, reason: wrong map): begin. deoptimizing 0x0497c521d641 <JSFunction (sfi = 0x29cc44069129)>, 0x2e738c5ca921 <Code MAGLEV>, opt id 314, bytecode offset 0, deopt exit 0, FP to SP delta 24, caller SP 0x7fffb599b358, pc 0x7f6bac3dd29c]
[marking 0x0497c521d641 <JSFunction (sfi = 0x29cc44069129)> for optimization to MAGLEV, ConcurrencyMode::kConcurrent, reason: hot and stable]
[compiling method 0x0497c521d641 <JSFunction (sfi = 0x29cc44069129)> (target MAGLEV), mode: ConcurrencyMode::kConcurrent]
[completed compiling 0x0497c521d641 <JSFunction (sfi = 0x29cc44069129)> (target MAGLEV) - took 0.000, 0.082, 0.003 ms]
[bailout (kind: deopt-eager, reason: wrong map): begin. deoptimizing 0x0497c521d641 <JSFunction (sfi = 0x29cc44069129)>, 0x2e738c5caae1 <Code MAGLEV>, opt id 315, bytecode offset 0, deopt exit 0, FP to SP delta 24, caller SP 0x7fffb599b358, pc 0x7f6bac3dd3ae]
[marking 0x0497c521d641 <JSFunction (sfi = 0x29cc44069129)> for optimization to MAGLEV, ConcurrencyMode::kConcurrent, reason: hot and stable]
[compiling method 0x0497c521d641 <JSFunction (sfi = 0x29cc44069129)> (target MAGLEV), mode: ConcurrencyMode::kConcurrent]
[completed compiling 0x0497c521d641 <JSFunction (sfi = 0x29cc44069129)> (target MAGLEV) - took 0.000, 0.084, 0.005 ms]
[bailout (kind: deopt-eager, reason: wrong map): begin. deoptimizing 0x0497c521d641 <JSFunction (sfi = 0x29cc44069129)>, 0x2e738c5caca1 <Code MAGLEV>, opt id 316, bytecode offset 0, deopt exit 0, FP to SP delta 24, caller SP 0x7fffb599b358, pc 0x7f6bac3dd4bd]
[marking 0x0497c521d641 <JSFunction (sfi = 0x29cc44069129)> for optimization to MAGLEV, ConcurrencyMode::kConcurrent, reason: hot and stable]
[compiling method 0x0497c521d641 <JSFunction (sfi = 0x29cc44069129)> (target MAGLEV), mode: ConcurrencyMode::kConcurrent]
[completed compiling 0x0497c521d641 <JSFunction (sfi = 0x29cc44069129)> (target MAGLEV) - took 0.000, 0.083, 0.006 ms]
[marking 0x3207e15e0f41 <JSFunction (sfi = 0x15ca0219e21)> for optimization to TURBOFAN_JS, ConcurrencyMode::kConcurrent, reason: hot and stable]
[compiling method 0x3207e15e0f41 <JSFunction (sfi = 0x15ca0219e21)> (target TURBOFAN_JS), mode: ConcurrencyMode::kConcurrent]
[marking 0x3207e15e0fc9 <JSFunction (sfi = 0x30fbc83a589)> for optimization to MAGLEV, ConcurrencyMode::kConcurrent, reason: hot and stable]
[compiling method 0x3207e15e0fc9 <JSFunction (sfi = 0x30fbc83a589)> (target MAGLEV), mode: ConcurrencyMode::kConcurrent]
[completed compiling 0x3207e15e0fc9 <JSFunction (sfi = 0x30fbc83a589)> (target MAGLEV) - took 0.001, 0.181, 0.008 ms]
[completed compiling 0x3207e15e0f41 <JSFunction (sfi = 0x15ca0219e21)> (target TURBOFAN_JS) - took 0.005, 1.102, 0.017 ms]
[completed optimizing 0x3207e15e0f41 <JSFunction (sfi = 0x15ca0219e21)> (target TURBOFAN_JS)]
[marking 0x2232ee28a1f9 <JSFunction benchmark (sfi = 0x29cc440688b9)> for optimization to MAGLEV, ConcurrencyMode::kConcurrent, reason: hot and stable]
[57757:0xd52a000]     8138 ms: Scavenge 36.3 (53.5) -> 19.6 (52.6) MB, pooled: 0 MB, 1.41 / 0.07 ms  (average mu = 0.996, current mu = 0.996) allocation failure; 
[compiling method 0x2232ee28a1f9 <JSFunction benchmark (sfi = 0x29cc440688b9)> (target MAGLEV) OSR, mode: ConcurrencyMode::kConcurrent]
[completed compiling 0x2232ee28a1f9 <JSFunction benchmark (sfi = 0x29cc440688b9)> (target MAGLEV) OSR - took 0.001, 0.598, 0.008 ms]
[compiling method 0x2232ee28a1f9 <JSFunction benchmark (sfi = 0x29cc440688b9)> (target TURBOFAN_JS) OSR, mode: ConcurrencyMode::kConcurrent]
[bailout (kind: deopt-eager, reason: Insufficient type feedback for binary operation): begin. deoptimizing 0x2232ee28a1f9 <JSFunction benchmark (sfi = 0x29cc440688b9)>, 0x16edd3bf6ee9 <Code MAGLEV>, opt id 320, bytecode offset 242, deopt exit 10, FP to SP delta 288, caller SP 0x7fffb599b420, pc 0x7f6bac32cd64]
[completed compiling 0x2232ee28a1f9 <JSFunction benchmark (sfi = 0x29cc440688b9)> (target TURBOFAN_JS) OSR - took 0.007, 1.566, 0.031 ms]
[completed optimizing 0x2232ee28a1f9 <JSFunction benchmark (sfi = 0x29cc440688b9)> (target TURBOFAN_JS) OSR]
[bailout (kind: deopt-eager, reason: Insufficient type feedback for unary operation): begin. deoptimizing 0x2232ee28a1f9 <JSFunction benchmark (sfi = 0x29cc440688b9)>, 0x16edd3bf74a1 <Code TURBOFAN_JS>, opt id 321, bytecode offset 242, deopt exit 7, FP to SP delta 320, caller SP 0x7fffb599b420, pc 0x7f6bac32d2e2]
[marking 0x2232ee28a1f9 <JSFunction benchmark (sfi = 0x29cc440688b9)> for optimization to MAGLEV, ConcurrencyMode::kConcurrent, reason: hot and stable]
[compiling method 0x2232ee28a1f9 <JSFunction benchmark (sfi = 0x29cc440688b9)> (target MAGLEV) OSR, mode: ConcurrencyMode::kConcurrent]
[completed compiling 0x2232ee28a1f9 <JSFunction benchmark (sfi = 0x29cc440688b9)> (target MAGLEV) OSR - took 0.000, 2.202, 0.013 ms]
[compiling method 0x2232ee28a1f9 <JSFunction benchmark (sfi = 0x29cc440688b9)> (target TURBOFAN_JS) OSR, mode: ConcurrencyMode::kConcurrent]
[bailout (kind: deopt-eager, reason: exit from OSR'd inner loop): begin. deoptimizing 0x2232ee28a1f9 <JSFunction benchmark (sfi = 0x29cc440688b9)>, 0x2e738c5cc021 <Code MAGLEV>, opt id 322, bytecode offset 242, deopt exit 12, FP to SP delta 288, caller SP 0x7fffb599b420, pc 0x7f6bac3df487]
[completed compiling 0x2232ee28a1f9 <JSFunction benchmark (sfi = 0x29cc440688b9)> (target TURBOFAN_JS) OSR - took 0.007, 4.116, 0.037 ms]
[completed optimizing 0x2232ee28a1f9 <JSFunction benchmark (sfi = 0x29cc440688b9)> (target TURBOFAN_JS) OSR]
[bailout (kind: deopt-eager, reason: prepare for on stack replacement (OSR)): begin. deoptimizing 0x2232ee28a1f9 <JSFunction benchmark (sfi = 0x29cc440688b9)>, 0x2e738c5cc021 <Code MAGLEV>, opt id 322, bytecode offset 164, deopt exit 14, FP to SP delta 288, caller SP 0x7fffb599b420, pc 0x7f6bac3df48f]
[bailout (kind: deopt-eager, reason: Insufficient type feedback for generic named access): begin. deoptimizing 0x2232ee28a1f9 <JSFunction benchmark (sfi = 0x29cc440688b9)>, 0x16edd3bf8121 <Code TURBOFAN_JS>, opt id 323, bytecode offset 254, deopt exit 3, FP to SP delta 328, caller SP 0x7fffb599b420, pc 0x7f6bac32dc02]
[marking 0x061b6acc5071 <JSFunction (sfi = 0x3eb518e1c4d9)> for optimization to MAGLEV, ConcurrencyMode::kConcurrent, reason: hot and stable]
[marking 0x1736f27079b1 <JSFunction now (sfi = 0x1325f3df849)> for optimization to MAGLEV, ConcurrencyMode::kConcurrent, reason: hot and stable]
[compiling method 0x1736f27079b1 <JSFunction now (sfi = 0x1325f3df849)> (target MAGLEV), mode: ConcurrencyMode::kConcurrent]
[compiling method 0x061b6acc5071 <JSFunction (sfi = 0x3eb518e1c4d9)> (target MAGLEV), mode: ConcurrencyMode::kConcurrent]
[completed compiling 0x1736f27079b1 <JSFunction now (sfi = 0x1325f3df849)> (target MAGLEV) - took 0.001, 0.204, 0.008 ms]
[completed compiling 0x061b6acc5071 <JSFunction (sfi = 0x3eb518e1c4d9)> (target MAGLEV) - took 0.000, 0.184, 0.001 ms]
[marking 0x2232ee28a1f9 <JSFunction benchmark (sfi = 0x29cc440688b9)> for optimization to MAGLEV, ConcurrencyMode::kConcurrent, reason: hot and stable]
[compiling method 0x2232ee28a1f9 <JSFunction benchmark (sfi = 0x29cc440688b9)> (target MAGLEV) OSR, mode: ConcurrencyMode::kConcurrent]
[completed compiling 0x2232ee28a1f9 <JSFunction benchmark (sfi = 0x29cc440688b9)> (target MAGLEV) OSR - took 0.001, 0.777, 0.020 ms]
[compiling method 0x2232ee28a1f9 <JSFunction benchmark (sfi = 0x29cc440688b9)> (target TURBOFAN_JS) OSR, mode: ConcurrencyMode::kConcurrent]
[marking 0x061b6acc5071 <JSFunction (sfi = 0x3eb518e1c4d9)> for optimization to TURBOFAN_JS, ConcurrencyMode::kConcurrent, reason: hot and stable]
[compiling method 0x061b6acc5071 <JSFunction (sfi = 0x3eb518e1c4d9)> (target TURBOFAN_JS), mode: ConcurrencyMode::kConcurrent]
[completed compiling 0x061b6acc5071 <JSFunction (sfi = 0x3eb518e1c4d9)> (target TURBOFAN_JS) - took 0.007, 0.811, 0.016 ms]
[completed optimizing 0x061b6acc5071 <JSFunction (sfi = 0x3eb518e1c4d9)> (target TURBOFAN_JS)]
[completed compiling 0x2232ee28a1f9 <JSFunction benchmark (sfi = 0x29cc440688b9)> (target TURBOFAN_JS) OSR - took 0.008, 8.789, 0.173 ms]
[completed optimizing 0x2232ee28a1f9 <JSFunction benchmark (sfi = 0x29cc440688b9)> (target TURBOFAN_JS) OSR]
[bailout (kind: deopt-eager, reason: prepare for on stack replacement (OSR)): begin. deoptimizing 0x2232ee28a1f9 <JSFunction benchmark (sfi = 0x29cc440688b9)>, 0x2e738c5cdfd9 <Code MAGLEV>, opt id 326, bytecode offset 428, deopt exit 41, FP to SP delta 304, caller SP 0x7fffb599b420, pc 0x7f6bac3e13e2]
[bailout (kind: deopt-eager, reason: Insufficient type feedback for call): begin. deoptimizing 0x2232ee28a1f9 <JSFunction benchmark (sfi = 0x29cc440688b9)>, 0x16edd3bf93a9 <Code TURBOFAN_JS>, opt id 327, bytecode offset 511, deopt exit 7, FP to SP delta 368, caller SP 0x7fffb599b420, pc 0x7f6bac32e79c]
[marking 0x2232ee28a1f9 <JSFunction benchmark (sfi = 0x29cc440688b9)> for optimization to MAGLEV, ConcurrencyMode::kConcurrent, reason: hot and stable]
[compiling method 0x2232ee28a1f9 <JSFunction benchmark (sfi = 0x29cc440688b9)> (target MAGLEV) OSR, mode: ConcurrencyMode::kConcurrent]
[marking 0x0f577f3f45b1 <JSFunction (sfi = 0x30fbc83a5d1)> for optimization to MAGLEV, ConcurrencyMode::kConcurrent, reason: hot and stable]
[compiling method 0x0f577f3f45b1 <JSFunction (sfi = 0x30fbc83a5d1)> (target MAGLEV), mode: ConcurrencyMode::kConcurrent]
[completed compiling 0x2232ee28a1f9 <JSFunction benchmark (sfi = 0x29cc440688b9)> (target MAGLEV) OSR - took 0.000, 0.417, 0.020 ms]
[completed compiling 0x0f577f3f45b1 <JSFunction (sfi = 0x30fbc83a5d1)> (target MAGLEV) - took 0.001, 0.208, 0.001 ms]
[marking 0x0f577f3f45b1 <JSFunction (sfi = 0x30fbc83a5d1)> for optimization to TURBOFAN_JS, ConcurrencyMode::kConcurrent, reason: hot and stable]
[compiling method 0x0f577f3f45b1 <JSFunction (sfi = 0x30fbc83a5d1)> (target TURBOFAN_JS), mode: ConcurrencyMode::kConcurrent]
[completed compiling 0x0f577f3f45b1 <JSFunction (sfi = 0x30fbc83a5d1)> (target TURBOFAN_JS) - took 0.006, 0.441, 0.011 ms]
[completed optimizing 0x0f577f3f45b1 <JSFunction (sfi = 0x30fbc83a5d1)> (target TURBOFAN_JS)]
{"name":"latency-every-observed-check-under-005ms","cases":10000,"passed":9976,"seed":1,"command":"node tests/run.mjs","calls":10000,"meanMs":0.0025755799000000477,"p50Ms":0.0007850000001781154,"p99Ms":0.0060839999987365445,"maxMs":3.554294999999911,"over005Ms":24,"outliers":[{"index":86,"input":"́TTTii.lCC","timeMs":0.13352499999928114},{"index":95,"input":"sauce","timeMs":3.554294999999911},{"index":204,"input":"ѕⅼⅼ-սսս́ｔｔｔ","timeMs":0.08081700000002456},{"index":326,"input":"ԝԝаааNkk","timeMs":0.0709179999994376},{"index":998,"input":"tricia","timeMs":0.09066600000005565},{"index":1374,"input":"ruelas","timeMs":0.1451359999991837},{"index":1894,"input":"κκոuрʂ","timeMs":0.06360099999983504},{"index":2386,"input":"mary","timeMs":0.06516700000065612},{"index":4255,"input":"ϵϵRσ​ήωωω","timeMs":0.06519499999922118},{"index":4319,"input":"-bóJJJ́Wooo-lBB","timeMs":0.05258500000127242},{"index":5465,"input":"Cimahi","timeMs":0.06440199999997276},{"index":5983,"input":"charming","timeMs":0.060342999999193125},{"index":6192,"input":"justis","timeMs":0.0555080000012822},{"index":6804,"input":" ϵⅼ íн-pօ-ժе@-p","timeMs":0.4433390000012878},{"index":7488,"input":"​ｋＣＣ ＡＡＡ́ＢＢＢｔｔＥｗ","timeMs":0.09122899999965739},{"index":7795,"input":"t​nnn սսς","timeMs":0.5131710000005114},{"index":7991,"input":"denita","timeMs":1.9494680000007065},{"index":8055,"input":"bissett","timeMs":0.21666100000038568},{"index":8856,"input":"enb","timeMs":0.8269520000012562},{"index":9059,"input":"adames","timeMs":0.8737419999997655},{"index":9380,"input":" χε​$","timeMs":0.12574399999903108},{"index":9629,"input":"Kraków","timeMs":0.9864529999995284},{"index":9766,"input":"ժӏ​ℓℓԁօօ-","timeMs":0.11615999999958149},{"index":9863,"input":"balls","timeMs":0.18265299999984563}],"measurementStartMs":8289.850233,"measurementEndMs":8315.606032,"sink":94721}
[marking 0x355de8a843a1 <JSFunction getHashCache (sfi = 0xc5fec377429)> for optimization to MAGLEV, ConcurrencyMode::kConcurrent, reason: hot and stable]
[marking 0x3a7d558dbb19 <JSFunction FastBuffer (sfi = 0x6cdfbd80289)> for optimization to MAGLEV, ConcurrencyMode::kConcurrent, reason: hot and stable]
[compiling method 0x355de8a843a1 <JSFunction getHashCache (sfi = 0xc5fec377429)> (target MAGLEV), mode: ConcurrencyMode::kConcurrent]
[compiling method 0x3a7d558dbb19 <JSFunction FastBuffer (sfi = 0x6cdfbd80289)> (target MAGLEV), mode: ConcurrencyMode::kConcurrent]
[completed compiling 0x355de8a843a1 <JSFunction getHashCache (sfi = 0xc5fec377429)> (target MAGLEV) - took 0.001, 0.189, 0.002 ms]
[completed compiling 0x3a7d558dbb19 <JSFunction FastBuffer (sfi = 0x6cdfbd80289)> (target MAGLEV) - took 0.000, 0.074, 0.003 ms]
[marking 0x3a7d558e1761 <JSFunction alignPool (sfi = 0x3eb518e36fc9)> for optimization to MAGLEV, ConcurrencyMode::kConcurrent, reason: hot and stable]
[compiling method 0x3a7d558e1761 <JSFunction alignPool (sfi = 0x3eb518e36fc9)> (target MAGLEV), mode: ConcurrencyMode::kConcurrent]
[completed compiling 0x3a7d558e1761 <JSFunction alignPool (sfi = 0x3eb518e36fc9)> (target MAGLEV) - took 0.001, 0.117, 0.002 ms]
[marking 0x3a7d558e03b9 <JSFunction isUint8Array (sfi = 0x3eb518e234e9)> for optimization to MAGLEV, ConcurrencyMode::kConcurrent, reason: hot and stable]
[compiling method 0x3a7d558e03b9 <JSFunction isUint8Array (sfi = 0x3eb518e234e9)> (target MAGLEV), mode: ConcurrencyMode::kConcurrent]
[completed compiling 0x3a7d558e03b9 <JSFunction isUint8Array (sfi = 0x3eb518e234e9)> (target MAGLEV) - took 0.000, 0.349, 0.002 ms]
[marking 0x0862ee2e59a9 <JSFunction (sfi = 0x6cdfbdb5d59)> for optimization to MAGLEV, ConcurrencyMode::kConcurrent, reason: hot and stable]
[compiling method 0x0862ee2e59a9 <JSFunction (sfi = 0x6cdfbdb5d59)> (target MAGLEV), mode: ConcurrencyMode::kConcurrent]
{"name":"delivery-file-size-and-checksums","cases":2,"passed":1,"seed":2,"command":"node tests/run.mjs","files":68,"checked":45,"failures":["Manifest must include every delivery source/document file in canonical order."],"rootManifestPresent":true,"maxFileBytes":687375}
{"name":"immutable-return-values","cases":3,"passed":3,"seed":2,"command":"node tests/run.mjs"}
[completed compiling 0x0862ee2e59a9 <JSFunction (sfi = 0x6cdfbdb5d59)> (target MAGLEV) - took 0.000, 0.364, 0.012 ms]
{"name":"policy-copy-consistency-and-no-duplicate-terms","cases":3,"passed":3,"seed":2,"command":"node tests/run.mjs"}
{"name":"strict-TypeScript","cases":1,"passed":1,"seed":2,"command":"tsc -p tsconfig.json --noEmit","output":""}
[compiling method 0x2232ee28a2b9 <JSFunction makeObfuscations (sfi = 0x29cc440687e1)> (target MAGLEV), mode: ConcurrencyMode::kConcurrent]
[completed compiling 0x2232ee28a2b9 <JSFunction makeObfuscations (sfi = 0x29cc440687e1)> (target MAGLEV) - took 0.001, 9.586, 1.087 ms]
[57757:0xd52a000]    10379 ms: Scavenge 35.5 (52.6) -> 19.8 (53.1) MB, pooled: 0 MB, 47.72 / 0.37 ms  (average mu = 0.996, current mu = 0.996) allocation failure; 
[marking dependent code 0x2e738c5d21a9 <Code MAGLEV> (0x29cc440687e1 <SharedFunctionInfo makeObfuscations>) (opt id 337) for deoptimization, reason: dependent allocation site tenuring changed]
[marking 0x313a8d993281 <JSFunction pick (sfi = 0x29cc44068799)> for optimization to TURBOFAN_JS, ConcurrencyMode::kConcurrent, reason: hot and stable]
[compiling method 0x313a8d993281 <JSFunction pick (sfi = 0x29cc44068799)> (target TURBOFAN_JS), mode: ConcurrencyMode::kConcurrent]
[completed compiling 0x313a8d993281 <JSFunction pick (sfi = 0x29cc44068799)> (target TURBOFAN_JS) - took 0.057, 4.914, 0.714 ms]
[completed optimizing 0x313a8d993281 <JSFunction pick (sfi = 0x29cc44068799)> (target TURBOFAN_JS)]
[marking 0x2232ee28a2b9 <JSFunction makeObfuscations (sfi = 0x29cc440687e1)> for optimization to MAGLEV, ConcurrencyMode::kConcurrent, reason: hot and stable]
[compiling method 0x2232ee28a2b9 <JSFunction makeObfuscations (sfi = 0x29cc440687e1)> (target MAGLEV) OSR, mode: ConcurrencyMode::kConcurrent]
[completed compiling 0x2232ee28a2b9 <JSFunction makeObfuscations (sfi = 0x29cc440687e1)> (target MAGLEV) OSR - took 0.036, 3.142, 0.102 ms]
[compiling method 0x2232ee28a2b9 <JSFunction makeObfuscations (sfi = 0x29cc440687e1)> (target TURBOFAN_JS) OSR, mode: ConcurrencyMode::kConcurrent]
[compiling method 0x2232ee28a2b9 <JSFunction makeObfuscations (sfi = 0x29cc440687e1)> (target MAGLEV), mode: ConcurrencyMode::kConcurrent]
[completed compiling 0x2232ee28a2b9 <JSFunction makeObfuscations (sfi = 0x29cc440687e1)> (target MAGLEV) - took 0.000, 2.389, 0.052 ms]
[completed compiling 0x2232ee28a2b9 <JSFunction makeObfuscations (sfi = 0x29cc440687e1)> (target TURBOFAN_JS) OSR - took 0.008, 74.418, 0.192 ms]
[completed optimizing 0x2232ee28a2b9 <JSFunction makeObfuscations (sfi = 0x29cc440687e1)> (target TURBOFAN_JS) OSR]
[bailout (kind: deopt-eager, reason: prepare for on stack replacement (OSR)): begin. deoptimizing 0x2232ee28a2b9 <JSFunction makeObfuscations (sfi = 0x29cc440687e1)>, 0x2e738c5d4659 <Code MAGLEV>, opt id 339, bytecode offset 756, deopt exit 69, FP to SP delta 296, caller SP 0x7fffb599b420, pc 0x7f6bac3ea138]
[marking 0x2232ee28a2b9 <JSFunction makeObfuscations (sfi = 0x29cc440687e1)> for optimization to TURBOFAN_JS, ConcurrencyMode::kConcurrent, reason: hot and stable]
[57757:0xd52a000]    10515 ms: Scavenge 36.3 (53.2) -> 20.9 (53.1) MB, pooled: 0 MB, 8.03 / 0.00 ms  (average mu = 0.996, current mu = 0.996) allocation failure; 
{"name":"generator-byte-identical-replay-and-coverage","cases":2,"passed":2,"seed":2,"command":"node tests/run.mjs"}
{"name":"handwritten-format-and-Scunthorpe","cases":459,"passed":459,"seed":2,"command":"node tests/run.mjs","errors":[]}
{"name":"exhaustive-declared-single-glyph-substitution","cases":1371,"passed":1371,"seed":2,"command":"node tests/run.mjs","errors":[]}
[marking 0x36ce11087b39 <JSFunction (sfi = 0x3eb518e1b191)> for optimization to MAGLEV, ConcurrencyMode::kConcurrent, reason: hot and stable]
{"name":"precompiled-Unicode-policy-context-differential","cases":1296,"passed":1296,"seed":2,"command":"node tests/run.mjs","errors":[]}
[compiling method 0x36ce11087b39 <JSFunction (sfi = 0x3eb518e1b191)> (target MAGLEV), mode: ConcurrencyMode::kConcurrent]
{"name":"generated-obfuscations","cases":5000,"passed":5000,"seed":2,"command":"node tests/run.mjs","misses":0,"errors":[],"coverage":{"anal":87,"anus":86,"arsehole":74,"asshole":78,"bastard":84,"bitch":87,"blowjob":76,"bollocks":68,"boner":87,"boob":87,"boobs":86,"bukkake":81,"chink":86,"clit":87,"cock":87,"coon":86,"cunt":87,"cum":84,"cumshot":79,"dick":86,"dildo":87,"douche":87,"dyke":87,"fag":86,"faggot":86,"fellatio":68,"fuck":87,"gook":87,"handjob":79,"hentai":87,"jizz":87,"kike":87,"masturbate":42,"motherfucker":18,"nigga":87,"nigger":86,"orgasm":86,"paedophile":45,"pedophile":49,"penis":87,"porn":86,"pussy":87,"rape":87,"retard":85,"rimjob":85,"semen":87,"sex":86,"shemale":83,"slut":86,"spic":86,"spunk":87,"tits":87,"titties":82,"titty":87,"tranny":85,"twat":86,"vagina":84,"wank":85,"wetback":77,"whore":86,"testicle":67,"ejaculation":29,"masturbation":22},"attempts":5475}
[completed compiling 0x36ce11087b39 <JSFunction (sfi = 0x3eb518e1b191)> (target MAGLEV) - took 0.001, 0.344, 0.005 ms]
[marking 0x173c9be93a59 <JSFunction (sfi = 0x29cc44068ea1)> for optimization to MAGLEV, ConcurrencyMode::kConcurrent, reason: hot and stable]
[compiling method 0x173c9be93a59 <JSFunction (sfi = 0x29cc44068ea1)> (target MAGLEV), mode: ConcurrencyMode::kConcurrent]
[completed compiling 0x173c9be93a59 <JSFunction (sfi = 0x29cc44068ea1)> (target MAGLEV) - took 0.000, 0.251, 0.015 ms]
{"name":"names-count-and-uniqueness","cases":2,"passed":2,"seed":2,"command":"node tests/run.mjs","rows":20000,"unique":20000}
[marking 0x19185a6b5de1 <JSFunction (sfi = 0x29cc44068ee9)> for optimization to MAGLEV, ConcurrencyMode::kConcurrent, reason: hot and stable]
[compiling method 0x19185a6b5de1 <JSFunction (sfi = 0x29cc44068ee9)> (target MAGLEV), mode: ConcurrencyMode::kConcurrent]
[completed compiling 0x19185a6b5de1 <JSFunction (sfi = 0x29cc44068ee9)> (target MAGLEV) - took 0.001, 0.199, 0.008 ms]
[marking 0x19185a6bf6e1 <JSFunction (sfi = 0x29cc44068ee9)> for optimization to TURBOFAN_JS, ConcurrencyMode::kConcurrent, reason: hot and stable]
[compiling method 0x19185a6bf6e1 <JSFunction (sfi = 0x29cc44068ee9)> (target TURBOFAN_JS), mode: ConcurrencyMode::kConcurrent]
[completed compiling 0x19185a6bf6e1 <JSFunction (sfi = 0x29cc44068ee9)> (target TURBOFAN_JS) - took 0.008, 1.318, 0.049 ms]
[completed optimizing 0x19185a6bf6e1 <JSFunction (sfi = 0x29cc44068ee9)> (target TURBOFAN_JS)]
[marking 0x01325f3ef5e9 <JSFunction (sfi = 0x29cc44067da1)> for optimization to MAGLEV, ConcurrencyMode::kConcurrent, reason: hot and stable]
{"name":"names-reviewed-corpus-policy","cases":20000,"passed":20000,"seed":2,"command":"node tests/run.mjs","accepted":19989,"rejected":11,"reviewed":11,"unexpected":0,"stale":0,"zeroRejections":false}
{"name":"names-reviewed-baseline-no-stale-entries","cases":1,"passed":1,"seed":2,"command":"node tests/run.mjs"}
[marking 0x0c78a28a6cd9 <JSFunction (sfi = 0x29cc44068ea1)> for optimization to TURBOFAN_JS, ConcurrencyMode::kConcurrent, reason: hot and stable]
[compiling method 0x0c78a28a6cd9 <JSFunction (sfi = 0x29cc44068ea1)> (target TURBOFAN_JS), mode: ConcurrencyMode::kConcurrent]
[completed compiling 0x0c78a28a6cd9 <JSFunction (sfi = 0x29cc44068ea1)> (target TURBOFAN_JS) - took 0.012, 0.848, 0.036 ms]
[completed optimizing 0x0c78a28a6cd9 <JSFunction (sfi = 0x29cc44068ea1)> (target TURBOFAN_JS)]
{"name":"words-count-and-uniqueness","cases":2,"passed":2,"seed":2,"command":"node tests/run.mjs","rows":10000,"unique":10000}
[compiling method 0x01325f3ef5e9 <JSFunction (sfi = 0x29cc44067da1)> (target MAGLEV) OSR, mode: ConcurrencyMode::kConcurrent]
[completed compiling 0x01325f3ef5e9 <JSFunction (sfi = 0x29cc44067da1)> (target MAGLEV) OSR - took 0.002, 380.930, 1.056 ms]
[57757:0xd52a000]    11154 ms: Scavenge 43.8 (60.7) -> 22.6 (54.3) MB, pooled: 0 MB, 27.48 / 0.00 ms  (average mu = 0.996, current mu = 0.996) allocation failure; 
[marking dependent code 0x32bd81b034f9 <Code MAGLEV> (0x29cc44067da1 <SharedFunctionInfo>) (opt id 347) for deoptimization, reason: dependent allocation site tenuring changed]
[bailout (kind: deopt-lazy, reason: (unknown)): begin. deoptimizing 0x01325f3ef5e9 <JSFunction (sfi = 0x29cc44067da1)>, 0x32bd81b034f9 <Code MAGLEV>, opt id 347, bytecode offset 5565, deopt exit 117, FP to SP delta 1024, caller SP 0x7fffb599b838, pc 0x7f6bac3f414f]
[marking 0x3fde929b8961 <JSFunction (sfi = 0x29cc44068f79)> for optimization to MAGLEV, ConcurrencyMode::kConcurrent, reason: hot and stable]
[compiling method 0x3fde929b8961 <JSFunction (sfi = 0x29cc44068f79)> (target MAGLEV), mode: ConcurrencyMode::kConcurrent]
{"name":"words-reviewed-corpus-policy","cases":10000,"passed":10000,"seed":2,"command":"node tests/run.mjs","accepted":9951,"rejected":49,"reviewed":49,"unexpected":0,"stale":0,"zeroRejections":false}
{"name":"words-reviewed-baseline-no-stale-entries","cases":1,"passed":1,"seed":2,"command":"node tests/run.mjs"}
[completed compiling 0x3fde929b8961 <JSFunction (sfi = 0x29cc44068f79)> (target MAGLEV) - took 0.002, 0.837, 0.037 ms]
{"name":"places-count-and-uniqueness","cases":2,"passed":2,"seed":2,"command":"node tests/run.mjs","rows":2000,"unique":2000}
{"name":"places-reviewed-corpus-policy","cases":2000,"passed":2000,"seed":2,"command":"node tests/run.mjs","accepted":1943,"rejected":57,"reviewed":57,"unexpected":0,"stale":0,"zeroRejections":false}
{"name":"places-reviewed-baseline-no-stale-entries","cases":1,"passed":1,"seed":2,"command":"node tests/run.mjs"}
[marking 0x2396bb1d65b1 <JSFunction (sfi = 0x1ebf75139189)> for optimization to MAGLEV, ConcurrencyMode::kConcurrent, reason: hot and stable]
[compiling method 0x2396bb1d65b1 <JSFunction (sfi = 0x1ebf75139189)> (target MAGLEV), mode: ConcurrencyMode::kConcurrent]
[completed compiling 0x2396bb1d65b1 <JSFunction (sfi = 0x1ebf75139189)> (target MAGLEV) - took 0.002, 1.860, 0.152 ms]
[57757:0xd52a000]    11295 ms: Scavenge 37.2 (54.3) -> 22.9 (55.6) MB, pooled: 0 MB, 18.68 / 0.00 ms  (average mu = 0.996, current mu = 0.996) allocation failure; 
[marking dependent code 0x16edd3bfeab1 <Code MAGLEV> (0x1ebf75139189 <SharedFunctionInfo>) (opt id 349) for deoptimization, reason: dependent allocation site tenuring changed]
[bailout (kind: deopt-lazy, reason: (unknown)): begin. deoptimizing 0x1752e5200111 <JSFunction (sfi = 0x1ebf75139189)>, 0x16edd3bfeab1 <Code MAGLEV>, opt id 349, bytecode offset 97, deopt exit 25, FP to SP delta 112, caller SP 0x7fffb599b2f0, pc 0x7f6bac333f43]
[marking 0x1752e5200111 <JSFunction (sfi = 0x1ebf75139189)> for optimization to MAGLEV, ConcurrencyMode::kConcurrent, reason: hot and stable]
[compiling method 0x1752e5200111 <JSFunction (sfi = 0x1ebf75139189)> (target MAGLEV), mode: ConcurrencyMode::kConcurrent]
[completed compiling 0x1752e5200111 <JSFunction (sfi = 0x1ebf75139189)> (target MAGLEV) - took 0.001, 0.689, 0.023 ms]
[57757:0xd52a000]    11359 ms: Scavenge 38.6 (55.6) -> 23.0 (56.1) MB, pooled: 0 MB, 4.84 / 0.00 ms  (average mu = 0.996, current mu = 0.996) allocation failure; 
[57757:0xd52a000]    11389 ms: Scavenge 39.0 (56.1) -> 23.1 (56.1) MB, pooled: 0 MB, 1.68 / 0.00 ms  (average mu = 0.996, current mu = 0.996) allocation failure; 
[57757:0xd52a000]    11427 ms: Scavenge 39.1 (56.1) -> 23.1 (56.1) MB, pooled: 0 MB, 1.36 / 0.00 ms  (average mu = 0.996, current mu = 0.996) allocation failure; 
[marking 0x1ebf75139251 <JSFunction (sfi = 0x1ebf75139189)> for optimization to TURBOFAN_JS, ConcurrencyMode::kConcurrent, reason: hot and stable]
[compiling method 0x1ebf75139251 <JSFunction (sfi = 0x1ebf75139189)> (target TURBOFAN_JS), mode: ConcurrencyMode::kConcurrent]
[completed compiling 0x1ebf75139251 <JSFunction (sfi = 0x1ebf75139189)> (target TURBOFAN_JS) - took 0.012, 4.582, 0.069 ms]
[completed optimizing 0x1ebf75139251 <JSFunction (sfi = 0x1ebf75139189)> (target TURBOFAN_JS)]
[57757:0xd52a000]    11464 ms: Scavenge 39.1 (56.1) -> 23.2 (56.1) MB, pooled: 0 MB, 1.19 / 0.00 ms  (average mu = 0.996, current mu = 0.996) allocation failure; 
[57757:0xd52a000]    11491 ms: Scavenge 39.2 (56.1) -> 23.3 (56.1) MB, pooled: 0 MB, 0.45 / 0.00 ms  (average mu = 0.996, current mu = 0.996) allocation failure; 
[marking 0x01325f3ef5e9 <JSFunction (sfi = 0x29cc44067da1)> for optimization to MAGLEV, ConcurrencyMode::kConcurrent, reason: hot and stable]
[57757:0xd52a000]    11527 ms: Scavenge 40.4 (57.3) -> 23.8 (56.6) MB, pooled: 0 MB, 2.28 / 0.00 ms  (average mu = 0.996, current mu = 0.996) allocation failure; 
[57757:0xd52a000]    11544 ms: Scavenge 40.5 (57.3) -> 23.8 (56.6) MB, pooled: 0 MB, 0.59 / 0.00 ms  (average mu = 0.996, current mu = 0.996) allocation failure; 
[57757:0xd52a000]    11559 ms: Scavenge 39.8 (56.6) -> 23.8 (56.6) MB, pooled: 0 MB, 0.14 / 0.00 ms  (average mu = 0.996, current mu = 0.996) allocation failure; 
[57757:0xd52a000]    11580 ms: Scavenge 39.8 (56.6) -> 23.8 (56.6) MB, pooled: 0 MB, 0.17 / 0.00 ms  (average mu = 0.996, current mu = 0.996) allocation failure; 
[57757:0xd52a000]    11657 ms: Scavenge 39.8 (56.6) -> 23.8 (56.6) MB, pooled: 0 MB, 3.33 / 0.00 ms  (average mu = 0.996, current mu = 0.996) allocation failure; 
[compiling method 0x01325f3ef5e9 <JSFunction (sfi = 0x29cc44067da1)> (target MAGLEV) OSR, mode: ConcurrencyMode::kConcurrent]
[completed compiling 0x01325f3ef5e9 <JSFunction (sfi = 0x29cc44067da1)> (target MAGLEV) OSR - took 0.003, 8.835, 0.122 ms]
[57757:0xd52a000]    11712 ms: Scavenge 39.8 (56.6) -> 23.8 (56.6) MB, pooled: 0 MB, 1.32 / 0.00 ms  (average mu = 0.996, current mu = 0.996) allocation failure; 
[57757:0xd52a000]    11751 ms: Scavenge 39.8 (56.6) -> 23.8 (56.6) MB, pooled: 0 MB, 0.24 / 0.00 ms  (average mu = 0.996, current mu = 0.996) allocation failure; 
[57757:0xd52a000]    11780 ms: Scavenge 39.8 (56.6) -> 23.8 (56.6) MB, pooled: 0 MB, 0.18 / 0.00 ms  (average mu = 0.996, current mu = 0.996) allocation failure; 
[57757:0xd52a000]    11805 ms: Scavenge 39.8 (56.6) -> 23.8 (56.6) MB, pooled: 0 MB, 0.36 / 0.00 ms  (average mu = 0.996, current mu = 0.996) allocation failure; 
[57757:0xd52a000]    11835 ms: Scavenge 39.8 (56.6) -> 23.8 (56.6) MB, pooled: 0 MB, 0.16 / 0.00 ms  (average mu = 0.996, current mu = 0.996) allocation failure; 
[57757:0xd52a000]    11860 ms: Scavenge 39.8 (56.6) -> 23.8 (56.6) MB, pooled: 0 MB, 0.16 / 0.00 ms  (average mu = 0.996, current mu = 0.996) allocation failure; 
[57757:0xd52a000]    11890 ms: Scavenge 39.8 (56.6) -> 23.8 (56.6) MB, pooled: 0 MB, 0.16 / 0.00 ms  (average mu = 0.996, current mu = 0.996) allocation failure; 
[57757:0xd52a000]    11966 ms: Scavenge 39.8 (56.6) -> 23.8 (56.6) MB, pooled: 0 MB, 3.26 / 0.00 ms  (average mu = 0.996, current mu = 0.996) allocation failure; 
[57757:0xd52a000]    12120 ms: Scavenge 39.8 (56.6) -> 23.8 (56.6) MB, pooled: 0 MB, 13.74 / 0.00 ms  (average mu = 0.996, current mu = 0.996) allocation failure; 
[compiling method 0x01325f3ef5e9 <JSFunction (sfi = 0x29cc44067da1)> (target TURBOFAN_JS) OSR, mode: ConcurrencyMode::kConcurrent]
[57757:0xd52a000]    12376 ms: Scavenge 39.8 (56.6) -> 23.8 (56.6) MB, pooled: 0 MB, 37.00 / 0.00 ms  (average mu = 0.996, current mu = 0.996) allocation failure; 
[57757:0xd52a000]    12905 ms: Scavenge 39.8 (56.6) -> 23.8 (56.6) MB, pooled: 0 MB, 7.49 / 0.00 ms  (average mu = 0.996, current mu = 0.996) allocation failure; 
[57757:0xd52a000]    12959 ms: Scavenge 39.8 (56.6) -> 23.8 (56.6) MB, pooled: 0 MB, 0.53 / 0.00 ms  (average mu = 0.996, current mu = 0.996) allocation failure; 
[57757:0xd52a000]    13152 ms: Scavenge 39.8 (56.6) -> 23.8 (56.6) MB, pooled: 0 MB, 0.28 / 0.00 ms  (average mu = 0.996, current mu = 0.996) allocation failure; 
[57757:0xd52a000]    13235 ms: Scavenge 39.8 (56.6) -> 23.8 (56.6) MB, pooled: 0 MB, 0.30 / 0.00 ms  (average mu = 0.996, current mu = 0.996) allocation failure; 
[57757:0xd52a000]    13281 ms: Scavenge 39.8 (56.6) -> 23.8 (56.6) MB, pooled: 0 MB, 0.24 / 0.00 ms  (average mu = 0.996, current mu = 0.996) allocation failure; 
[57757:0xd52a000]    13320 ms: Scavenge 39.8 (56.6) -> 23.8 (56.6) MB, pooled: 0 MB, 0.36 / 0.00 ms  (average mu = 0.996, current mu = 0.996) allocation failure; 
[57757:0xd52a000]    13351 ms: Scavenge 39.8 (56.6) -> 23.8 (56.6) MB, pooled: 0 MB, 0.23 / 0.00 ms  (average mu = 0.996, current mu = 0.996) allocation failure; 
[57757:0xd52a000]    13411 ms: Scavenge 39.8 (56.6) -> 23.8 (56.6) MB, pooled: 0 MB, 0.25 / 0.00 ms  (average mu = 0.996, current mu = 0.996) allocation failure; 
[57757:0xd52a000]    13455 ms: Scavenge 39.8 (56.6) -> 23.8 (56.6) MB, pooled: 0 MB, 0.24 / 0.00 ms  (average mu = 0.996, current mu = 0.996) allocation failure; 
[57757:0xd52a000]    13493 ms: Scavenge 39.8 (56.6) -> 23.8 (56.6) MB, pooled: 0 MB, 0.22 / 0.00 ms  (average mu = 0.996, current mu = 0.996) allocation failure; 
[57757:0xd52a000]    13541 ms: Scavenge 39.8 (56.6) -> 23.8 (56.6) MB, pooled: 0 MB, 3.08 / 0.00 ms  (average mu = 0.996, current mu = 0.996) allocation failure; 
[57757:0xd52a000]    13585 ms: Scavenge 39.8 (56.6) -> 23.8 (56.6) MB, pooled: 0 MB, 0.55 / 0.00 ms  (average mu = 0.996, current mu = 0.996) allocation failure; 
[57757:0xd52a000]    13669 ms: Scavenge 39.8 (56.6) -> 23.8 (56.6) MB, pooled: 0 MB, 1.94 / 0.00 ms  (average mu = 0.996, current mu = 0.996) allocation failure; 
[57757:0xd52a000]    13865 ms: Scavenge 39.8 (56.6) -> 23.8 (56.6) MB, pooled: 0 MB, 0.51 / 0.00 ms  (average mu = 0.996, current mu = 0.996) allocation failure; 
[57757:0xd52a000]    13907 ms: Scavenge 39.8 (56.6) -> 23.8 (56.6) MB, pooled: 0 MB, 3.26 / 0.00 ms  (average mu = 0.996, current mu = 0.996) allocation failure; 
[completed compiling 0x01325f3ef5e9 <JSFunction (sfi = 0x29cc44067da1)> (target TURBOFAN_JS) OSR - took 0.044, 1702.355, 0.622 ms]
[completed optimizing 0x01325f3ef5e9 <JSFunction (sfi = 0x29cc44067da1)> (target TURBOFAN_JS) OSR]
[bailout (kind: deopt-eager, reason: prepare for on stack replacement (OSR)): begin. deoptimizing 0x01325f3ef5e9 <JSFunction (sfi = 0x29cc44067da1)>, 0x32bd81b064b9 <Code MAGLEV>, opt id 352, bytecode offset 7320, deopt exit 75, FP to SP delta 1024, caller SP 0x7fffb599b838, pc 0x7f6bac33a4f3]
[57757:0xd52a000]    13947 ms: Scavenge 40.0 (56.8) -> 24.0 (56.8) MB, pooled: 0 MB, 1.34 / 0.00 ms  (average mu = 0.996, current mu = 0.996) allocation failure; 
[57757:0xd52a000]    13985 ms: Scavenge 40.0 (56.8) -> 24.0 (56.8) MB, pooled: 0 MB, 2.39 / 0.00 ms  (average mu = 0.996, current mu = 0.996) allocation failure; 
[57757:0xd52a000]    14011 ms: Scavenge 40.0 (56.8) -> 24.0 (56.8) MB, pooled: 0 MB, 0.18 / 0.00 ms  (average mu = 0.996, current mu = 0.996) allocation failure; 
[57757:0xd52a000]    14037 ms: Scavenge 40.0 (56.8) -> 24.0 (56.8) MB, pooled: 0 MB, 0.19 / 0.00 ms  (average mu = 0.996, current mu = 0.996) allocation failure; 
[57757:0xd52a000]    14063 ms: Scavenge 40.0 (56.8) -> 24.0 (56.8) MB, pooled: 0 MB, 0.17 / 0.00 ms  (average mu = 0.996, current mu = 0.996) allocation failure; 
[57757:0xd52a000]    14088 ms: Scavenge 40.0 (56.8) -> 24.0 (56.8) MB, pooled: 0 MB, 0.17 / 0.00 ms  (average mu = 0.996, current mu = 0.996) allocation failure; 
[57757:0xd52a000]    14111 ms: Scavenge 40.0 (56.8) -> 24.0 (56.8) MB, pooled: 0 MB, 0.17 / 0.00 ms  (average mu = 0.996, current mu = 0.996) allocation failure; 
[57757:0xd52a000]    14146 ms: Scavenge 40.0 (56.8) -> 24.0 (56.8) MB, pooled: 0 MB, 0.18 / 0.00 ms  (average mu = 0.996, current mu = 0.996) allocation failure; 
[57757:0xd52a000]    14181 ms: Scavenge 40.0 (56.8) -> 24.0 (56.8) MB, pooled: 0 MB, 0.21 / 0.00 ms  (average mu = 0.996, current mu = 0.996) allocation failure; 
[57757:0xd52a000]    14211 ms: Scavenge 40.0 (56.8) -> 24.0 (56.8) MB, pooled: 0 MB, 0.20 / 0.00 ms  (average mu = 0.996, current mu = 0.996) allocation failure; 
[57757:0xd52a000]    14237 ms: Scavenge 40.0 (56.8) -> 24.0 (56.8) MB, pooled: 0 MB, 0.28 / 0.00 ms  (average mu = 0.996, current mu = 0.996) allocation failure; 
[57757:0xd52a000]    14264 ms: Scavenge 40.0 (56.8) -> 24.0 (56.8) MB, pooled: 0 MB, 0.17 / 0.00 ms  (average mu = 0.996, current mu = 0.996) allocation failure; 
[57757:0xd52a000]    14288 ms: Scavenge 40.0 (56.8) -> 24.0 (56.8) MB, pooled: 0 MB, 0.21 / 0.00 ms  (average mu = 0.996, current mu = 0.996) allocation failure; 
[57757:0xd52a000]    14312 ms: Scavenge 40.0 (56.8) -> 24.0 (56.8) MB, pooled: 0 MB, 0.17 / 0.00 ms  (average mu = 0.996, current mu = 0.996) allocation failure; 
[57757:0xd52a000]    14343 ms: Scavenge 40.0 (56.8) -> 24.0 (56.8) MB, pooled: 0 MB, 0.32 / 0.00 ms  (average mu = 0.996, current mu = 0.996) allocation failure; 
[57757:0xd52a000]    14372 ms: Scavenge 40.0 (56.8) -> 24.0 (56.8) MB, pooled: 0 MB, 0.17 / 0.00 ms  (average mu = 0.996, current mu = 0.996) allocation failure; 
[57757:0xd52a000]    14399 ms: Scavenge 40.0 (56.8) -> 24.0 (56.8) MB, pooled: 0 MB, 0.16 / 0.00 ms  (average mu = 0.996, current mu = 0.996) allocation failure; 
[57757:0xd52a000]    14430 ms: Scavenge 40.0 (56.8) -> 24.0 (56.8) MB, pooled: 0 MB, 0.57 / 0.00 ms  (average mu = 0.996, current mu = 0.996) allocation failure; 
[57757:0xd52a000]    14476 ms: Scavenge 40.0 (56.8) -> 24.0 (56.8) MB, pooled: 0 MB, 0.21 / 0.00 ms  (average mu = 0.996, current mu = 0.996) allocation failure; 
[57757:0xd52a000]    14509 ms: Scavenge 40.0 (56.8) -> 24.0 (56.8) MB, pooled: 0 MB, 0.23 / 0.00 ms  (average mu = 0.996, current mu = 0.996) allocation failure; 
[57757:0xd52a000]    14550 ms: Scavenge 40.0 (56.8) -> 24.0 (56.8) MB, pooled: 0 MB, 0.17 / 0.00 ms  (average mu = 0.996, current mu = 0.996) allocation failure; 
[57757:0xd52a000]    14579 ms: Scavenge 40.0 (56.8) -> 24.0 (56.8) MB, pooled: 0 MB, 0.15 / 0.00 ms  (average mu = 0.996, current mu = 0.996) allocation failure; 
[57757:0xd52a000]    14609 ms: Scavenge 40.0 (56.8) -> 24.0 (56.8) MB, pooled: 0 MB, 1.32 / 0.00 ms  (average mu = 0.996, current mu = 0.996) allocation failure; 
[57757:0xd52a000]    14652 ms: Scavenge 40.0 (56.8) -> 24.0 (56.8) MB, pooled: 0 MB, 0.17 / 0.00 ms  (average mu = 0.996, current mu = 0.996) allocation failure; 
[57757:0xd52a000]    14691 ms: Scavenge 40.0 (56.8) -> 24.0 (56.8) MB, pooled: 0 MB, 0.27 / 0.00 ms  (average mu = 0.996, current mu = 0.996) allocation failure; 
[57757:0xd52a000]    14716 ms: Scavenge 40.0 (56.8) -> 24.0 (56.8) MB, pooled: 0 MB, 0.16 / 0.00 ms  (average mu = 0.996, current mu = 0.996) allocation failure; 
[57757:0xd52a000]    14741 ms: Scavenge 40.0 (56.8) -> 24.0 (56.8) MB, pooled: 0 MB, 0.32 / 0.00 ms  (average mu = 0.996, current mu = 0.996) allocation failure; 
[57757:0xd52a000]    14769 ms: Scavenge 40.0 (56.8) -> 24.0 (56.8) MB, pooled: 0 MB, 0.16 / 0.00 ms  (average mu = 0.996, current mu = 0.996) allocation failure; 
[57757:0xd52a000]    14791 ms: Scavenge 40.0 (56.8) -> 24.0 (56.8) MB, pooled: 0 MB, 0.16 / 0.00 ms  (average mu = 0.996, current mu = 0.996) allocation failure; 
[57757:0xd52a000]    14813 ms: Scavenge 40.0 (56.8) -> 24.0 (56.8) MB, pooled: 0 MB, 0.16 / 0.00 ms  (average mu = 0.996, current mu = 0.996) allocation failure; 
[57757:0xd52a000]    14837 ms: Scavenge 40.0 (56.8) -> 24.0 (56.8) MB, pooled: 0 MB, 0.15 / 0.00 ms  (average mu = 0.996, current mu = 0.996) allocation failure; 
[57757:0xd52a000]    14906 ms: Scavenge 40.0 (56.8) -> 24.0 (56.8) MB, pooled: 0 MB, 3.06 / 0.00 ms  (average mu = 0.996, current mu = 0.996) allocation failure; 
[57757:0xd52a000]    14975 ms: Scavenge 40.0 (56.8) -> 24.0 (56.8) MB, pooled: 0 MB, 0.39 / 0.00 ms  (average mu = 0.996, current mu = 0.996) allocation failure; 
[57757:0xd52a000]    15019 ms: Scavenge 40.0 (56.8) -> 24.0 (56.8) MB, pooled: 0 MB, 0.20 / 0.00 ms  (average mu = 0.996, current mu = 0.996) allocation failure; 
[57757:0xd52a000]    15059 ms: Scavenge 40.0 (56.8) -> 24.0 (56.8) MB, pooled: 0 MB, 0.20 / 0.00 ms  (average mu = 0.996, current mu = 0.996) allocation failure; 
[57757:0xd52a000]    15083 ms: Scavenge 40.0 (56.8) -> 24.0 (56.8) MB, pooled: 0 MB, 0.19 / 0.00 ms  (average mu = 0.996, current mu = 0.996) allocation failure; 
[57757:0xd52a000]    15147 ms: Scavenge 40.0 (56.8) -> 24.0 (56.8) MB, pooled: 0 MB, 1.04 / 0.00 ms  (average mu = 0.996, current mu = 0.996) allocation failure; 
[57757:0xd52a000]    15178 ms: Scavenge 40.0 (56.8) -> 24.0 (56.8) MB, pooled: 0 MB, 0.44 / 0.00 ms  (average mu = 0.996, current mu = 0.996) allocation failure; 
[57757:0xd52a000]    15242 ms: Scavenge 40.0 (56.8) -> 24.0 (56.8) MB, pooled: 0 MB, 0.26 / 0.00 ms  (average mu = 0.996, current mu = 0.996) allocation failure; 
[57757:0xd52a000]    15274 ms: Scavenge 40.0 (56.8) -> 24.0 (56.8) MB, pooled: 0 MB, 0.55 / 0.00 ms  (average mu = 0.996, current mu = 0.996) allocation failure; 
[57757:0xd52a000]    15324 ms: Scavenge 40.0 (56.8) -> 24.0 (56.8) MB, pooled: 0 MB, 0.20 / 0.00 ms  (average mu = 0.996, current mu = 0.996) allocation failure; 
[57757:0xd52a000]    15373 ms: Scavenge 40.0 (56.8) -> 24.0 (56.8) MB, pooled: 0 MB, 0.31 / 0.00 ms  (average mu = 0.996, current mu = 0.996) allocation failure; 
[57757:0xd52a000]    15416 ms: Scavenge 40.0 (56.8) -> 24.0 (56.8) MB, pooled: 0 MB, 0.38 / 0.00 ms  (average mu = 0.996, current mu = 0.996) allocation failure; 
[57757:0xd52a000]    15473 ms: Scavenge 40.0 (56.8) -> 24.0 (56.8) MB, pooled: 0 MB, 0.21 / 0.00 ms  (average mu = 0.996, current mu = 0.996) allocation failure; 
[57757:0xd52a000]    15509 ms: Scavenge 40.0 (56.8) -> 24.0 (56.8) MB, pooled: 0 MB, 0.21 / 0.00 ms  (average mu = 0.996, current mu = 0.996) allocation failure; 
[57757:0xd52a000]    15568 ms: Scavenge 40.0 (56.8) -> 24.0 (56.8) MB, pooled: 0 MB, 1.25 / 0.00 ms  (average mu = 0.996, current mu = 0.996) allocation failure; 
[57757:0xd52a000]    15639 ms: Scavenge 40.0 (56.8) -> 24.0 (56.8) MB, pooled: 0 MB, 0.25 / 0.00 ms  (average mu = 0.996, current mu = 0.996) allocation failure; 
[57757:0xd52a000]    15678 ms: Scavenge 40.0 (56.8) -> 24.0 (56.8) MB, pooled: 0 MB, 0.32 / 0.00 ms  (average mu = 0.996, current mu = 0.996) allocation failure; 
[57757:0xd52a000]    15751 ms: Scavenge 40.0 (56.8) -> 24.0 (56.8) MB, pooled: 0 MB, 0.58 / 0.00 ms  (average mu = 0.996, current mu = 0.996) allocation failure; 
[57757:0xd52a000]    15783 ms: Scavenge 40.0 (56.8) -> 24.0 (56.8) MB, pooled: 0 MB, 0.21 / 0.00 ms  (average mu = 0.996, current mu = 0.996) allocation failure; 
[57757:0xd52a000]    15842 ms: Scavenge 40.0 (56.8) -> 24.0 (56.8) MB, pooled: 0 MB, 0.22 / 0.00 ms  (average mu = 0.996, current mu = 0.996) allocation failure; 
[57757:0xd52a000]    15922 ms: Scavenge 40.0 (56.8) -> 24.0 (56.8) MB, pooled: 0 MB, 1.25 / 0.00 ms  (average mu = 0.996, current mu = 0.996) allocation failure; 
[57757:0xd52a000]    16006 ms: Scavenge 40.0 (56.8) -> 24.0 (56.8) MB, pooled: 0 MB, 0.23 / 0.00 ms  (average mu = 0.996, current mu = 0.996) allocation failure; 
[57757:0xd52a000]    16050 ms: Scavenge 40.0 (56.8) -> 24.0 (56.8) MB, pooled: 0 MB, 0.21 / 0.00 ms  (average mu = 0.996, current mu = 0.996) allocation failure; 
[57757:0xd52a000]    16087 ms: Scavenge 40.0 (56.8) -> 24.0 (56.8) MB, pooled: 0 MB, 0.44 / 0.00 ms  (average mu = 0.996, current mu = 0.996) allocation failure; 
[57757:0xd52a000]    16170 ms: Scavenge 40.0 (56.8) -> 24.0 (56.8) MB, pooled: 0 MB, 0.79 / 0.00 ms  (average mu = 0.996, current mu = 0.996) allocation failure; 
[57757:0xd52a000]    16219 ms: Scavenge 40.0 (56.8) -> 24.0 (56.8) MB, pooled: 0 MB, 0.20 / 0.00 ms  (average mu = 0.996, current mu = 0.996) allocation failure; 
[57757:0xd52a000]    16260 ms: Scavenge 40.0 (56.8) -> 24.0 (56.8) MB, pooled: 0 MB, 0.39 / 0.00 ms  (average mu = 0.996, current mu = 0.996) allocation failure; 
[57757:0xd52a000]    16298 ms: Scavenge 40.0 (56.8) -> 24.0 (56.8) MB, pooled: 0 MB, 0.22 / 0.00 ms  (average mu = 0.996, current mu = 0.996) allocation failure; 
{"name":"regex-vs-bitset-NFA-differential","cases":43830,"passed":43830,"seed":2,"command":"node tests/run.mjs"}
{"name":"sealed-blind-reference-differential","cases":43830,"passed":43830,"seed":2,"command":"node tests/run.mjs"}
{"name":"repeat-call-purity","cases":43830,"passed":43830,"seed":2,"command":"node tests/run.mjs"}
{"name":"boolean-wrapper","cases":43830,"passed":43830,"seed":2,"command":"node tests/run.mjs"}
[57757:0xd52a000]    16331 ms: Scavenge 40.0 (56.8) -> 24.1 (56.8) MB, pooled: 0 MB, 0.97 / 0.00 ms  (average mu = 0.996, current mu = 0.996) allocation failure; 
[marking 0x1f0290c40029 <JSFunction (sfi = 0x29cc44068fc1)> for optimization to MAGLEV, ConcurrencyMode::kConcurrent, reason: hot and stable]
[compiling method 0x1f0290c40029 <JSFunction (sfi = 0x29cc44068fc1)> (target MAGLEV), mode: ConcurrencyMode::kConcurrent]
[completed compiling 0x1f0290c40029 <JSFunction (sfi = 0x29cc44068fc1)> (target MAGLEV) - took 0.000, 0.528, 0.016 ms]
[marking 0x1f0290c40029 <JSFunction (sfi = 0x29cc44068fc1)> for optimization to TURBOFAN_JS, ConcurrencyMode::kConcurrent, reason: hot and stable]
[compiling method 0x1f0290c40029 <JSFunction (sfi = 0x29cc44068fc1)> (target TURBOFAN_JS), mode: ConcurrencyMode::kConcurrent]
[completed compiling 0x1f0290c40029 <JSFunction (sfi = 0x29cc44068fc1)> (target TURBOFAN_JS) - took 0.011, 1.432, 0.051 ms]
[completed optimizing 0x1f0290c40029 <JSFunction (sfi = 0x29cc44068fc1)> (target TURBOFAN_JS)]
{"name":"mutation-baseline-truth","cases":43830,"passed":43830,"seed":2,"command":"node tests/run.mjs"}
[57757:0xd52a000]    16654 ms: Scavenge 40.8 (57.7) -> 24.4 (57.2) MB, pooled: 0 MB, 7.20 / 4.70 ms  (average mu = 0.996, current mu = 0.996) allocation failure; 
[57757:0xd52a000]    16951 ms: Scavenge 40.4 (57.2) -> 24.4 (57.2) MB, pooled: 0 MB, 0.55 / 0.01 ms  (average mu = 0.996, current mu = 0.996) allocation failure; 
[57757:0xd52a000]    17182 ms: Scavenge 40.4 (57.2) -> 24.4 (57.2) MB, pooled: 0 MB, 1.74 / 0.01 ms  (average mu = 0.996, current mu = 0.996) allocation failure; 
[marking 0x27382476bd71 <JSFunction lower (sfi = 0x28e07d260e31)> for optimization to TURBOFAN_JS, ConcurrencyMode::kConcurrent, reason: hot and stable]
[compiling method 0x27382476bd71 <JSFunction lower (sfi = 0x28e07d260e31)> (target TURBOFAN_JS), mode: ConcurrencyMode::kConcurrent]
[completed compiling 0x27382476bd71 <JSFunction lower (sfi = 0x28e07d260e31)> (target TURBOFAN_JS) - took 0.013, 0.622, 0.025 ms]
[completed optimizing 0x27382476bd71 <JSFunction lower (sfi = 0x28e07d260e31)> (target TURBOFAN_JS)]
[marking 0x1ebf751297c9 <JSFunction lower (sfi = 0x1f1d90cdfc69)> for optimization to TURBOFAN_JS, ConcurrencyMode::kConcurrent, reason: hot and stable]
[compiling method 0x1ebf751297c9 <JSFunction lower (sfi = 0x1f1d90cdfc69)> (target TURBOFAN_JS), mode: ConcurrencyMode::kConcurrent]
[completed compiling 0x1ebf751297c9 <JSFunction lower (sfi = 0x1f1d90cdfc69)> (target TURBOFAN_JS) - took 0.014, 1.245, 1.210 ms]
[completed optimizing 0x1ebf751297c9 <JSFunction lower (sfi = 0x1f1d90cdfc69)> (target TURBOFAN_JS)]
[57757:0xd52a000]    17406 ms: Scavenge 40.4 (57.2) -> 24.4 (57.2) MB, pooled: 0 MB, 1.83 / 0.01 ms  (average mu = 0.996, current mu = 0.996) allocation failure; 
[57757:0xd52a000]    17625 ms: Scavenge 40.4 (57.2) -> 24.4 (57.2) MB, pooled: 0 MB, 0.35 / 0.01 ms  (average mu = 0.996, current mu = 0.996) allocation failure; 
[57757:0xd52a000]    17995 ms: Scavenge 40.4 (57.2) -> 24.4 (57.2) MB, pooled: 0 MB, 2.11 / 0.01 ms  (average mu = 0.996, current mu = 0.996) allocation failure; 
[57757:0xd52a000]    18225 ms: Scavenge 40.4 (57.2) -> 24.4 (57.2) MB, pooled: 0 MB, 2.03 / 0.01 ms  (average mu = 0.996, current mu = 0.996) allocation failure; 
[marking 0x1f33839f55d1 <JSFunction lower (sfi = 0x1f1d90cf5ae1)> for optimization to TURBOFAN_JS, ConcurrencyMode::kConcurrent, reason: hot and stable]
[compiling method 0x1f33839f55d1 <JSFunction lower (sfi = 0x1f1d90cf5ae1)> (target TURBOFAN_JS), mode: ConcurrencyMode::kConcurrent]
[completed compiling 0x1f33839f55d1 <JSFunction lower (sfi = 0x1f1d90cf5ae1)> (target TURBOFAN_JS) - took 0.013, 0.596, 0.035 ms]
[completed optimizing 0x1f33839f55d1 <JSFunction lower (sfi = 0x1f1d90cf5ae1)> (target TURBOFAN_JS)]
[marking 0x1f33839fff91 <JSFunction lower (sfi = 0x1f33839e49b9)> for optimization to TURBOFAN_JS, ConcurrencyMode::kConcurrent, reason: hot and stable]
[compiling method 0x1f33839fff91 <JSFunction lower (sfi = 0x1f33839e49b9)> (target TURBOFAN_JS), mode: ConcurrencyMode::kConcurrent]
[completed compiling 0x1f33839fff91 <JSFunction lower (sfi = 0x1f33839e49b9)> (target TURBOFAN_JS) - took 0.013, 1.024, 0.024 ms]
[completed optimizing 0x1f33839fff91 <JSFunction lower (sfi = 0x1f33839e49b9)> (target TURBOFAN_JS)]
[57757:0xd52a000]    18379 ms: Scavenge 40.4 (57.2) -> 24.5 (57.2) MB, pooled: 0 MB, 0.49 / 0.01 ms  (average mu = 0.996, current mu = 0.996) allocation failure; 
[marking 0x1f33839c01c1 <JSFunction lower (sfi = 0x1f33839eb401)> for optimization to TURBOFAN_JS, ConcurrencyMode::kConcurrent, reason: hot and stable]
[compiling method 0x1f33839c01c1 <JSFunction lower (sfi = 0x1f33839eb401)> (target TURBOFAN_JS), mode: ConcurrencyMode::kConcurrent]
[completed compiling 0x1f33839c01c1 <JSFunction lower (sfi = 0x1f33839eb401)> (target TURBOFAN_JS) - took 0.011, 1.151, 0.142 ms]
[completed optimizing 0x1f33839c01c1 <JSFunction lower (sfi = 0x1f33839eb401)> (target TURBOFAN_JS)]
[marking 0x00c9144ad931 <JSFunction lower (sfi = 0xc914490cf9)> for optimization to TURBOFAN_JS, ConcurrencyMode::kConcurrent, reason: hot and stable]
[compiling method 0x00c9144ad931 <JSFunction lower (sfi = 0xc914490cf9)> (target TURBOFAN_JS), mode: ConcurrencyMode::kConcurrent]
[completed compiling 0x00c9144ad931 <JSFunction lower (sfi = 0xc914490cf9)> (target TURBOFAN_JS) - took 0.013, 0.938, 0.028 ms]
[completed optimizing 0x00c9144ad931 <JSFunction lower (sfi = 0xc914490cf9)> (target TURBOFAN_JS)]
[57757:0xd52a000]    18547 ms: Scavenge 40.4 (57.2) -> 24.4 (57.2) MB, pooled: 0 MB, 0.34 / 0.01 ms  (average mu = 0.996, current mu = 0.996) allocation failure; 
[57757:0xd52a000]    18659 ms: Scavenge 40.4 (57.2) -> 24.4 (57.2) MB, pooled: 0 MB, 1.95 / 0.00 ms  (average mu = 0.996, current mu = 0.996) allocation failure; 
[57757:0xd52a000]    18718 ms: Scavenge 40.4 (57.2) -> 24.4 (57.2) MB, pooled: 0 MB, 0.30 / 0.00 ms  (average mu = 0.996, current mu = 0.996) allocation failure; 
[57757:0xd52a000]    18773 ms: Scavenge 40.4 (57.2) -> 24.4 (57.2) MB, pooled: 0 MB, 0.21 / 0.00 ms  (average mu = 0.996, current mu = 0.996) allocation failure; 
[57757:0xd52a000]    18854 ms: Scavenge 40.4 (57.2) -> 24.4 (57.2) MB, pooled: 0 MB, 0.22 / 0.00 ms  (average mu = 0.996, current mu = 0.996) allocation failure; 
[57757:0xd52a000]    18909 ms: Scavenge 40.4 (57.2) -> 24.4 (57.2) MB, pooled: 0 MB, 0.25 / 0.00 ms  (average mu = 0.996, current mu = 0.996) allocation failure; 
[57757:0xd52a000]    19016 ms: Scavenge 40.4 (57.2) -> 24.5 (57.2) MB, pooled: 0 MB, 3.68 / 0.01 ms  (average mu = 0.996, current mu = 0.996) allocation failure; 
[57757:0xd52a000]    19268 ms: Scavenge 40.4 (57.2) -> 24.5 (57.2) MB, pooled: 0 MB, 1.21 / 0.01 ms  (average mu = 0.996, current mu = 0.996) allocation failure; 
[marking 0x388bb4c3ecd9 <JSFunction lower (sfi = 0x30fbc815cf9)> for optimization to TURBOFAN_JS, ConcurrencyMode::kConcurrent, reason: hot and stable]
[compiling method 0x388bb4c3ecd9 <JSFunction lower (sfi = 0x30fbc815cf9)> (target TURBOFAN_JS), mode: ConcurrencyMode::kConcurrent]
[completed compiling 0x388bb4c3ecd9 <JSFunction lower (sfi = 0x30fbc815cf9)> (target TURBOFAN_JS) - took 0.014, 2.019, 0.036 ms]
[completed optimizing 0x388bb4c3ecd9 <JSFunction lower (sfi = 0x30fbc815cf9)> (target TURBOFAN_JS)]
{"name":"25-real-executed-mutations","cases":25,"passed":25,"seed":2,"command":"node tests/run.mjs","survivors":[]}
{"name":"runtime-gzip-size","cases":2,"passed":2,"seed":2,"command":"node tests/run.mjs","sourceBytes":9454,"sourceGzipBytes":4057,"compiledBytes":8014,"compiledGzipBytes":3162,"limitBytes":6000}
{"name":"zero-runtime-dependencies-and-forbidden-APIs","cases":5,"passed":5,"seed":2,"command":"node tests/run.mjs"}
[compiling method 0x0ac2b6770089 <JSFunction (sfi = 0x29cc440690e1)> (target MAGLEV), mode: ConcurrencyMode::kConcurrent]
[completed compiling 0x0ac2b6770089 <JSFunction (sfi = 0x29cc440690e1)> (target MAGLEV) - took 0.000, 0.192, 0.006 ms]
[compiling method 0x029c23f30f61 <JSFunction (sfi = 0x29cc44069129)> (target MAGLEV), mode: ConcurrencyMode::kConcurrent]
[completed compiling 0x029c23f30f61 <JSFunction (sfi = 0x29cc44069129)> (target MAGLEV) - took 0.001, 0.151, 0.009 ms]
[marking 0x029c23f30f61 <JSFunction (sfi = 0x29cc44069129)> for optimization to TURBOFAN_JS, ConcurrencyMode::kConcurrent, reason: hot and stable]
[compiling method 0x029c23f30f61 <JSFunction (sfi = 0x29cc44069129)> (target TURBOFAN_JS), mode: ConcurrencyMode::kConcurrent]
[completed compiling 0x029c23f30f61 <JSFunction (sfi = 0x29cc44069129)> (target TURBOFAN_JS) - took 0.042, 3.217, 0.029 ms]
[completed optimizing 0x029c23f30f61 <JSFunction (sfi = 0x29cc44069129)> (target TURBOFAN_JS)]
[compiling method 0x021af2ee0f79 <JSFunction (sfi = 0x30fbc83a589)> (target MAGLEV), mode: ConcurrencyMode::kConcurrent]
[completed compiling 0x021af2ee0f79 <JSFunction (sfi = 0x30fbc83a589)> (target MAGLEV) - took 0.001, 1.491, 0.011 ms]
[57757:0xd52a000]    19677 ms: Scavenge 42.0 (58.8) -> 25.2 (57.9) MB, pooled: 0 MB, 1.96 / 0.01 ms  (average mu = 0.996, current mu = 0.996) allocation failure; 
[bailout (kind: deopt-eager, reason: Insufficient type feedback for generic named access): begin. deoptimizing 0x2232ee28a1f9 <JSFunction benchmark (sfi = 0x29cc440688b9)>, 0x16edd3bf8121 <Code TURBOFAN_JS>, opt id 323, bytecode offset 254, deopt exit 3, FP to SP delta 328, caller SP 0x7fffb599b420, pc 0x7f6bac32dc02]
[bailout (kind: deopt-eager, reason: Insufficient type feedback for call): begin. deoptimizing 0x2232ee28a1f9 <JSFunction benchmark (sfi = 0x29cc440688b9)>, 0x16edd3bf93a9 <Code TURBOFAN_JS>, opt id 327, bytecode offset 511, deopt exit 7, FP to SP delta 368, caller SP 0x7fffb599b420, pc 0x7f6bac32e79c]
[marking 0x2232ee28a1f9 <JSFunction benchmark (sfi = 0x29cc440688b9)> for optimization to TURBOFAN_JS, ConcurrencyMode::kConcurrent, reason: hot and stable]
[compiling method 0x1b69abd9f361 <JSFunction (sfi = 0x30fbc83a5d1)> (target TURBOFAN_JS), mode: ConcurrencyMode::kConcurrent]
[completed compiling 0x1b69abd9f361 <JSFunction (sfi = 0x30fbc83a5d1)> (target TURBOFAN_JS) - took 0.012, 3.336, 0.887 ms]
[completed optimizing 0x1b69abd9f361 <JSFunction (sfi = 0x30fbc83a5d1)> (target TURBOFAN_JS)]
[bailout (kind: deopt-eager, reason: Insufficient type feedback for object literal): begin. deoptimizing 0x2232ee28a1f9 <JSFunction benchmark (sfi = 0x29cc440688b9)>, 0x2e738c5ceb81 <Code MAGLEV>, opt id 329, bytecode offset 617, deopt exit 22, FP to SP delta 280, caller SP 0x7fffb599b420, pc 0x7f6bac3e2389]
{"name":"latency-every-observed-check-under-005ms","cases":10000,"passed":9975,"seed":2,"command":"node tests/run.mjs","calls":10000,"meanMs":0.0015884201000000758,"p50Ms":0.0005920000003243331,"p99Ms":0.005251000002317596,"maxMs":0.9301899999991292,"over005Ms":25,"outliers":[{"index":694,"input":"silver","timeMs":0.0739529999991646},{"index":983,"input":"fehr","timeMs":0.18056799999976647},{"index":984,"input":"jacquez","timeMs":0.05601799999931245},{"index":1047,"input":"libby","timeMs":0.7176550000003772},{"index":1697,"input":"ց@@ϝ","timeMs":0.7724469999993744},{"index":1793,"input":"κппп́uúρρ́ʂʂʂ","timeMs":0.9198290000022098},{"index":1881,"input":"ａ$ｓηＯ13","timeMs":0.07515100000091479},{"index":1909,"input":"signature","timeMs":0.07896600000094622},{"index":2108,"input":"plotkin","timeMs":0.9301899999991292},{"index":2209,"input":"++.0​һ5_м υυυ​с","timeMs":0.07156399999803398},{"index":2306,"input":"ոոո​ιι 999ցց​@@ ","timeMs":0.10814899999968475},{"index":2937,"input":"tickle","timeMs":0.09359800000311225},{"index":2938,"input":"mccart","timeMs":0.19899599999916973},{"index":3115,"input":"butcher","timeMs":0.08251699999891571},{"index":3371,"input":"michalak","timeMs":0.09582600000067032},{"index":3658,"input":"finnie","timeMs":0.05761799999891082},{"index":4123,"input":"poisson","timeMs":0.19083999999929802},{"index":4223,"input":"_χχχE​$$$","timeMs":0.08357899999828078},{"index":4493,"input":"draeger","timeMs":0.07885600000008708},{"index":6746,"input":"pastore","timeMs":0.10925000000133878},{"index":7323,"input":"bbbOOJ ԝօ​111ь","timeMs":0.08603399999992689},{"index":8870,"input":"ԁ.Rααα_T_еее ᴦ","timeMs":0.20983799999885377},{"index":8926,"input":"-yy​Sѕѕѕυυυp","timeMs":0.1773009999997157},{"index":9011,"input":"stripling","timeMs":0.10793800000101328},{"index":9135,"input":"hickok","timeMs":0.17875499999718159}],"measurementStartMs":19879.114046,"measurementEndMs":19894.998247,"sink":93467}
[marking 0x0862ee2c7691 <JSFunction isInt32 (sfi = 0x3eb518e1ac69)> for optimization to MAGLEV, ConcurrencyMode::kConcurrent, reason: hot and stable]
[compiling method 0x0862ee2c7691 <JSFunction isInt32 (sfi = 0x3eb518e1ac69)> (target MAGLEV), mode: ConcurrencyMode::kConcurrent]
[marking 0x0862ee2d87b1 <JSFunction (sfi = 0x3eb518e1b311)> for optimization to MAGLEV, ConcurrencyMode::kConcurrent, reason: hot and stable]
[marking 0x3a7d558c7579 <JSFunction parseFileMode (sfi = 0x3eb518e1b0d1)> for optimization to MAGLEV, ConcurrencyMode::kConcurrent, reason: hot and stable]
[compiling method 0x3a7d558c7579 <JSFunction parseFileMode (sfi = 0x3eb518e1b0d1)> (target MAGLEV), mode: ConcurrencyMode::kConcurrent]
[compiling method 0x0862ee2d87b1 <JSFunction (sfi = 0x3eb518e1b311)> (target MAGLEV), mode: ConcurrencyMode::kConcurrent]
[completed compiling 0x0862ee2c7691 <JSFunction isInt32 (sfi = 0x3eb518e1ac69)> (target MAGLEV) - took 0.001, 0.249, 0.001 ms]
[marking 0x3a7d558faaa9 <JSFunction getCLIOptionsFromBinding (sfi = 0x3eb518e22059)> for optimization to MAGLEV, ConcurrencyMode::kConcurrent, reason: hot and stable]
[compiling method 0x3a7d558faaa9 <JSFunction getCLIOptionsFromBinding (sfi = 0x3eb518e22059)> (target MAGLEV), mode: ConcurrencyMode::kConcurrent]
[marking 0x29cc44041919 <JSFunction (sfi = 0x3eb518e1b561)> for optimization to MAGLEV, ConcurrencyMode::kConcurrent, reason: hot and stable]
[completed compiling 0x3a7d558c7579 <JSFunction parseFileMode (sfi = 0x3eb518e1b0d1)> (target MAGLEV) - took 0.000, 0.210, 0.002 ms]
[marking 0x3a7d558e1e09 <JSFunction allocUnsafe (sfi = 0x3eb518e37931)> for optimization to MAGLEV, ConcurrencyMode::kConcurrent, reason: hot and stable]
[completed compiling 0x0862ee2d87b1 <JSFunction (sfi = 0x3eb518e1b311)> (target MAGLEV) - took 0.000, 0.225, 0.005 ms]
[completed compiling 0x3a7d558faaa9 <JSFunction getCLIOptionsFromBinding (sfi = 0x3eb518e22059)> (target MAGLEV) - took 0.000, 0.059, 0.000 ms]
[compiling method 0x3a7d558e1e09 <JSFunction allocUnsafe (sfi = 0x3eb518e37931)> (target MAGLEV), mode: ConcurrencyMode::kConcurrent]
[compiling method 0x29cc44041919 <JSFunction (sfi = 0x3eb518e1b561)> (target MAGLEV), mode: ConcurrencyMode::kConcurrent]
[completed compiling 0x29cc44041919 <JSFunction (sfi = 0x3eb518e1b561)> (target MAGLEV) - took 0.000, 0.547, 0.006 ms]
[completed compiling 0x3a7d558e1e09 <JSFunction allocUnsafe (sfi = 0x3eb518e37931)> (target MAGLEV) - took 0.001, 1.953, 0.003 ms]
[marking 0x3a7d558e1421 <JSFunction (sfi = 0x3eb518e1bdd1)> for optimization to MAGLEV, ConcurrencyMode::kConcurrent, reason: hot and stable]
[marking 0x0862ee2e5151 <JSFunction (sfi = 0x6cdfbdb5ac1)> for optimization to MAGLEV, ConcurrencyMode::kConcurrent, reason: hot and stable]
[compiling method 0x3a7d558e1421 <JSFunction (sfi = 0x3eb518e1bdd1)> (target MAGLEV), mode: ConcurrencyMode::kConcurrent]
[compiling method 0x0862ee2e5151 <JSFunction (sfi = 0x6cdfbdb5ac1)> (target MAGLEV), mode: ConcurrencyMode::kConcurrent]
[completed compiling 0x3a7d558e1421 <JSFunction (sfi = 0x3eb518e1bdd1)> (target MAGLEV) - took 0.001, 0.111, 0.005 ms]
[completed compiling 0x0862ee2e5151 <JSFunction (sfi = 0x6cdfbdb5ac1)> (target MAGLEV) - took 0.001, 0.250, 0.002 ms]
[marking 0x0862ee2e4f81 <JSFunction (sfi = 0x6cdfbdb5c51)> for optimization to MAGLEV, ConcurrencyMode::kConcurrent, reason: hot and stable]
[compiling method 0x0862ee2e4f81 <JSFunction (sfi = 0x6cdfbdb5c51)> (target MAGLEV), mode: ConcurrencyMode::kConcurrent]
[completed compiling 0x0862ee2e4f81 <JSFunction (sfi = 0x6cdfbdb5c51)> (target MAGLEV) - took 0.000, 0.172, 0.005 ms]
[marking 0x0862ee2c7b71 <JSFunction isFileType (sfi = 0x6cdfbda3f81)> for optimization to MAGLEV, ConcurrencyMode::kConcurrent, reason: hot and stable]
[compiling method 0x0862ee2c7b71 <JSFunction isFileType (sfi = 0x6cdfbda3f81)> (target MAGLEV), mode: ConcurrencyMode::kConcurrent]
[completed compiling 0x0862ee2c7b71 <JSFunction isFileType (sfi = 0x6cdfbda3f81)> (target MAGLEV) - took 0.000, 0.248, 0.005 ms]
[marking 0x0862ee2ec061 <JSFunction openSync (sfi = 0x6cdfbda52c1)> for optimization to MAGLEV, ConcurrencyMode::kConcurrent, reason: hot and stable]
[marking 0x0862ee2c7cd1 <JSFunction tryStatSync (sfi = 0x6cdfbda4ad9)> for optimization to MAGLEV, ConcurrencyMode::kConcurrent, reason: hot and stable]
[marking 0x0862ee2c7d29 <JSFunction tryCreateBuffer (sfi = 0x6cdfbda4b99)> for optimization to MAGLEV, ConcurrencyMode::kConcurrent, reason: hot and stable]
[marking 0x0862ee2e9231 <JSFunction readSync (sfi = 0x6cdfbda5701)> for optimization to MAGLEV, ConcurrencyMode::kConcurrent, reason: hot and stable]
[marking 0x0862ee2c7dd9 <JSFunction tryReadSync (sfi = 0x6cdfbda4d19)> for optimization to MAGLEV, ConcurrencyMode::kConcurrent, reason: hot and stable]
[marking 0x0862ee2ea8c1 <JSFunction closeSync (sfi = 0x6cdfbda5139)> for optimization to MAGLEV, ConcurrencyMode::kConcurrent, reason: hot and stable]
[compiling method 0x0862ee2ec061 <JSFunction openSync (sfi = 0x6cdfbda52c1)> (target MAGLEV), mode: ConcurrencyMode::kConcurrent]
[compiling method 0x0862ee2c7cd1 <JSFunction tryStatSync (sfi = 0x6cdfbda4ad9)> (target MAGLEV), mode: ConcurrencyMode::kConcurrent]
[compiling method 0x0862ee2c7d29 <JSFunction tryCreateBuffer (sfi = 0x6cdfbda4b99)> (target MAGLEV), mode: ConcurrencyMode::kConcurrent]
[completed compiling 0x0862ee2ec061 <JSFunction openSync (sfi = 0x6cdfbda52c1)> (target MAGLEV) - took 0.000, 0.293, 0.008 ms]
[completed compiling 0x0862ee2c7cd1 <JSFunction tryStatSync (sfi = 0x6cdfbda4ad9)> (target MAGLEV) - took 0.000, 0.066, 0.003 ms]
[compiling method 0x0862ee2c7dd9 <JSFunction tryReadSync (sfi = 0x6cdfbda4d19)> (target MAGLEV), mode: ConcurrencyMode::kConcurrent]
[compiling method 0x0862ee2e9231 <JSFunction readSync (sfi = 0x6cdfbda5701)> (target MAGLEV), mode: ConcurrencyMode::kConcurrent]
[compiling method 0x0862ee2ea8c1 <JSFunction closeSync (sfi = 0x6cdfbda5139)> (target MAGLEV), mode: ConcurrencyMode::kConcurrent]
[completed compiling 0x0862ee2c7d29 <JSFunction tryCreateBuffer (sfi = 0x6cdfbda4b99)> (target MAGLEV) - took 0.000, 3.562, 0.008 ms]
[completed compiling 0x0862ee2c7dd9 <JSFunction tryReadSync (sfi = 0x6cdfbda4d19)> (target MAGLEV) - took 0.002, 0.098, 0.003 ms]
[completed compiling 0x0862ee2e9231 <JSFunction readSync (sfi = 0x6cdfbda5701)> (target MAGLEV) - took 0.000, 0.476, 0.020 ms]
[completed compiling 0x0862ee2ea8c1 <JSFunction closeSync (sfi = 0x6cdfbda5139)> (target MAGLEV) - took 0.000, 0.115, 0.003 ms]
{"name":"delivery-file-size-and-checksums","cases":2,"passed":1,"seed":3,"command":"node tests/run.mjs","files":68,"checked":45,"failures":["Manifest must include every delivery source/document file in canonical order."],"rootManifestPresent":true,"maxFileBytes":687375}
{"name":"immutable-return-values","cases":3,"passed":3,"seed":3,"command":"node tests/run.mjs"}
{"name":"policy-copy-consistency-and-no-duplicate-terms","cases":3,"passed":3,"seed":3,"command":"node tests/run.mjs"}
[marking 0x1736f27067e9 <JSFunction validateArgumentNullCheck (sfi = 0x17ffee827369)> for optimization to MAGLEV, ConcurrencyMode::kConcurrent, reason: hot and stable]
[compiling method 0x1736f27067e9 <JSFunction validateArgumentNullCheck (sfi = 0x17ffee827369)> (target MAGLEV), mode: ConcurrencyMode::kConcurrent]
[completed compiling 0x1736f27067e9 <JSFunction validateArgumentNullCheck (sfi = 0x17ffee827369)> (target MAGLEV) - took 0.000, 0.492, 0.012 ms]
{"name":"strict-TypeScript","cases":1,"passed":1,"seed":3,"command":"tsc -p tsconfig.json --noEmit","output":""}
[compiling method 0x2232ee28a2b9 <JSFunction makeObfuscations (sfi = 0x29cc440687e1)> (target TURBOFAN_JS), mode: ConcurrencyMode::kConcurrent]
[completed compiling 0x2232ee28a2b9 <JSFunction makeObfuscations (sfi = 0x29cc440687e1)> (target TURBOFAN_JS) - took 0.015, 2.484, 0.030 ms]
[completed optimizing 0x2232ee28a2b9 <JSFunction makeObfuscations (sfi = 0x29cc440687e1)> (target TURBOFAN_JS)]
[57757:0xd52a000]    21167 ms: Scavenge 41.4 (58.1) -> 25.7 (58.9) MB, pooled: 0 MB, 1.52 / 0.10 ms  (average mu = 0.996, current mu = 0.996) allocation failure; 
[bailout (kind: deopt-eager, reason: Insufficient type feedback for binary operation): begin. deoptimizing 0x2232ee28a2b9 <JSFunction makeObfuscations (sfi = 0x29cc440687e1)>, 0x32bd81b1b1f9 <Code TURBOFAN_JS>, opt id 385, bytecode offset 10, deopt exit 1, FP to SP delta 32, caller SP 0x7fffb599b420, pc 0x7f6bac33bc7b]
[compiling method 0x2232ee28a2b9 <JSFunction makeObfuscations (sfi = 0x29cc440687e1)> (target MAGLEV) OSR, mode: ConcurrencyMode::kConcurrent]
[completed compiling 0x2232ee28a2b9 <JSFunction makeObfuscations (sfi = 0x29cc440687e1)> (target MAGLEV) OSR - took 0.001, 0.898, 0.024 ms]
{"name":"generator-byte-identical-replay-and-coverage","cases":2,"passed":2,"seed":3,"command":"node tests/run.mjs"}
[marking 0x1c017e1bb771 <JSFunction (sfi = 0x29cc44068e59)> for optimization to MAGLEV, ConcurrencyMode::kConcurrent, reason: hot and stable]
[compiling method 0x1c017e1bb771 <JSFunction (sfi = 0x29cc44068e59)> (target MAGLEV), mode: ConcurrencyMode::kConcurrent]
[completed compiling 0x1c017e1bb771 <JSFunction (sfi = 0x29cc44068e59)> (target MAGLEV) - took 0.000, 0.121, 0.012 ms]
{"name":"handwritten-format-and-Scunthorpe","cases":459,"passed":459,"seed":3,"command":"node tests/run.mjs","errors":[]}
{"name":"exhaustive-declared-single-glyph-substitution","cases":1371,"passed":1371,"seed":3,"command":"node tests/run.mjs","errors":[]}
{"name":"precompiled-Unicode-policy-context-differential","cases":1296,"passed":1296,"seed":3,"command":"node tests/run.mjs","errors":[]}
[57757:0xd52a000]    21255 ms: Scavenge 47.4 (64.3) -> 26.5 (58.9) MB, pooled: 0 MB, 1.23 / 0.00 ms  (average mu = 0.996, current mu = 0.996) allocation failure; 
{"name":"generated-obfuscations","cases":5000,"passed":5000,"seed":3,"command":"node tests/run.mjs","misses":0,"errors":[],"coverage":{"anal":87,"anus":87,"arsehole":65,"asshole":78,"bastard":76,"bitch":87,"blowjob":77,"bollocks":76,"boner":87,"boob":87,"boobs":87,"bukkake":79,"chink":87,"clit":87,"cock":87,"coon":87,"cunt":87,"cum":87,"cumshot":79,"dick":87,"dildo":87,"douche":85,"dyke":87,"fag":86,"faggot":87,"fellatio":66,"fuck":86,"gook":87,"handjob":83,"hentai":86,"jizz":87,"kike":86,"masturbate":37,"nigga":87,"nigger":85,"orgasm":86,"pedophile":55,"penis":87,"porn":87,"pussy":87,"rape":86,"retard":85,"rimjob":86,"semen":87,"sex":87,"shemale":78,"slut":87,"spic":87,"spunk":87,"testicle":69,"tits":87,"titties":84,"titty":85,"tranny":85,"twat":86,"vagina":85,"wank":86,"wetback":77,"whore":86,"masturbation":22,"motherfucker":22,"paedophile":37,"ejaculation":34},"attempts":5474}
{"name":"names-count-and-uniqueness","cases":2,"passed":2,"seed":3,"command":"node tests/run.mjs","rows":20000,"unique":20000}
[marking 0x01325f3ef5e9 <JSFunction (sfi = 0x29cc44067da1)> for optimization to MAGLEV, ConcurrencyMode::kConcurrent, reason: hot and stable]
[compiling method 0x01325f3ef5e9 <JSFunction (sfi = 0x29cc44067da1)> (target MAGLEV) OSR, mode: ConcurrencyMode::kConcurrent]
[completed compiling 0x01325f3ef5e9 <JSFunction (sfi = 0x29cc44067da1)> (target MAGLEV) OSR - took 0.001, 7.519, 0.166 ms]
{"name":"names-reviewed-corpus-policy","cases":20000,"passed":20000,"seed":3,"command":"node tests/run.mjs","accepted":19989,"rejected":11,"reviewed":11,"unexpected":0,"stale":0,"zeroRejections":false}
{"name":"names-reviewed-baseline-no-stale-entries","cases":1,"passed":1,"seed":3,"command":"node tests/run.mjs"}
[bailout (kind: deopt-eager, reason: exit from OSR'd inner loop): begin. deoptimizing 0x01325f3ef5e9 <JSFunction (sfi = 0x29cc44067da1)>, 0x32bd81b23531 <Code MAGLEV>, opt id 388, bytecode offset 6347, deopt exit 172, FP to SP delta 1024, caller SP 0x7fffb599b838, pc 0x7f6bac4a2e45]
{"name":"words-count-and-uniqueness","cases":2,"passed":2,"seed":3,"command":"node tests/run.mjs","rows":10000,"unique":10000}
[compiling method 0x01325f3ef5e9 <JSFunction (sfi = 0x29cc44067da1)> (target TURBOFAN_JS) OSR, mode: ConcurrencyMode::kConcurrent]
{"name":"words-reviewed-corpus-policy","cases":10000,"passed":10000,"seed":3,"command":"node tests/run.mjs","accepted":9951,"rejected":49,"reviewed":49,"unexpected":0,"stale":0,"zeroRejections":false}
{"name":"words-reviewed-baseline-no-stale-entries","cases":1,"passed":1,"seed":3,"command":"node tests/run.mjs"}
[bailout (kind: deopt-eager, reason: exit from OSR'd inner loop): begin. deoptimizing 0x01325f3ef5e9 <JSFunction (sfi = 0x29cc44067da1)>, 0x32bd81b23531 <Code MAGLEV>, opt id 388, bytecode offset 6347, deopt exit 172, FP to SP delta 1024, caller SP 0x7fffb599b838, pc 0x7f6bac4a2e45]
{"name":"places-count-and-uniqueness","cases":2,"passed":2,"seed":3,"command":"node tests/run.mjs","rows":2000,"unique":2000}
{"name":"places-reviewed-corpus-policy","cases":2000,"passed":2000,"seed":3,"command":"node tests/run.mjs","accepted":1943,"rejected":57,"reviewed":57,"unexpected":0,"stale":0,"zeroRejections":false}
{"name":"places-reviewed-baseline-no-stale-entries","cases":1,"passed":1,"seed":3,"command":"node tests/run.mjs"}
[bailout (kind: deopt-eager, reason: exit from OSR'd inner loop): begin. deoptimizing 0x01325f3ef5e9 <JSFunction (sfi = 0x29cc44067da1)>, 0x32bd81b23531 <Code MAGLEV>, opt id 388, bytecode offset 6347, deopt exit 172, FP to SP delta 1024, caller SP 0x7fffb599b838, pc 0x7f6bac4a2e45]
[bailout (kind: deopt-eager, reason: wrong call target): begin. deoptimizing 0x3b4c6494a6e9 <JSFunction (sfi = 0x1ebf75139189)>, 0x2e738c5d83b9 <Code TURBOFAN_JS>, opt id 351, bytecode offset 5, deopt exit 13, FP to SP delta 104, caller SP 0x7fffb599b2f0, pc 0x7f6bac335592]
[marking 0x3b4c6494a6e9 <JSFunction (sfi = 0x1ebf75139189)> for optimization to MAGLEV, ConcurrencyMode::kConcurrent, reason: hot and stable]
[compiling method 0x3b4c6494a6e9 <JSFunction (sfi = 0x1ebf75139189)> (target MAGLEV), mode: ConcurrencyMode::kConcurrent]
[completed compiling 0x3b4c6494a6e9 <JSFunction (sfi = 0x1ebf75139189)> (target MAGLEV) - took 0.000, 0.501, 0.017 ms]
[57757:0xd52a000]    21377 ms: Scavenge 45.0 (61.6) -> 28.3 (60.4) MB, pooled: 0 MB, 3.13 / 0.00 ms  (average mu = 0.996, current mu = 0.996) allocation failure; 
[57757:0xd52a000]    21405 ms: Scavenge 43.4 (60.4) -> 28.3 (61.1) MB, pooled: 0 MB, 1.88 / 0.00 ms  (average mu = 0.996, current mu = 0.996) allocation failure; 
[57757:0xd52a000]    21434 ms: Scavenge 44.4 (61.1) -> 28.4 (61.1) MB, pooled: 0 MB, 0.51 / 0.00 ms  (average mu = 0.996, current mu = 0.996) allocation failure; 
[57757:0xd52a000]    21458 ms: Scavenge 44.4 (61.1) -> 28.5 (61.1) MB, pooled: 0 MB, 0.62 / 0.00 ms  (average mu = 0.996, current mu = 0.996) allocation failure; 
[marking 0x1f323d9529d1 <JSFunction (sfi = 0x1ebf75139189)> for optimization to TURBOFAN_JS, ConcurrencyMode::kConcurrent, reason: hot and stable]
[compiling method 0x1f323d9529d1 <JSFunction (sfi = 0x1ebf75139189)> (target TURBOFAN_JS), mode: ConcurrencyMode::kConcurrent]
[completed compiling 0x1f323d9529d1 <JSFunction (sfi = 0x1ebf75139189)> (target TURBOFAN_JS) - took 0.011, 5.944, 0.052 ms]
[completed optimizing 0x1f323d9529d1 <JSFunction (sfi = 0x1ebf75139189)> (target TURBOFAN_JS)]
[57757:0xd52a000]    21490 ms: Scavenge 44.5 (61.1) -> 28.5 (61.1) MB, pooled: 0 MB, 0.37 / 0.00 ms  (average mu = 0.996, current mu = 0.996) allocation failure; 
[57757:0xd52a000]    21509 ms: Scavenge 44.5 (61.1) -> 28.6 (61.1) MB, pooled: 0 MB, 0.34 / 0.00 ms  (average mu = 0.996, current mu = 0.996) allocation failure; 
[57757:0xd52a000]    21527 ms: Scavenge 44.6 (61.1) -> 28.7 (61.1) MB, pooled: 0 MB, 0.37 / 0.00 ms  (average mu = 0.996, current mu = 0.996) allocation failure; 
[57757:0xd52a000]    21543 ms: Scavenge 46.6 (63.1) -> 29.2 (61.6) MB, pooled: 0 MB, 0.63 / 0.00 ms  (average mu = 0.996, current mu = 0.996) allocation failure; 
[57757:0xd52a000]    21554 ms: Scavenge 45.2 (61.6) -> 29.2 (61.6) MB, pooled: 0 MB, 0.23 / 0.00 ms  (average mu = 0.996, current mu = 0.996) allocation failure; 
[57757:0xd52a000]    21565 ms: Scavenge 45.2 (61.6) -> 29.2 (61.6) MB, pooled: 0 MB, 0.14 / 0.00 ms  (average mu = 0.996, current mu = 0.996) allocation failure; 
[57757:0xd52a000]    21584 ms: Scavenge 45.2 (61.6) -> 29.2 (61.6) MB, pooled: 0 MB, 0.14 / 0.00 ms  (average mu = 0.996, current mu = 0.996) allocation failure; 
[completed compiling 0x01325f3ef5e9 <JSFunction (sfi = 0x29cc44067da1)> (target TURBOFAN_JS) OSR - took 0.008, 267.039, 0.455 ms]
[completed optimizing 0x01325f3ef5e9 <JSFunction (sfi = 0x29cc44067da1)> (target TURBOFAN_JS) OSR]
[57757:0xd52a000]    21611 ms: Scavenge 45.4 (61.8) -> 29.4 (61.8) MB, pooled: 0 MB, 0.18 / 0.00 ms  (average mu = 0.996, current mu = 0.996) allocation failure; 
[57757:0xd52a000]    21637 ms: Scavenge 45.4 (61.8) -> 29.4 (61.8) MB, pooled: 0 MB, 0.21 / 0.00 ms  (average mu = 0.996, current mu = 0.996) allocation failure; 
[57757:0xd52a000]    21662 ms: Scavenge 45.4 (61.8) -> 29.4 (61.8) MB, pooled: 0 MB, 0.13 / 0.00 ms  (average mu = 0.996, current mu = 0.996) allocation failure; 
[57757:0xd52a000]    21691 ms: Scavenge 45.4 (61.8) -> 29.4 (61.8) MB, pooled: 0 MB, 0.67 / 0.00 ms  (average mu = 0.996, current mu = 0.996) allocation failure; 
[57757:0xd52a000]    21716 ms: Scavenge 45.4 (61.8) -> 29.4 (61.8) MB, pooled: 0 MB, 0.12 / 0.00 ms  (average mu = 0.996, current mu = 0.996) allocation failure; 
[57757:0xd52a000]    21740 ms: Scavenge 45.4 (61.8) -> 29.4 (61.8) MB, pooled: 0 MB, 0.12 / 0.00 ms  (average mu = 0.996, current mu = 0.996) allocation failure; 
[57757:0xd52a000]    21758 ms: Scavenge 45.4 (61.8) -> 29.4 (61.8) MB, pooled: 0 MB, 0.12 / 0.00 ms  (average mu = 0.996, current mu = 0.996) allocation failure; 
[57757:0xd52a000]    21783 ms: Scavenge 45.4 (61.8) -> 29.4 (61.8) MB, pooled: 0 MB, 0.12 / 0.00 ms  (average mu = 0.996, current mu = 0.996) allocation failure; 
[57757:0xd52a000]    21807 ms: Scavenge 45.4 (61.8) -> 29.4 (61.8) MB, pooled: 0 MB, 0.12 / 0.00 ms  (average mu = 0.996, current mu = 0.996) allocation failure; 
[57757:0xd52a000]    21840 ms: Scavenge 45.4 (61.8) -> 29.4 (61.8) MB, pooled: 0 MB, 0.16 / 0.00 ms  (average mu = 0.996, current mu = 0.996) allocation failure; 
[57757:0xd52a000]    21877 ms: Scavenge 45.4 (61.8) -> 29.4 (61.8) MB, pooled: 0 MB, 0.13 / 0.00 ms  (average mu = 0.996, current mu = 0.996) allocation failure; 
[57757:0xd52a000]    21913 ms: Scavenge 45.4 (61.8) -> 29.4 (61.8) MB, pooled: 0 MB, 0.13 / 0.00 ms  (average mu = 0.996, current mu = 0.996) allocation failure; 
[57757:0xd52a000]    21938 ms: Scavenge 45.4 (61.8) -> 29.4 (61.8) MB, pooled: 0 MB, 0.24 / 0.00 ms  (average mu = 0.996, current mu = 0.996) allocation failure; 
[57757:0xd52a000]    21961 ms: Scavenge 45.4 (61.8) -> 29.4 (61.8) MB, pooled: 0 MB, 0.12 / 0.00 ms  (average mu = 0.996, current mu = 0.996) allocation failure; 
[57757:0xd52a000]    21989 ms: Scavenge 45.4 (61.8) -> 29.4 (61.8) MB, pooled: 0 MB, 0.12 / 0.00 ms  (average mu = 0.996, current mu = 0.996) allocation failure; 
[57757:0xd52a000]    22010 ms: Scavenge 45.4 (61.8) -> 29.4 (61.8) MB, pooled: 0 MB, 0.15 / 0.00 ms  (average mu = 0.996, current mu = 0.996) allocation failure; 
[57757:0xd52a000]    22026 ms: Scavenge 45.4 (61.8) -> 29.4 (61.8) MB, pooled: 0 MB, 0.16 / 0.00 ms  (average mu = 0.996, current mu = 0.996) allocation failure; 
[57757:0xd52a000]    22042 ms: Scavenge 45.4 (61.8) -> 29.4 (61.8) MB, pooled: 0 MB, 0.21 / 0.00 ms  (average mu = 0.996, current mu = 0.996) allocation failure; 
[57757:0xd52a000]    22058 ms: Scavenge 45.4 (61.8) -> 29.4 (61.8) MB, pooled: 0 MB, 0.12 / 0.00 ms  (average mu = 0.996, current mu = 0.996) allocation failure; 
[57757:0xd52a000]    22075 ms: Scavenge 45.4 (61.8) -> 29.4 (61.8) MB, pooled: 0 MB, 0.13 / 0.00 ms  (average mu = 0.996, current mu = 0.996) allocation failure; 
[57757:0xd52a000]    22093 ms: Scavenge 45.4 (61.8) -> 29.4 (61.8) MB, pooled: 0 MB, 0.15 / 0.00 ms  (average mu = 0.996, current mu = 0.996) allocation failure; 
[57757:0xd52a000]    22109 ms: Scavenge 45.4 (61.8) -> 29.4 (61.8) MB, pooled: 0 MB, 0.12 / 0.00 ms  (average mu = 0.996, current mu = 0.996) allocation failure; 
[57757:0xd52a000]    22126 ms: Scavenge 45.4 (61.8) -> 29.4 (61.8) MB, pooled: 0 MB, 0.12 / 0.00 ms  (average mu = 0.996, current mu = 0.996) allocation failure; 
[57757:0xd52a000]    22146 ms: Scavenge 45.4 (61.8) -> 29.4 (61.8) MB, pooled: 0 MB, 0.22 / 0.00 ms  (average mu = 0.996, current mu = 0.996) allocation failure; 
[57757:0xd52a000]    22169 ms: Scavenge 45.4 (61.8) -> 29.4 (61.8) MB, pooled: 0 MB, 0.13 / 0.00 ms  (average mu = 0.996, current mu = 0.996) allocation failure; 
[57757:0xd52a000]    22195 ms: Scavenge 45.4 (61.8) -> 29.4 (61.8) MB, pooled: 0 MB, 0.13 / 0.00 ms  (average mu = 0.996, current mu = 0.996) allocation failure; 
[57757:0xd52a000]    22219 ms: Scavenge 45.4 (61.8) -> 29.4 (61.8) MB, pooled: 0 MB, 0.13 / 0.00 ms  (average mu = 0.996, current mu = 0.996) allocation failure; 
[57757:0xd52a000]    22247 ms: Scavenge 45.4 (61.8) -> 29.4 (61.8) MB, pooled: 0 MB, 0.13 / 0.00 ms  (average mu = 0.996, current mu = 0.996) allocation failure; 
[57757:0xd52a000]    22264 ms: Scavenge 45.4 (61.8) -> 29.4 (61.8) MB, pooled: 0 MB, 0.12 / 0.00 ms  (average mu = 0.996, current mu = 0.996) allocation failure; 
[57757:0xd52a000]    22283 ms: Scavenge 45.4 (61.8) -> 29.4 (61.8) MB, pooled: 0 MB, 0.12 / 0.00 ms  (average mu = 0.996, current mu = 0.996) allocation failure; 
[57757:0xd52a000]    22304 ms: Scavenge 45.4 (61.8) -> 29.4 (61.8) MB, pooled: 0 MB, 0.44 / 0.00 ms  (average mu = 0.996, current mu = 0.996) allocation failure; 
[57757:0xd52a000]    22328 ms: Scavenge 45.4 (61.8) -> 29.4 (61.8) MB, pooled: 0 MB, 0.25 / 0.00 ms  (average mu = 0.996, current mu = 0.996) allocation failure; 
[57757:0xd52a000]    22347 ms: Scavenge 45.4 (61.8) -> 29.4 (61.8) MB, pooled: 0 MB, 0.12 / 0.00 ms  (average mu = 0.996, current mu = 0.996) allocation failure; 
[57757:0xd52a000]    22366 ms: Scavenge 45.4 (61.8) -> 29.4 (61.8) MB, pooled: 0 MB, 0.15 / 0.00 ms  (average mu = 0.996, current mu = 0.996) allocation failure; 
[57757:0xd52a000]    22385 ms: Scavenge 45.4 (61.8) -> 29.4 (61.8) MB, pooled: 0 MB, 0.14 / 0.00 ms  (average mu = 0.996, current mu = 0.996) allocation failure; 
[57757:0xd52a000]    22405 ms: Scavenge 45.4 (61.8) -> 29.4 (61.8) MB, pooled: 0 MB, 0.11 / 0.00 ms  (average mu = 0.996, current mu = 0.996) allocation failure; 
[57757:0xd52a000]    22425 ms: Scavenge 45.4 (61.8) -> 29.4 (61.8) MB, pooled: 0 MB, 0.20 / 0.00 ms  (average mu = 0.996, current mu = 0.996) allocation failure; 
[57757:0xd52a000]    22446 ms: Scavenge 45.4 (61.8) -> 29.4 (61.8) MB, pooled: 0 MB, 0.13 / 0.00 ms  (average mu = 0.996, current mu = 0.996) allocation failure; 
[57757:0xd52a000]    22463 ms: Scavenge 45.4 (61.8) -> 29.4 (61.8) MB, pooled: 0 MB, 1.78 / 0.00 ms  (average mu = 0.996, current mu = 0.996) allocation failure; 
[57757:0xd52a000]    22483 ms: Scavenge 45.4 (61.8) -> 29.4 (61.8) MB, pooled: 0 MB, 0.38 / 0.00 ms  (average mu = 0.996, current mu = 0.996) allocation failure; 
[57757:0xd52a000]    22504 ms: Scavenge 45.4 (61.8) -> 29.4 (61.8) MB, pooled: 0 MB, 0.91 / 0.00 ms  (average mu = 0.996, current mu = 0.996) allocation failure; 
[57757:0xd52a000]    22523 ms: Scavenge 45.4 (61.8) -> 29.4 (61.8) MB, pooled: 0 MB, 0.12 / 0.00 ms  (average mu = 0.996, current mu = 0.996) allocation failure; 
[57757:0xd52a000]    22541 ms: Scavenge 45.4 (61.8) -> 29.4 (61.8) MB, pooled: 0 MB, 0.12 / 0.00 ms  (average mu = 0.996, current mu = 0.996) allocation failure; 
[57757:0xd52a000]    22564 ms: Scavenge 45.4 (61.8) -> 29.4 (61.8) MB, pooled: 0 MB, 0.12 / 0.00 ms  (average mu = 0.996, current mu = 0.996) allocation failure; 
[57757:0xd52a000]    22584 ms: Scavenge 45.4 (61.8) -> 29.4 (61.8) MB, pooled: 0 MB, 0.12 / 0.00 ms  (average mu = 0.996, current mu = 0.996) allocation failure; 
[57757:0xd52a000]    22610 ms: Scavenge 45.4 (61.8) -> 29.4 (61.8) MB, pooled: 0 MB, 0.12 / 0.00 ms  (average mu = 0.996, current mu = 0.996) allocation failure; 
[57757:0xd52a000]    22637 ms: Scavenge 45.4 (61.8) -> 29.4 (61.8) MB, pooled: 0 MB, 0.12 / 0.00 ms  (average mu = 0.996, current mu = 0.996) allocation failure; 
[57757:0xd52a000]    22655 ms: Scavenge 45.4 (61.8) -> 29.4 (61.8) MB, pooled: 0 MB, 0.12 / 0.00 ms  (average mu = 0.996, current mu = 0.996) allocation failure; 
[57757:0xd52a000]    22685 ms: Scavenge 45.4 (61.8) -> 29.4 (61.8) MB, pooled: 0 MB, 0.12 / 0.00 ms  (average mu = 0.996, current mu = 0.996) allocation failure; 
[57757:0xd52a000]    22712 ms: Scavenge 45.4 (61.8) -> 29.4 (61.8) MB, pooled: 0 MB, 0.30 / 0.00 ms  (average mu = 0.996, current mu = 0.996) allocation failure; 
[57757:0xd52a000]    22742 ms: Scavenge 45.4 (61.8) -> 29.4 (61.8) MB, pooled: 0 MB, 0.12 / 0.00 ms  (average mu = 0.996, current mu = 0.996) allocation failure; 
[57757:0xd52a000]    22765 ms: Scavenge 45.4 (61.8) -> 29.4 (61.8) MB, pooled: 0 MB, 0.12 / 0.00 ms  (average mu = 0.996, current mu = 0.996) allocation failure; 
[57757:0xd52a000]    22798 ms: Scavenge 45.4 (61.8) -> 29.4 (61.8) MB, pooled: 0 MB, 0.16 / 0.00 ms  (average mu = 0.996, current mu = 0.996) allocation failure; 
[57757:0xd52a000]    22823 ms: Scavenge 45.4 (61.8) -> 29.4 (61.8) MB, pooled: 0 MB, 0.12 / 0.00 ms  (average mu = 0.996, current mu = 0.996) allocation failure; 
[57757:0xd52a000]    22841 ms: Scavenge 45.4 (61.8) -> 29.4 (61.8) MB, pooled: 0 MB, 0.23 / 0.00 ms  (average mu = 0.996, current mu = 0.996) allocation failure; 
[57757:0xd52a000]    22875 ms: Scavenge 45.4 (61.8) -> 29.4 (61.8) MB, pooled: 0 MB, 0.13 / 0.00 ms  (average mu = 0.996, current mu = 0.996) allocation failure; 
[57757:0xd52a000]    22896 ms: Scavenge 45.4 (61.8) -> 29.4 (61.8) MB, pooled: 0 MB, 0.14 / 0.00 ms  (average mu = 0.996, current mu = 0.996) allocation failure; 
[57757:0xd52a000]    22915 ms: Scavenge 45.4 (61.8) -> 29.4 (61.8) MB, pooled: 0 MB, 0.12 / 0.00 ms  (average mu = 0.996, current mu = 0.996) allocation failure; 
[57757:0xd52a000]    22939 ms: Scavenge 45.4 (61.8) -> 29.4 (61.8) MB, pooled: 0 MB, 0.12 / 0.00 ms  (average mu = 0.996, current mu = 0.996) allocation failure; 
[57757:0xd52a000]    22959 ms: Scavenge 45.4 (61.8) -> 29.4 (61.8) MB, pooled: 0 MB, 0.12 / 0.00 ms  (average mu = 0.996, current mu = 0.996) allocation failure; 
[57757:0xd52a000]    22978 ms: Scavenge 45.4 (61.8) -> 29.4 (61.8) MB, pooled: 0 MB, 0.12 / 0.00 ms  (average mu = 0.996, current mu = 0.996) allocation failure; 
[57757:0xd52a000]    23005 ms: Scavenge 45.4 (61.8) -> 29.4 (61.8) MB, pooled: 0 MB, 0.15 / 0.00 ms  (average mu = 0.996, current mu = 0.996) allocation failure; 
[57757:0xd52a000]    23024 ms: Scavenge 45.4 (61.8) -> 29.4 (61.8) MB, pooled: 0 MB, 0.13 / 0.00 ms  (average mu = 0.996, current mu = 0.996) allocation failure; 
[57757:0xd52a000]    23042 ms: Scavenge 45.4 (61.8) -> 29.4 (61.8) MB, pooled: 0 MB, 0.19 / 0.00 ms  (average mu = 0.996, current mu = 0.996) allocation failure; 
[57757:0xd52a000]    23060 ms: Scavenge 45.4 (61.8) -> 29.4 (61.8) MB, pooled: 0 MB, 0.13 / 0.00 ms  (average mu = 0.996, current mu = 0.996) allocation failure; 
[57757:0xd52a000]    23078 ms: Scavenge 45.4 (61.8) -> 29.4 (61.8) MB, pooled: 0 MB, 0.13 / 0.00 ms  (average mu = 0.996, current mu = 0.996) allocation failure; 
[57757:0xd52a000]    23099 ms: Scavenge 45.4 (61.8) -> 29.4 (61.8) MB, pooled: 0 MB, 0.35 / 0.00 ms  (average mu = 0.996, current mu = 0.996) allocation failure; 
[57757:0xd52a000]    23127 ms: Scavenge 45.4 (61.8) -> 29.4 (61.8) MB, pooled: 0 MB, 0.16 / 0.00 ms  (average mu = 0.996, current mu = 0.996) allocation failure; 
[57757:0xd52a000]    23146 ms: Scavenge 45.4 (61.8) -> 29.4 (61.8) MB, pooled: 0 MB, 0.12 / 0.00 ms  (average mu = 0.996, current mu = 0.996) allocation failure; 
[57757:0xd52a000]    23174 ms: Scavenge 45.4 (61.8) -> 29.4 (61.8) MB, pooled: 0 MB, 0.16 / 0.00 ms  (average mu = 0.996, current mu = 0.996) allocation failure; 
[57757:0xd52a000]    23215 ms: Scavenge 45.4 (61.8) -> 29.4 (61.8) MB, pooled: 0 MB, 0.55 / 0.00 ms  (average mu = 0.996, current mu = 0.996) allocation failure; 
[57757:0xd52a000]    23259 ms: Scavenge 45.4 (61.8) -> 29.4 (61.8) MB, pooled: 0 MB, 0.14 / 0.00 ms  (average mu = 0.996, current mu = 0.996) allocation failure; 
[57757:0xd52a000]    23295 ms: Scavenge 45.4 (61.8) -> 29.4 (61.8) MB, pooled: 0 MB, 0.41 / 0.00 ms  (average mu = 0.996, current mu = 0.996) allocation failure; 
[57757:0xd52a000]    23318 ms: Scavenge 45.4 (61.8) -> 29.4 (61.8) MB, pooled: 0 MB, 0.14 / 0.00 ms  (average mu = 0.996, current mu = 0.996) allocation failure; 
[57757:0xd52a000]    23337 ms: Scavenge 45.4 (61.8) -> 29.4 (61.8) MB, pooled: 0 MB, 0.19 / 0.00 ms  (average mu = 0.996, current mu = 0.996) allocation failure; 
[57757:0xd52a000]    23359 ms: Scavenge 45.4 (61.8) -> 29.4 (61.8) MB, pooled: 0 MB, 0.19 / 0.00 ms  (average mu = 0.996, current mu = 0.996) allocation failure; 
[57757:0xd52a000]    23382 ms: Scavenge 45.4 (61.8) -> 29.4 (61.8) MB, pooled: 0 MB, 0.13 / 0.00 ms  (average mu = 0.996, current mu = 0.996) allocation failure; 
[57757:0xd52a000]    23405 ms: Scavenge 45.4 (61.8) -> 29.4 (61.8) MB, pooled: 0 MB, 0.12 / 0.00 ms  (average mu = 0.996, current mu = 0.996) allocation failure; 
[57757:0xd52a000]    23427 ms: Scavenge 45.4 (61.8) -> 29.4 (61.8) MB, pooled: 0 MB, 0.13 / 0.00 ms  (average mu = 0.996, current mu = 0.996) allocation failure; 
[57757:0xd52a000]    23449 ms: Scavenge 45.4 (61.8) -> 29.4 (61.8) MB, pooled: 0 MB, 0.15 / 0.00 ms  (average mu = 0.996, current mu = 0.996) allocation failure; 
[57757:0xd52a000]    23471 ms: Scavenge 45.4 (61.8) -> 29.4 (61.8) MB, pooled: 0 MB, 0.24 / 0.00 ms  (average mu = 0.996, current mu = 0.996) allocation failure; 
[57757:0xd52a000]    23496 ms: Scavenge 45.4 (61.8) -> 29.4 (61.8) MB, pooled: 0 MB, 0.13 / 0.00 ms  (average mu = 0.996, current mu = 0.996) allocation failure; 
[57757:0xd52a000]    23519 ms: Scavenge 45.4 (61.8) -> 29.4 (61.8) MB, pooled: 0 MB, 0.14 / 0.00 ms  (average mu = 0.996, current mu = 0.996) allocation failure; 
[57757:0xd52a000]    23538 ms: Scavenge 45.4 (61.8) -> 29.4 (61.8) MB, pooled: 0 MB, 0.12 / 0.00 ms  (average mu = 0.996, current mu = 0.996) allocation failure; 
[57757:0xd52a000]    23556 ms: Scavenge 45.4 (61.8) -> 29.4 (61.8) MB, pooled: 0 MB, 0.12 / 0.00 ms  (average mu = 0.996, current mu = 0.996) allocation failure; 
{"name":"regex-vs-bitset-NFA-differential","cases":43830,"passed":43830,"seed":3,"command":"node tests/run.mjs"}
{"name":"sealed-blind-reference-differential","cases":43830,"passed":43830,"seed":3,"command":"node tests/run.mjs"}
{"name":"repeat-call-purity","cases":43830,"passed":43830,"seed":3,"command":"node tests/run.mjs"}
{"name":"boolean-wrapper","cases":43830,"passed":43830,"seed":3,"command":"node tests/run.mjs"}
[57757:0xd52a000]    23592 ms: Scavenge 45.4 (61.8) -> 29.5 (61.8) MB, pooled: 0 MB, 0.20 / 0.00 ms  (average mu = 0.996, current mu = 0.996) allocation failure; 
{"name":"mutation-baseline-truth","cases":43830,"passed":43830,"seed":3,"command":"node tests/run.mjs"}
[compiling method 0x01325f3ef5e9 <JSFunction (sfi = 0x29cc44067da1)> (target MAGLEV), mode: ConcurrencyMode::kConcurrent]
[completed compiling 0x01325f3ef5e9 <JSFunction (sfi = 0x29cc44067da1)> (target MAGLEV) - took 0.001, 15.236, 0.118 ms]
[marking 0x3f35730b8231 <JSFunction lower (sfi = 0x135919c35c99)> for optimization to TURBOFAN_JS, ConcurrencyMode::kConcurrent, reason: hot and stable]
[compiling method 0x3f35730b8231 <JSFunction lower (sfi = 0x135919c35c99)> (target TURBOFAN_JS), mode: ConcurrencyMode::kConcurrent]
[completed compiling 0x3f35730b8231 <JSFunction lower (sfi = 0x135919c35c99)> (target TURBOFAN_JS) - took 0.008, 0.756, 0.026 ms]
[completed optimizing 0x3f35730b8231 <JSFunction lower (sfi = 0x135919c35c99)> (target TURBOFAN_JS)]
[marking 0x28e07d24b0c9 <JSFunction lower (sfi = 0x135919c3e8a1)> for optimization to TURBOFAN_JS, ConcurrencyMode::kConcurrent, reason: hot and stable]
[compiling method 0x28e07d24b0c9 <JSFunction lower (sfi = 0x135919c3e8a1)> (target TURBOFAN_JS), mode: ConcurrencyMode::kConcurrent]
[completed compiling 0x28e07d24b0c9 <JSFunction lower (sfi = 0x135919c3e8a1)> (target TURBOFAN_JS) - took 0.008, 0.579, 0.033 ms]
[completed optimizing 0x28e07d24b0c9 <JSFunction lower (sfi = 0x135919c3e8a1)> (target TURBOFAN_JS)]
[57757:0xd52a000]    23731 ms: Scavenge 46.4 (62.8) -> 30.0 (62.7) MB, pooled: 0 MB, 1.31 / 0.01 ms  (average mu = 0.996, current mu = 0.996) allocation failure; 
[marking 0x1f1d90cc5041 <JSFunction lower (sfi = 0x28e07d245e49)> for optimization to TURBOFAN_JS, ConcurrencyMode::kConcurrent, reason: hot and stable]
[compiling method 0x1f1d90cc5041 <JSFunction lower (sfi = 0x28e07d245e49)> (target TURBOFAN_JS), mode: ConcurrencyMode::kConcurrent]
[completed compiling 0x1f1d90cc5041 <JSFunction lower (sfi = 0x28e07d245e49)> (target TURBOFAN_JS) - took 0.010, 0.720, 0.022 ms]
[completed optimizing 0x1f1d90cc5041 <JSFunction lower (sfi = 0x28e07d245e49)> (target TURBOFAN_JS)]
[marking 0x1f1d90ccd741 <JSFunction lower (sfi = 0x1f33839c3a19)> for optimization to TURBOFAN_JS, ConcurrencyMode::kConcurrent, reason: hot and stable]
[compiling method 0x1f1d90ccd741 <JSFunction lower (sfi = 0x1f33839c3a19)> (target TURBOFAN_JS), mode: ConcurrencyMode::kConcurrent]
[completed compiling 0x1f1d90ccd741 <JSFunction lower (sfi = 0x1f33839c3a19)> (target TURBOFAN_JS) - took 0.010, 0.471, 0.018 ms]
[completed optimizing 0x1f1d90ccd741 <JSFunction lower (sfi = 0x1f33839c3a19)> (target TURBOFAN_JS)]
[57757:0xd52a000]    23842 ms: Scavenge 45.9 (62.7) -> 30.0 (63.2) MB, pooled: 0 MB, 0.74 / 0.01 ms  (average mu = 0.996, current mu = 0.996) allocation failure; 
[marking 0x1f1d90ccdb89 <JSFunction lower (sfi = 0x1f33839caca1)> for optimization to TURBOFAN_JS, ConcurrencyMode::kConcurrent, reason: hot and stable]
[compiling method 0x1f1d90ccdb89 <JSFunction lower (sfi = 0x1f33839caca1)> (target TURBOFAN_JS), mode: ConcurrencyMode::kConcurrent]
[completed compiling 0x1f1d90ccdb89 <JSFunction lower (sfi = 0x1f33839caca1)> (target TURBOFAN_JS) - took 0.009, 0.551, 0.021 ms]
[completed optimizing 0x1f1d90ccdb89 <JSFunction lower (sfi = 0x1f33839caca1)> (target TURBOFAN_JS)]
[marking 0x273824750041 <JSFunction lower (sfi = 0x28e07d2788a9)> for optimization to TURBOFAN_JS, ConcurrencyMode::kConcurrent, reason: hot and stable]
[compiling method 0x273824750041 <JSFunction lower (sfi = 0x28e07d2788a9)> (target TURBOFAN_JS), mode: ConcurrencyMode::kConcurrent]
[completed compiling 0x273824750041 <JSFunction lower (sfi = 0x28e07d2788a9)> (target TURBOFAN_JS) - took 0.009, 0.741, 0.019 ms]
[completed optimizing 0x273824750041 <JSFunction lower (sfi = 0x28e07d2788a9)> (target TURBOFAN_JS)]
[57757:0xd52a000]    23962 ms: Scavenge 45.9 (63.2) -> 30.0 (63.2) MB, pooled: 0 MB, 0.29 / 0.01 ms  (average mu = 0.996, current mu = 0.996) allocation failure; 
[marking 0x1736f270b1c9 <JSFunction lower (sfi = 0x273824761401)> for optimization to TURBOFAN_JS, ConcurrencyMode::kConcurrent, reason: hot and stable]
[compiling method 0x1736f270b1c9 <JSFunction lower (sfi = 0x273824761401)> (target TURBOFAN_JS), mode: ConcurrencyMode::kConcurrent]
[completed compiling 0x1736f270b1c9 <JSFunction lower (sfi = 0x273824761401)> (target TURBOFAN_JS) - took 0.010, 0.653, 0.173 ms]
[completed optimizing 0x1736f270b1c9 <JSFunction lower (sfi = 0x273824761401)> (target TURBOFAN_JS)]
[57757:0xd52a000]    24079 ms: Scavenge 45.9 (63.2) -> 30.0 (63.2) MB, pooled: 0 MB, 0.34 / 0.01 ms  (average mu = 0.996, current mu = 0.996) allocation failure; 
[marking 0x15f6f56af899 <JSFunction lower (sfi = 0x17ffee8322c1)> for optimization to TURBOFAN_JS, ConcurrencyMode::kConcurrent, reason: hot and stable]
[compiling method 0x15f6f56af899 <JSFunction lower (sfi = 0x17ffee8322c1)> (target TURBOFAN_JS), mode: ConcurrencyMode::kConcurrent]
[completed compiling 0x15f6f56af899 <JSFunction lower (sfi = 0x17ffee8322c1)> (target TURBOFAN_JS) - took 0.009, 0.689, 0.023 ms]
[completed optimizing 0x15f6f56af899 <JSFunction lower (sfi = 0x17ffee8322c1)> (target TURBOFAN_JS)]
[marking 0x23d8b2b3dc89 <JSFunction lower (sfi = 0x15f6f56835e1)> for optimization to TURBOFAN_JS, ConcurrencyMode::kConcurrent, reason: hot and stable]
[compiling method 0x23d8b2b3dc89 <JSFunction lower (sfi = 0x15f6f56835e1)> (target TURBOFAN_JS), mode: ConcurrencyMode::kConcurrent]
[completed compiling 0x23d8b2b3dc89 <JSFunction lower (sfi = 0x15f6f56835e1)> (target TURBOFAN_JS) - took 0.009, 1.093, 0.079 ms]
[completed optimizing 0x23d8b2b3dc89 <JSFunction lower (sfi = 0x15f6f56835e1)> (target TURBOFAN_JS)]
[57757:0xd52a000]    24213 ms: Scavenge 45.9 (63.2) -> 30.0 (63.2) MB, pooled: 0 MB, 0.36 / 0.01 ms  (average mu = 0.996, current mu = 0.996) allocation failure; 
[marking 0x15f6f56a4b29 <JSFunction lower (sfi = 0x15f6f568a181)> for optimization to TURBOFAN_JS, ConcurrencyMode::kConcurrent, reason: hot and stable]
[compiling method 0x15f6f56a4b29 <JSFunction lower (sfi = 0x15f6f568a181)> (target TURBOFAN_JS), mode: ConcurrencyMode::kConcurrent]
[completed compiling 0x15f6f56a4b29 <JSFunction lower (sfi = 0x15f6f568a181)> (target TURBOFAN_JS) - took 0.008, 0.739, 0.031 ms]
[completed optimizing 0x15f6f56a4b29 <JSFunction lower (sfi = 0x15f6f568a181)> (target TURBOFAN_JS)]
[marking 0x1f1d90ce97b9 <JSFunction lower (sfi = 0x15f6f569c101)> for optimization to TURBOFAN_JS, ConcurrencyMode::kConcurrent, reason: hot and stable]
[compiling method 0x1f1d90ce97b9 <JSFunction lower (sfi = 0x15f6f569c101)> (target TURBOFAN_JS), mode: ConcurrencyMode::kConcurrent]
[completed compiling 0x1f1d90ce97b9 <JSFunction lower (sfi = 0x15f6f569c101)> (target TURBOFAN_JS) - took 0.034, 0.527, 0.017 ms]
[completed optimizing 0x1f1d90ce97b9 <JSFunction lower (sfi = 0x15f6f569c101)> (target TURBOFAN_JS)]
[marking 0x3a7d558d9cf9 <JSFunction get hasSubscribers (sfi = 0x6cdfbd897d1)> for optimization to MAGLEV, ConcurrencyMode::kConcurrent, reason: hot and stable]
[compiling method 0x3a7d558d9cf9 <JSFunction get hasSubscribers (sfi = 0x6cdfbd897d1)> (target MAGLEV), mode: ConcurrencyMode::kConcurrent]
[completed compiling 0x3a7d558d9cf9 <JSFunction get hasSubscribers (sfi = 0x6cdfbd897d1)> (target MAGLEV) - took 0.001, 0.130, 0.001 ms]
[marking 0x1f33839cd3e1 <JSFunction lower (sfi = 0x50972311a81)> for optimization to TURBOFAN_JS, ConcurrencyMode::kConcurrent, reason: hot and stable]
[compiling method 0x1f33839cd3e1 <JSFunction lower (sfi = 0x50972311a81)> (target TURBOFAN_JS), mode: ConcurrencyMode::kConcurrent]
[completed compiling 0x1f33839cd3e1 <JSFunction lower (sfi = 0x50972311a81)> (target TURBOFAN_JS) - took 0.008, 0.568, 0.017 ms]
[completed optimizing 0x1f33839cd3e1 <JSFunction lower (sfi = 0x50972311a81)> (target TURBOFAN_JS)]
[57757:0xd52a000]    24332 ms: Scavenge 45.9 (63.2) -> 30.0 (63.2) MB, pooled: 0 MB, 0.44 / 0.01 ms  (average mu = 0.996, current mu = 0.996) allocation failure; 
[marking 0x289be09df939 <JSFunction lower (sfi = 0x50972318831)> for optimization to TURBOFAN_JS, ConcurrencyMode::kConcurrent, reason: hot and stable]
[compiling method 0x289be09df939 <JSFunction lower (sfi = 0x50972318831)> (target TURBOFAN_JS), mode: ConcurrencyMode::kConcurrent]
[completed compiling 0x289be09df939 <JSFunction lower (sfi = 0x50972318831)> (target TURBOFAN_JS) - took 0.008, 0.524, 0.140 ms]
[completed optimizing 0x289be09df939 <JSFunction lower (sfi = 0x50972318831)> (target TURBOFAN_JS)]
[marking 0x36ce11087751 <JSFunction getOptionValue (sfi = 0x3eb518e22e39)> for optimization to MAGLEV, ConcurrencyMode::kConcurrent, reason: hot and stable]
[57757:0xd52a000]    24464 ms: Scavenge 46.0 (63.2) -> 30.0 (63.2) MB, pooled: 0 MB, 0.44 / 0.01 ms  (average mu = 0.996, current mu = 0.996) allocation failure; 
[compiling method 0x36ce11087751 <JSFunction getOptionValue (sfi = 0x3eb518e22e39)> (target MAGLEV), mode: ConcurrencyMode::kConcurrent]
[completed compiling 0x36ce11087751 <JSFunction getOptionValue (sfi = 0x3eb518e22e39)> (target MAGLEV) - took 0.001, 0.243, 0.002 ms]
[marking 0x3a7d558fd289 <JSFunction isPendingDeprecation (sfi = 0x3eb518e1e619)> for optimization to MAGLEV, ConcurrencyMode::kConcurrent, reason: hot and stable]
[marking 0x355de8a84461 <JSFunction (sfi = 0x3eb518e1e539)> for optimization to MAGLEV, ConcurrencyMode::kConcurrent, reason: hot and stable]
[marking 0x01325f3ffa99 <JSFunction createHash (sfi = 0xc5fec3561f9)> for optimization to MAGLEV, ConcurrencyMode::kConcurrent, reason: hot and stable]
[compiling method 0x01325f3ffa99 <JSFunction createHash (sfi = 0xc5fec3561f9)> (target MAGLEV), mode: ConcurrencyMode::kConcurrent]
[compiling method 0x355de8a84461 <JSFunction (sfi = 0x3eb518e1e539)> (target MAGLEV), mode: ConcurrencyMode::kConcurrent]
[compiling method 0x3a7d558fd289 <JSFunction isPendingDeprecation (sfi = 0x3eb518e1e619)> (target MAGLEV), mode: ConcurrencyMode::kConcurrent]
[completed compiling 0x01325f3ffa99 <JSFunction createHash (sfi = 0xc5fec3561f9)> (target MAGLEV) - took 0.001, 0.169, 0.007 ms]
[completed compiling 0x3a7d558fd289 <JSFunction isPendingDeprecation (sfi = 0x3eb518e1e619)> (target MAGLEV) - took 0.000, 0.127, 0.002 ms]
[completed compiling 0x355de8a84461 <JSFunction (sfi = 0x3eb518e1e539)> (target MAGLEV) - took 0.001, 0.258, 0.003 ms]
[57757:0xd52a000]    24563 ms: Scavenge 46.0 (63.2) -> 30.0 (63.2) MB, pooled: 0 MB, 0.29 / 0.01 ms  (average mu = 0.996, current mu = 0.996) allocation failure; 
[57757:0xd52a000]    24629 ms: Scavenge 46.0 (63.2) -> 30.0 (63.2) MB, pooled: 0 MB, 0.27 / 0.00 ms  (average mu = 0.996, current mu = 0.996) allocation failure; 
[marking 0x355de8ab5399 <JSFunction lower (sfi = 0xc9144a6909)> for optimization to TURBOFAN_JS, ConcurrencyMode::kConcurrent, reason: hot and stable]
[compiling method 0x355de8ab5399 <JSFunction lower (sfi = 0xc9144a6909)> (target TURBOFAN_JS), mode: ConcurrencyMode::kConcurrent]
[completed compiling 0x355de8ab5399 <JSFunction lower (sfi = 0xc9144a6909)> (target TURBOFAN_JS) - took 0.011, 0.715, 0.026 ms]
[completed optimizing 0x355de8ab5399 <JSFunction lower (sfi = 0xc9144a6909)> (target TURBOFAN_JS)]
[57757:0xd52a000]    24678 ms: Scavenge 46.0 (63.2) -> 30.0 (63.2) MB, pooled: 0 MB, 0.32 / 0.00 ms  (average mu = 0.996, current mu = 0.996) allocation failure; 
[57757:0xd52a000]    24712 ms: Scavenge 46.0 (63.2) -> 30.0 (63.2) MB, pooled: 0 MB, 0.23 / 0.00 ms  (average mu = 0.996, current mu = 0.996) allocation failure; 
[57757:0xd52a000]    24751 ms: Scavenge 46.0 (63.2) -> 30.0 (63.2) MB, pooled: 0 MB, 0.15 / 0.00 ms  (average mu = 0.996, current mu = 0.996) allocation failure; 
[57757:0xd52a000]    24786 ms: Scavenge 46.0 (63.2) -> 30.0 (63.2) MB, pooled: 0 MB, 1.34 / 0.00 ms  (average mu = 0.996, current mu = 0.996) allocation failure; 
[57757:0xd52a000]    24823 ms: Scavenge 46.0 (63.2) -> 30.0 (63.2) MB, pooled: 0 MB, 0.15 / 0.00 ms  (average mu = 0.996, current mu = 0.996) allocation failure; 
[marking 0x030fbc81ec99 <JSFunction lower (sfi = 0x30fbc808231)> for optimization to TURBOFAN_JS, ConcurrencyMode::kConcurrent, reason: hot and stable]
[compiling method 0x030fbc81ec99 <JSFunction lower (sfi = 0x30fbc808231)> (target TURBOFAN_JS), mode: ConcurrencyMode::kConcurrent]
[completed compiling 0x030fbc81ec99 <JSFunction lower (sfi = 0x30fbc808231)> (target TURBOFAN_JS) - took 0.011, 0.879, 0.027 ms]
[completed optimizing 0x030fbc81ec99 <JSFunction lower (sfi = 0x30fbc808231)> (target TURBOFAN_JS)]
[57757:0xd52a000]    24868 ms: Scavenge 46.0 (63.2) -> 30.0 (63.2) MB, pooled: 0 MB, 0.30 / 0.01 ms  (average mu = 0.996, current mu = 0.996) allocation failure; 
[marking 0x030fbc81f0f9 <JSFunction lower (sfi = 0x30fbc80eea9)> for optimization to TURBOFAN_JS, ConcurrencyMode::kConcurrent, reason: hot and stable]
[compiling method 0x030fbc81f0f9 <JSFunction lower (sfi = 0x30fbc80eea9)> (target TURBOFAN_JS), mode: ConcurrencyMode::kConcurrent]
[completed compiling 0x030fbc81f0f9 <JSFunction lower (sfi = 0x30fbc80eea9)> (target TURBOFAN_JS) - took 0.009, 0.500, 0.025 ms]
[completed optimizing 0x030fbc81f0f9 <JSFunction lower (sfi = 0x30fbc80eea9)> (target TURBOFAN_JS)]
[57757:0xd52a000]    24992 ms: Scavenge 46.0 (63.2) -> 30.0 (63.2) MB, pooled: 0 MB, 0.33 / 0.01 ms  (average mu = 0.996, current mu = 0.996) allocation failure; 
[marking 0x241d72015cf9 <JSFunction lower (sfi = 0x30fbc833be9)> for optimization to TURBOFAN_JS, ConcurrencyMode::kConcurrent, reason: hot and stable]
[compiling method 0x241d72015cf9 <JSFunction lower (sfi = 0x30fbc833be9)> (target TURBOFAN_JS), mode: ConcurrencyMode::kConcurrent]
[completed compiling 0x241d72015cf9 <JSFunction lower (sfi = 0x30fbc833be9)> (target TURBOFAN_JS) - took 0.011, 1.116, 0.027 ms]
[completed optimizing 0x241d72015cf9 <JSFunction lower (sfi = 0x30fbc833be9)> (target TURBOFAN_JS)]
{"name":"25-real-executed-mutations","cases":25,"passed":25,"seed":3,"command":"node tests/run.mjs","survivors":[]}
[marking 0x3a7d558e2089 <JSFunction allocate (sfi = 0x3eb518e37b71)> for optimization to MAGLEV, ConcurrencyMode::kConcurrent, reason: hot and stable]
[compiling method 0x3a7d558e2089 <JSFunction allocate (sfi = 0x3eb518e37b71)> (target MAGLEV), mode: ConcurrencyMode::kConcurrent]
{"name":"runtime-gzip-size","cases":2,"passed":2,"seed":3,"command":"node tests/run.mjs","sourceBytes":9454,"sourceGzipBytes":4057,"compiledBytes":8014,"compiledGzipBytes":3162,"limitBytes":6000}
[completed compiling 0x3a7d558e2089 <JSFunction allocate (sfi = 0x3eb518e37b71)> (target MAGLEV) - took 0.001, 0.293, 0.011 ms]
{"name":"zero-runtime-dependencies-and-forbidden-APIs","cases":5,"passed":5,"seed":3,"command":"node tests/run.mjs"}
[compiling method 0x2232ee28a1f9 <JSFunction benchmark (sfi = 0x29cc440688b9)> (target TURBOFAN_JS), mode: ConcurrencyMode::kConcurrent]
[marking 0x1a50b2c20f89 <JSFunction (sfi = 0x30fbc83a589)> for optimization to TURBOFAN_JS, ConcurrencyMode::kConcurrent, reason: hot and stable]
[compiling method 0x1a50b2c20f89 <JSFunction (sfi = 0x30fbc83a589)> (target TURBOFAN_JS), mode: ConcurrencyMode::kConcurrent]
[completed compiling 0x1a50b2c20f89 <JSFunction (sfi = 0x30fbc83a589)> (target TURBOFAN_JS) - took 0.007, 2.577, 0.029 ms]
[completed optimizing 0x1a50b2c20f89 <JSFunction (sfi = 0x30fbc83a589)> (target TURBOFAN_JS)]
[completed compiling 0x2232ee28a1f9 <JSFunction benchmark (sfi = 0x29cc440688b9)> (target TURBOFAN_JS) - took 0.015, 16.713, 0.178 ms]
[completed optimizing 0x2232ee28a1f9 <JSFunction benchmark (sfi = 0x29cc440688b9)> (target TURBOFAN_JS)]
[57757:0xd52a000]    25129 ms: Scavenge 47.6 (64.7) -> 30.8 (95.8) MB, pooled: 0 MB, 2.17 / 0.01 ms  (average mu = 0.996, current mu = 0.996) allocation failure; 
[bailout (kind: deopt-eager, reason: Insufficient type feedback for generic named access): begin. deoptimizing 0x2232ee28a1f9 <JSFunction benchmark (sfi = 0x29cc440688b9)>, 0x16edd3bf8121 <Code TURBOFAN_JS>, opt id 323, bytecode offset 254, deopt exit 3, FP to SP delta 328, caller SP 0x7fffb599b568, pc 0x7f6bac32dc02]
[bailout (kind: deopt-eager, reason: Insufficient type feedback for call): begin. deoptimizing 0x2232ee28a1f9 <JSFunction benchmark (sfi = 0x29cc440688b9)>, 0x16edd3bf93a9 <Code TURBOFAN_JS>, opt id 327, bytecode offset 511, deopt exit 7, FP to SP delta 368, caller SP 0x7fffb599b568, pc 0x7f6bac32e79c]
[compiling method 0x2232ee28a1f9 <JSFunction benchmark (sfi = 0x29cc440688b9)> (target TURBOFAN_JS) OSR, mode: ConcurrencyMode::kConcurrent]
[bailout (kind: deopt-eager, reason: Insufficient type feedback for object literal): begin. deoptimizing 0x2232ee28a1f9 <JSFunction benchmark (sfi = 0x29cc440688b9)>, 0x2e738c5ceb81 <Code MAGLEV>, opt id 329, bytecode offset 617, deopt exit 22, FP to SP delta 280, caller SP 0x7fffb599b568, pc 0x7f6bac3e2389]
{"name":"latency-every-observed-check-under-005ms","cases":10000,"passed":9986,"seed":3,"command":"node tests/run.mjs","calls":10000,"meanMs":0.0012734763000000384,"p50Ms":0.0005610000007436611,"p99Ms":0.0044459999990067445,"maxMs":1.0945579999970505,"over005Ms":14,"outliers":[{"index":839,"input":"mckinney","timeMs":0.10635700000057113},{"index":870,"input":"Hŭngnam","timeMs":0.2138169999998354},{"index":1239,"input":"boyette","timeMs":0.1525359999977809},{"index":1481,"input":"waters","timeMs":0.15570800000205054},{"index":1512,"input":"topete","timeMs":0.4843379999983881},{"index":1940,"input":"lions","timeMs":0.23218899999847054},{"index":2147,"input":"рEп!ѕѕ","timeMs":0.1387159999976575},{"index":3903,"input":"advantages","timeMs":1.0945579999970505},{"index":3905,"input":"timmer","timeMs":0.06707299999834504},{"index":5183,"input":"ԝԝԝ-ηηηοόггE","timeMs":0.08226599999761675},{"index":7039,"input":"larrabee","timeMs":0.07336500000019441},{"index":8087,"input":"ϲϲϲηηη-ιnkkk","timeMs":0.3785589999970398},{"index":9222,"input":"brekke","timeMs":0.05664799999794923},{"index":9903,"input":"aubuchon","timeMs":0.0882290000008652}],"measurementStartMs":25174.936212,"measurementEndMs":25187.670975,"sink":94479}
[bailout (kind: deopt-eager, reason: Insufficient type feedback for generic named access): begin. deoptimizing 0x01325f3ef5e9 <JSFunction (sfi = 0x29cc44067da1)>, 0x361c18d4d889 <Code MAGLEV>, opt id 392, bytecode offset 9935, deopt exit 351, FP to SP delta 696, caller SP 0x7fffb599b838, pc 0x7f6bac4b607b]
[completed compiling 0x2232ee28a1f9 <JSFunction benchmark (sfi = 0x29cc440688b9)> (target TURBOFAN_JS) OSR - took 0.009, 5.118, 0.464 ms]
[completed optimizing 0x2232ee28a1f9 <JSFunction benchmark (sfi = 0x29cc440688b9)> (target TURBOFAN_JS) OSR]
FINAL_SUMMARY {"mode":"full","suites":82,"failures":[{"name":"delivery-file-size-and-checksums","seed":1,"cases":2,"passed":1},{"name":"latency-every-observed-check-under-005ms","seed":1,"cases":10000,"passed":9976},{"name":"delivery-file-size-and-checksums","seed":2,"cases":2,"passed":1},{"name":"latency-every-observed-check-under-005ms","seed":2,"cases":10000,"passed":9975},{"name":"delivery-file-size-and-checksums","seed":3,"cases":2,"passed":1},{"name":"latency-every-observed-check-under-005ms","seed":3,"cases":10000,"passed":9986}],"sourceSha256":"58c8fa49eb8a72522da4b13f41121a54c15b76bb6ca72f9b93bc8da561debace","referenceSha256":"962bab309ddf9cc2d8ccc7237f782d69db6aa2b603417f1a8935c3d5b167b5f6"}
[bailout (kind: deopt-eager, reason: not a Smi): begin. deoptimizing 0x36ce11087b39 <JSFunction (sfi = 0x3eb518e1b191)>, 0x16edd3bfce09 <Code MAGLEV>, opt id 342, bytecode offset 95, deopt exit 1, FP to SP delta 40, caller SP 0x7fffb599aca8, pc 0x7f6bac332646]
[57757:0xd52a000]    25197 ms: Mark-Compact 37.3 (95.8) -> 11.6 (86.1) MB, pooled: 4 MB, 3.82 / 0.00 ms  (+ 4.4 ms in 87 steps since start of marking, biggest step 0.6 ms, walltime since start of marking 12 ms) (average mu = 0.999, current mu = 1.000) finalize incremental marking via task; GC in old space requested
